--
-- PostgreSQL database dump
--

-- Dumped from database version 13.1
-- Dumped by pg_dump version 13.1

SET statement_timeout = 0;
SET lock_timeout = 0;
SET idle_in_transaction_session_timeout = 0;
SET client_encoding = 'UTF8';
SET standard_conforming_strings = on;
SELECT pg_catalog.set_config('search_path', '', false);
SET check_function_bodies = false;
SET xmloption = content;
SET client_min_messages = warning;
SET row_security = off;

ALTER TABLE IF EXISTS ONLY public.widgets DROP CONSTRAINT IF EXISTS "widgets_userId_fk";
ALTER TABLE IF EXISTS ONLY public.volumes DROP CONSTRAINT IF EXISTS "volumes_fieldLayoutId_fk";
ALTER TABLE IF EXISTS ONLY public.volumefolders DROP CONSTRAINT IF EXISTS "volumefolders_volumeId_fk";
ALTER TABLE IF EXISTS ONLY public.volumefolders DROP CONSTRAINT IF EXISTS "volumefolders_parentId_fk";
ALTER TABLE IF EXISTS ONLY public.users DROP CONSTRAINT IF EXISTS "users_photoId_fk";
ALTER TABLE IF EXISTS ONLY public.users DROP CONSTRAINT IF EXISTS users_id_fk;
ALTER TABLE IF EXISTS ONLY public.userpreferences DROP CONSTRAINT IF EXISTS "userpreferences_userId_fk";
ALTER TABLE IF EXISTS ONLY public.userpermissions_users DROP CONSTRAINT IF EXISTS "userpermissions_users_userId_fk";
ALTER TABLE IF EXISTS ONLY public.userpermissions_users DROP CONSTRAINT IF EXISTS "userpermissions_users_permissionId_fk";
ALTER TABLE IF EXISTS ONLY public.userpermissions_usergroups DROP CONSTRAINT IF EXISTS "userpermissions_usergroups_permissionId_fk";
ALTER TABLE IF EXISTS ONLY public.userpermissions_usergroups DROP CONSTRAINT IF EXISTS "userpermissions_usergroups_groupId_fk";
ALTER TABLE IF EXISTS ONLY public.usergroups_users DROP CONSTRAINT IF EXISTS "usergroups_users_userId_fk";
ALTER TABLE IF EXISTS ONLY public.usergroups_users DROP CONSTRAINT IF EXISTS "usergroups_users_groupId_fk";
ALTER TABLE IF EXISTS ONLY public.templatecaches DROP CONSTRAINT IF EXISTS "templatecaches_siteId_fk";
ALTER TABLE IF EXISTS ONLY public.templatecachequeries DROP CONSTRAINT IF EXISTS "templatecachequeries_cacheId_fk";
ALTER TABLE IF EXISTS ONLY public.templatecacheelements DROP CONSTRAINT IF EXISTS "templatecacheelements_elementId_fk";
ALTER TABLE IF EXISTS ONLY public.templatecacheelements DROP CONSTRAINT IF EXISTS "templatecacheelements_cacheId_fk";
ALTER TABLE IF EXISTS ONLY public.tags DROP CONSTRAINT IF EXISTS tags_id_fk;
ALTER TABLE IF EXISTS ONLY public.tags DROP CONSTRAINT IF EXISTS "tags_groupId_fk";
ALTER TABLE IF EXISTS ONLY public.taggroups DROP CONSTRAINT IF EXISTS "taggroups_fieldLayoutId_fk";
ALTER TABLE IF EXISTS ONLY public.structureelements DROP CONSTRAINT IF EXISTS "structureelements_structureId_fk";
ALTER TABLE IF EXISTS ONLY public.structureelements DROP CONSTRAINT IF EXISTS "structureelements_elementId_fk";
ALTER TABLE IF EXISTS ONLY public.sites DROP CONSTRAINT IF EXISTS "sites_groupId_fk";
ALTER TABLE IF EXISTS ONLY public.shunnedmessages DROP CONSTRAINT IF EXISTS "shunnedmessages_userId_fk";
ALTER TABLE IF EXISTS ONLY public.sessions DROP CONSTRAINT IF EXISTS "sessions_userId_fk";
ALTER TABLE IF EXISTS ONLY public.sections DROP CONSTRAINT IF EXISTS "sections_structureId_fk";
ALTER TABLE IF EXISTS ONLY public.sections_sites DROP CONSTRAINT IF EXISTS "sections_sites_siteId_fk";
ALTER TABLE IF EXISTS ONLY public.sections_sites DROP CONSTRAINT IF EXISTS "sections_sites_sectionId_fk";
ALTER TABLE IF EXISTS ONLY public.revisions DROP CONSTRAINT IF EXISTS "revisions_sourceId_fk";
ALTER TABLE IF EXISTS ONLY public.revisions DROP CONSTRAINT IF EXISTS "revisions_creatorId_fk";
ALTER TABLE IF EXISTS ONLY public.relations DROP CONSTRAINT IF EXISTS "relations_targetId_fk";
ALTER TABLE IF EXISTS ONLY public.relations DROP CONSTRAINT IF EXISTS "relations_sourceSiteId_fk";
ALTER TABLE IF EXISTS ONLY public.relations DROP CONSTRAINT IF EXISTS "relations_sourceId_fk";
ALTER TABLE IF EXISTS ONLY public.relations DROP CONSTRAINT IF EXISTS "relations_fieldId_fk";
ALTER TABLE IF EXISTS ONLY public.matrixblocktypes DROP CONSTRAINT IF EXISTS "matrixblocktypes_fieldLayoutId_fk";
ALTER TABLE IF EXISTS ONLY public.matrixblocktypes DROP CONSTRAINT IF EXISTS "matrixblocktypes_fieldId_fk";
ALTER TABLE IF EXISTS ONLY public.matrixblocks DROP CONSTRAINT IF EXISTS "matrixblocks_typeId_fk";
ALTER TABLE IF EXISTS ONLY public.matrixblocks DROP CONSTRAINT IF EXISTS "matrixblocks_ownerId_fk";
ALTER TABLE IF EXISTS ONLY public.matrixblocks DROP CONSTRAINT IF EXISTS matrixblocks_id_fk;
ALTER TABLE IF EXISTS ONLY public.matrixblocks DROP CONSTRAINT IF EXISTS "matrixblocks_fieldId_fk";
ALTER TABLE IF EXISTS ONLY public.gqltokens DROP CONSTRAINT IF EXISTS "gqltokens_schemaId_fk";
ALTER TABLE IF EXISTS ONLY public.globalsets DROP CONSTRAINT IF EXISTS globalsets_id_fk;
ALTER TABLE IF EXISTS ONLY public.globalsets DROP CONSTRAINT IF EXISTS "globalsets_fieldLayoutId_fk";
ALTER TABLE IF EXISTS ONLY public.fields DROP CONSTRAINT IF EXISTS "fields_groupId_fk";
ALTER TABLE IF EXISTS ONLY public.fieldlayouttabs DROP CONSTRAINT IF EXISTS "fieldlayouttabs_layoutId_fk";
ALTER TABLE IF EXISTS ONLY public.fieldlayoutfields DROP CONSTRAINT IF EXISTS "fieldlayoutfields_tabId_fk";
ALTER TABLE IF EXISTS ONLY public.fieldlayoutfields DROP CONSTRAINT IF EXISTS "fieldlayoutfields_layoutId_fk";
ALTER TABLE IF EXISTS ONLY public.fieldlayoutfields DROP CONSTRAINT IF EXISTS "fieldlayoutfields_fieldId_fk";
ALTER TABLE IF EXISTS ONLY public.entrytypes DROP CONSTRAINT IF EXISTS "entrytypes_sectionId_fk";
ALTER TABLE IF EXISTS ONLY public.entrytypes DROP CONSTRAINT IF EXISTS "entrytypes_fieldLayoutId_fk";
ALTER TABLE IF EXISTS ONLY public.entries DROP CONSTRAINT IF EXISTS "entries_typeId_fk";
ALTER TABLE IF EXISTS ONLY public.entries DROP CONSTRAINT IF EXISTS "entries_sectionId_fk";
ALTER TABLE IF EXISTS ONLY public.entries DROP CONSTRAINT IF EXISTS "entries_parentId_fk";
ALTER TABLE IF EXISTS ONLY public.entries DROP CONSTRAINT IF EXISTS entries_id_fk;
ALTER TABLE IF EXISTS ONLY public.entries DROP CONSTRAINT IF EXISTS "entries_authorId_fk";
ALTER TABLE IF EXISTS ONLY public.elements_sites DROP CONSTRAINT IF EXISTS "elements_sites_siteId_fk";
ALTER TABLE IF EXISTS ONLY public.elements_sites DROP CONSTRAINT IF EXISTS "elements_sites_elementId_fk";
ALTER TABLE IF EXISTS ONLY public.elements DROP CONSTRAINT IF EXISTS "elements_revisionId_fk";
ALTER TABLE IF EXISTS ONLY public.elements DROP CONSTRAINT IF EXISTS "elements_fieldLayoutId_fk";
ALTER TABLE IF EXISTS ONLY public.elements DROP CONSTRAINT IF EXISTS "elements_draftId_fk";
ALTER TABLE IF EXISTS ONLY public.drafts DROP CONSTRAINT IF EXISTS "drafts_sourceId_fk";
ALTER TABLE IF EXISTS ONLY public.drafts DROP CONSTRAINT IF EXISTS "drafts_creatorId_fk";
ALTER TABLE IF EXISTS ONLY public.craftidtokens DROP CONSTRAINT IF EXISTS "craftidtokens_userId_fk";
ALTER TABLE IF EXISTS ONLY public.content DROP CONSTRAINT IF EXISTS "content_siteId_fk";
ALTER TABLE IF EXISTS ONLY public.content DROP CONSTRAINT IF EXISTS "content_elementId_fk";
ALTER TABLE IF EXISTS ONLY public.changedfields DROP CONSTRAINT IF EXISTS "changedfields_userId_fk";
ALTER TABLE IF EXISTS ONLY public.changedfields DROP CONSTRAINT IF EXISTS "changedfields_siteId_fk";
ALTER TABLE IF EXISTS ONLY public.changedfields DROP CONSTRAINT IF EXISTS "changedfields_fieldId_fk";
ALTER TABLE IF EXISTS ONLY public.changedfields DROP CONSTRAINT IF EXISTS "changedfields_elementId_fk";
ALTER TABLE IF EXISTS ONLY public.changedattributes DROP CONSTRAINT IF EXISTS "changedattributes_userId_fk";
ALTER TABLE IF EXISTS ONLY public.changedattributes DROP CONSTRAINT IF EXISTS "changedattributes_siteId_fk";
ALTER TABLE IF EXISTS ONLY public.changedattributes DROP CONSTRAINT IF EXISTS "changedattributes_elementId_fk";
ALTER TABLE IF EXISTS ONLY public.categorygroups DROP CONSTRAINT IF EXISTS "categorygroups_structureId_fk";
ALTER TABLE IF EXISTS ONLY public.categorygroups_sites DROP CONSTRAINT IF EXISTS "categorygroups_sites_siteId_fk";
ALTER TABLE IF EXISTS ONLY public.categorygroups_sites DROP CONSTRAINT IF EXISTS "categorygroups_sites_groupId_fk";
ALTER TABLE IF EXISTS ONLY public.categorygroups DROP CONSTRAINT IF EXISTS "categorygroups_fieldLayoutId_fk";
ALTER TABLE IF EXISTS ONLY public.categories DROP CONSTRAINT IF EXISTS "categories_parentId_fk";
ALTER TABLE IF EXISTS ONLY public.categories DROP CONSTRAINT IF EXISTS categories_id_fk;
ALTER TABLE IF EXISTS ONLY public.categories DROP CONSTRAINT IF EXISTS "categories_groupId_fk";
ALTER TABLE IF EXISTS ONLY public.assets DROP CONSTRAINT IF EXISTS "assets_volumeId_fk";
ALTER TABLE IF EXISTS ONLY public.assets DROP CONSTRAINT IF EXISTS "assets_uploaderId_fk";
ALTER TABLE IF EXISTS ONLY public.assets DROP CONSTRAINT IF EXISTS assets_id_fk;
ALTER TABLE IF EXISTS ONLY public.assets DROP CONSTRAINT IF EXISTS "assets_folderId_fk";
ALTER TABLE IF EXISTS ONLY public.assetindexdata DROP CONSTRAINT IF EXISTS "assetindexdata_volumeId_fk";
DROP INDEX IF EXISTS public."widgets_userId_idx";
DROP INDEX IF EXISTS public.volumes_name_idx;
DROP INDEX IF EXISTS public.volumes_handle_idx;
DROP INDEX IF EXISTS public."volumes_fieldLayoutId_idx";
DROP INDEX IF EXISTS public."volumes_dateDeleted_idx";
DROP INDEX IF EXISTS public."volumefolders_volumeId_idx";
DROP INDEX IF EXISTS public."volumefolders_parentId_idx";
DROP INDEX IF EXISTS public."volumefolders_name_parentId_volumeId_unq_idx";
DROP INDEX IF EXISTS public."users_verificationCode_idx";
DROP INDEX IF EXISTS public.users_username_idx;
DROP INDEX IF EXISTS public.users_uid_idx;
DROP INDEX IF EXISTS public.users_email_idx;
DROP INDEX IF EXISTS public."userpermissions_users_userId_idx";
DROP INDEX IF EXISTS public."userpermissions_users_permissionId_userId_unq_idx";
DROP INDEX IF EXISTS public."userpermissions_usergroups_permissionId_groupId_unq_idx";
DROP INDEX IF EXISTS public."userpermissions_usergroups_groupId_idx";
DROP INDEX IF EXISTS public.userpermissions_name_unq_idx;
DROP INDEX IF EXISTS public."usergroups_users_userId_idx";
DROP INDEX IF EXISTS public."usergroups_users_groupId_userId_unq_idx";
DROP INDEX IF EXISTS public.usergroups_name_idx;
DROP INDEX IF EXISTS public.usergroups_handle_idx;
DROP INDEX IF EXISTS public.tokens_token_unq_idx;
DROP INDEX IF EXISTS public."tokens_expiryDate_idx";
DROP INDEX IF EXISTS public."templatecaches_siteId_idx";
DROP INDEX IF EXISTS public."templatecaches_cacheKey_siteId_expiryDate_path_idx";
DROP INDEX IF EXISTS public."templatecaches_cacheKey_siteId_expiryDate_idx";
DROP INDEX IF EXISTS public.templatecachequeries_type_idx;
DROP INDEX IF EXISTS public."templatecachequeries_cacheId_idx";
DROP INDEX IF EXISTS public."templatecacheelements_elementId_idx";
DROP INDEX IF EXISTS public."templatecacheelements_cacheId_idx";
DROP INDEX IF EXISTS public."tags_groupId_idx";
DROP INDEX IF EXISTS public.taggroups_name_idx;
DROP INDEX IF EXISTS public.taggroups_handle_idx;
DROP INDEX IF EXISTS public."taggroups_dateDeleted_idx";
DROP INDEX IF EXISTS public.systemmessages_language_idx;
DROP INDEX IF EXISTS public.systemmessages_key_language_unq_idx;
DROP INDEX IF EXISTS public."structures_dateDeleted_idx";
DROP INDEX IF EXISTS public."structureelements_structureId_elementId_unq_idx";
DROP INDEX IF EXISTS public.structureelements_root_idx;
DROP INDEX IF EXISTS public.structureelements_rgt_idx;
DROP INDEX IF EXISTS public.structureelements_lft_idx;
DROP INDEX IF EXISTS public.structureelements_level_idx;
DROP INDEX IF EXISTS public."structureelements_elementId_idx";
DROP INDEX IF EXISTS public."sites_sortOrder_idx";
DROP INDEX IF EXISTS public.sites_handle_idx;
DROP INDEX IF EXISTS public."sites_dateDeleted_idx";
DROP INDEX IF EXISTS public.sitegroups_name_idx;
DROP INDEX IF EXISTS public."shunnedmessages_userId_message_unq_idx";
DROP INDEX IF EXISTS public."sessions_userId_idx";
DROP INDEX IF EXISTS public.sessions_uid_idx;
DROP INDEX IF EXISTS public.sessions_token_idx;
DROP INDEX IF EXISTS public."sessions_dateUpdated_idx";
DROP INDEX IF EXISTS public."sections_structureId_idx";
DROP INDEX IF EXISTS public."sections_sites_siteId_idx";
DROP INDEX IF EXISTS public."sections_sites_sectionId_siteId_unq_idx";
DROP INDEX IF EXISTS public.sections_name_idx;
DROP INDEX IF EXISTS public.sections_handle_idx;
DROP INDEX IF EXISTS public."sections_dateDeleted_idx";
DROP INDEX IF EXISTS public.searchindex_keywords_vector_idx;
DROP INDEX IF EXISTS public.searchindex_keywords_idx;
DROP INDEX IF EXISTS public."revisions_sourceId_num_unq_idx";
DROP INDEX IF EXISTS public."relations_targetId_idx";
DROP INDEX IF EXISTS public."relations_sourceSiteId_idx";
DROP INDEX IF EXISTS public."relations_sourceId_idx";
DROP INDEX IF EXISTS public."relations_fieldId_sourceId_sourceSiteId_targetId_unq_idx";
DROP INDEX IF EXISTS public."queue_channel_fail_timeUpdated_timePushed_idx";
DROP INDEX IF EXISTS public."queue_channel_fail_timeUpdated_delay_idx";
DROP INDEX IF EXISTS public.plugins_handle_unq_idx;
DROP INDEX IF EXISTS public.migrations_track_name_unq_idx;
DROP INDEX IF EXISTS public."matrixblocktypes_name_fieldId_idx";
DROP INDEX IF EXISTS public."matrixblocktypes_handle_fieldId_idx";
DROP INDEX IF EXISTS public."matrixblocktypes_fieldLayoutId_idx";
DROP INDEX IF EXISTS public."matrixblocktypes_fieldId_idx";
DROP INDEX IF EXISTS public."matrixblocks_typeId_idx";
DROP INDEX IF EXISTS public."matrixblocks_sortOrder_idx";
DROP INDEX IF EXISTS public."matrixblocks_ownerId_idx";
DROP INDEX IF EXISTS public."matrixblocks_fieldId_idx";
DROP INDEX IF EXISTS public.gqltokens_name_unq_idx;
DROP INDEX IF EXISTS public."gqltokens_accessToken_unq_idx";
DROP INDEX IF EXISTS public.globalsets_name_idx;
DROP INDEX IF EXISTS public.globalsets_handle_idx;
DROP INDEX IF EXISTS public."globalsets_fieldLayoutId_idx";
DROP INDEX IF EXISTS public.fields_handle_context_idx;
DROP INDEX IF EXISTS public."fields_groupId_idx";
DROP INDEX IF EXISTS public.fields_context_idx;
DROP INDEX IF EXISTS public."fieldlayouttabs_sortOrder_idx";
DROP INDEX IF EXISTS public."fieldlayouttabs_layoutId_idx";
DROP INDEX IF EXISTS public.fieldlayouts_type_idx;
DROP INDEX IF EXISTS public."fieldlayouts_dateDeleted_idx";
DROP INDEX IF EXISTS public."fieldlayoutfields_tabId_idx";
DROP INDEX IF EXISTS public."fieldlayoutfields_sortOrder_idx";
DROP INDEX IF EXISTS public."fieldlayoutfields_layoutId_fieldId_unq_idx";
DROP INDEX IF EXISTS public."fieldlayoutfields_fieldId_idx";
DROP INDEX IF EXISTS public.fieldgroups_name_idx;
DROP INDEX IF EXISTS public."entrytypes_sectionId_idx";
DROP INDEX IF EXISTS public."entrytypes_name_sectionId_idx";
DROP INDEX IF EXISTS public."entrytypes_handle_sectionId_idx";
DROP INDEX IF EXISTS public."entrytypes_fieldLayoutId_idx";
DROP INDEX IF EXISTS public."entrytypes_dateDeleted_idx";
DROP INDEX IF EXISTS public."entries_typeId_idx";
DROP INDEX IF EXISTS public."entries_sectionId_idx";
DROP INDEX IF EXISTS public."entries_postDate_idx";
DROP INDEX IF EXISTS public."entries_expiryDate_idx";
DROP INDEX IF EXISTS public."entries_authorId_idx";
DROP INDEX IF EXISTS public.elements_type_idx;
DROP INDEX IF EXISTS public."elements_sites_uri_siteId_idx";
DROP INDEX IF EXISTS public."elements_sites_slug_siteId_idx";
DROP INDEX IF EXISTS public."elements_sites_siteId_idx";
DROP INDEX IF EXISTS public.elements_sites_enabled_idx;
DROP INDEX IF EXISTS public."elements_sites_elementId_siteId_unq_idx";
DROP INDEX IF EXISTS public."elements_fieldLayoutId_idx";
DROP INDEX IF EXISTS public.elements_enabled_idx;
DROP INDEX IF EXISTS public."elements_dateDeleted_idx";
DROP INDEX IF EXISTS public."elements_archived_dateDeleted_draftId_revisionId_idx";
DROP INDEX IF EXISTS public."elements_archived_dateCreated_idx";
DROP INDEX IF EXISTS public.elementindexsettings_type_unq_idx;
DROP INDEX IF EXISTS public.deprecationerrors_key_fingerprint_unq_idx;
DROP INDEX IF EXISTS public.content_title_idx;
DROP INDEX IF EXISTS public."content_siteId_idx";
DROP INDEX IF EXISTS public."content_elementId_siteId_unq_idx";
DROP INDEX IF EXISTS public."changedfields_elementId_siteId_dateUpdated_idx";
DROP INDEX IF EXISTS public."changedattributes_elementId_siteId_dateUpdated_idx";
DROP INDEX IF EXISTS public."categorygroups_structureId_idx";
DROP INDEX IF EXISTS public."categorygroups_sites_siteId_idx";
DROP INDEX IF EXISTS public."categorygroups_sites_groupId_siteId_unq_idx";
DROP INDEX IF EXISTS public.categorygroups_name_idx;
DROP INDEX IF EXISTS public.categorygroups_handle_idx;
DROP INDEX IF EXISTS public."categorygroups_fieldLayoutId_idx";
DROP INDEX IF EXISTS public."categorygroups_dateDeleted_idx";
DROP INDEX IF EXISTS public."categories_groupId_idx";
DROP INDEX IF EXISTS public.assettransforms_name_idx;
DROP INDEX IF EXISTS public.assettransforms_handle_idx;
DROP INDEX IF EXISTS public."assettransformindex_volumeId_assetId_location_idx";
DROP INDEX IF EXISTS public."assets_volumeId_idx";
DROP INDEX IF EXISTS public."assets_folderId_idx";
DROP INDEX IF EXISTS public."assets_filename_folderId_idx";
DROP INDEX IF EXISTS public."assetindexdata_volumeId_idx";
DROP INDEX IF EXISTS public."assetindexdata_sessionId_volumeId_idx";
ALTER TABLE IF EXISTS ONLY public.widgets DROP CONSTRAINT IF EXISTS widgets_pkey;
ALTER TABLE IF EXISTS ONLY public.volumes DROP CONSTRAINT IF EXISTS volumes_pkey;
ALTER TABLE IF EXISTS ONLY public.volumefolders DROP CONSTRAINT IF EXISTS volumefolders_pkey;
ALTER TABLE IF EXISTS ONLY public.users DROP CONSTRAINT IF EXISTS users_pkey;
ALTER TABLE IF EXISTS ONLY public.userpreferences DROP CONSTRAINT IF EXISTS userpreferences_pkey;
ALTER TABLE IF EXISTS ONLY public.userpermissions_users DROP CONSTRAINT IF EXISTS userpermissions_users_pkey;
ALTER TABLE IF EXISTS ONLY public.userpermissions_usergroups DROP CONSTRAINT IF EXISTS userpermissions_usergroups_pkey;
ALTER TABLE IF EXISTS ONLY public.userpermissions DROP CONSTRAINT IF EXISTS userpermissions_pkey;
ALTER TABLE IF EXISTS ONLY public.usergroups_users DROP CONSTRAINT IF EXISTS usergroups_users_pkey;
ALTER TABLE IF EXISTS ONLY public.usergroups DROP CONSTRAINT IF EXISTS usergroups_pkey;
ALTER TABLE IF EXISTS ONLY public.tokens DROP CONSTRAINT IF EXISTS tokens_pkey;
ALTER TABLE IF EXISTS ONLY public.templatecaches DROP CONSTRAINT IF EXISTS templatecaches_pkey;
ALTER TABLE IF EXISTS ONLY public.templatecachequeries DROP CONSTRAINT IF EXISTS templatecachequeries_pkey;
ALTER TABLE IF EXISTS ONLY public.templatecacheelements DROP CONSTRAINT IF EXISTS templatecacheelements_pkey;
ALTER TABLE IF EXISTS ONLY public.tags DROP CONSTRAINT IF EXISTS tags_pkey;
ALTER TABLE IF EXISTS ONLY public.taggroups DROP CONSTRAINT IF EXISTS taggroups_pkey;
ALTER TABLE IF EXISTS ONLY public.systemmessages DROP CONSTRAINT IF EXISTS systemmessages_pkey;
ALTER TABLE IF EXISTS ONLY public.structures DROP CONSTRAINT IF EXISTS structures_pkey;
ALTER TABLE IF EXISTS ONLY public.structureelements DROP CONSTRAINT IF EXISTS structureelements_pkey;
ALTER TABLE IF EXISTS ONLY public.sites DROP CONSTRAINT IF EXISTS sites_pkey;
ALTER TABLE IF EXISTS ONLY public.sitegroups DROP CONSTRAINT IF EXISTS sitegroups_pkey;
ALTER TABLE IF EXISTS ONLY public.shunnedmessages DROP CONSTRAINT IF EXISTS shunnedmessages_pkey;
ALTER TABLE IF EXISTS ONLY public.sessions DROP CONSTRAINT IF EXISTS sessions_pkey;
ALTER TABLE IF EXISTS ONLY public.sequences DROP CONSTRAINT IF EXISTS sequences_pkey;
ALTER TABLE IF EXISTS ONLY public.sections_sites DROP CONSTRAINT IF EXISTS sections_sites_pkey;
ALTER TABLE IF EXISTS ONLY public.sections DROP CONSTRAINT IF EXISTS sections_pkey;
ALTER TABLE IF EXISTS ONLY public.searchindex DROP CONSTRAINT IF EXISTS "searchindex_elementId_attribute_fieldId_siteId_unq_idx";
ALTER TABLE IF EXISTS ONLY public.revisions DROP CONSTRAINT IF EXISTS revisions_pkey;
ALTER TABLE IF EXISTS ONLY public.resourcepaths DROP CONSTRAINT IF EXISTS resourcepaths_pkey;
ALTER TABLE IF EXISTS ONLY public.relations DROP CONSTRAINT IF EXISTS relations_pkey;
ALTER TABLE IF EXISTS ONLY public.queue DROP CONSTRAINT IF EXISTS queue_pkey;
ALTER TABLE IF EXISTS ONLY public.projectconfig DROP CONSTRAINT IF EXISTS projectconfig_pkey;
ALTER TABLE IF EXISTS ONLY public.plugins DROP CONSTRAINT IF EXISTS plugins_pkey;
ALTER TABLE IF EXISTS ONLY public.migrations DROP CONSTRAINT IF EXISTS migrations_pkey;
ALTER TABLE IF EXISTS ONLY public.matrixblocktypes DROP CONSTRAINT IF EXISTS matrixblocktypes_pkey;
ALTER TABLE IF EXISTS ONLY public.matrixblocks DROP CONSTRAINT IF EXISTS matrixblocks_pkey;
ALTER TABLE IF EXISTS ONLY public.info DROP CONSTRAINT IF EXISTS info_pkey;
ALTER TABLE IF EXISTS ONLY public.gqltokens DROP CONSTRAINT IF EXISTS gqltokens_pkey;
ALTER TABLE IF EXISTS ONLY public.gqlschemas DROP CONSTRAINT IF EXISTS gqlschemas_pkey;
ALTER TABLE IF EXISTS ONLY public.globalsets DROP CONSTRAINT IF EXISTS globalsets_pkey;
ALTER TABLE IF EXISTS ONLY public.fields DROP CONSTRAINT IF EXISTS fields_pkey;
ALTER TABLE IF EXISTS ONLY public.fieldlayouttabs DROP CONSTRAINT IF EXISTS fieldlayouttabs_pkey;
ALTER TABLE IF EXISTS ONLY public.fieldlayouts DROP CONSTRAINT IF EXISTS fieldlayouts_pkey;
ALTER TABLE IF EXISTS ONLY public.fieldlayoutfields DROP CONSTRAINT IF EXISTS fieldlayoutfields_pkey;
ALTER TABLE IF EXISTS ONLY public.fieldgroups DROP CONSTRAINT IF EXISTS fieldgroups_pkey;
ALTER TABLE IF EXISTS ONLY public.entrytypes DROP CONSTRAINT IF EXISTS entrytypes_pkey;
ALTER TABLE IF EXISTS ONLY public.entries DROP CONSTRAINT IF EXISTS entries_pkey;
ALTER TABLE IF EXISTS ONLY public.elements_sites DROP CONSTRAINT IF EXISTS elements_sites_pkey;
ALTER TABLE IF EXISTS ONLY public.elements DROP CONSTRAINT IF EXISTS elements_pkey;
ALTER TABLE IF EXISTS ONLY public.elementindexsettings DROP CONSTRAINT IF EXISTS elementindexsettings_pkey;
ALTER TABLE IF EXISTS ONLY public.drafts DROP CONSTRAINT IF EXISTS drafts_pkey;
ALTER TABLE IF EXISTS ONLY public.deprecationerrors DROP CONSTRAINT IF EXISTS deprecationerrors_pkey;
ALTER TABLE IF EXISTS ONLY public.craftidtokens DROP CONSTRAINT IF EXISTS craftidtokens_pkey;
ALTER TABLE IF EXISTS ONLY public.content DROP CONSTRAINT IF EXISTS content_pkey;
ALTER TABLE IF EXISTS ONLY public.changedfields DROP CONSTRAINT IF EXISTS changedfields_pkey;
ALTER TABLE IF EXISTS ONLY public.changedattributes DROP CONSTRAINT IF EXISTS changedattributes_pkey;
ALTER TABLE IF EXISTS ONLY public.categorygroups_sites DROP CONSTRAINT IF EXISTS categorygroups_sites_pkey;
ALTER TABLE IF EXISTS ONLY public.categorygroups DROP CONSTRAINT IF EXISTS categorygroups_pkey;
ALTER TABLE IF EXISTS ONLY public.categories DROP CONSTRAINT IF EXISTS categories_pkey;
ALTER TABLE IF EXISTS ONLY public.assettransforms DROP CONSTRAINT IF EXISTS assettransforms_pkey;
ALTER TABLE IF EXISTS ONLY public.assettransformindex DROP CONSTRAINT IF EXISTS assettransformindex_pkey;
ALTER TABLE IF EXISTS ONLY public.assets DROP CONSTRAINT IF EXISTS assets_pkey;
ALTER TABLE IF EXISTS ONLY public.assetindexdata DROP CONSTRAINT IF EXISTS assetindexdata_pkey;
ALTER TABLE IF EXISTS public.widgets ALTER COLUMN id DROP DEFAULT;
ALTER TABLE IF EXISTS public.volumes ALTER COLUMN id DROP DEFAULT;
ALTER TABLE IF EXISTS public.volumefolders ALTER COLUMN id DROP DEFAULT;
ALTER TABLE IF EXISTS public.userpreferences ALTER COLUMN "userId" DROP DEFAULT;
ALTER TABLE IF EXISTS public.userpermissions_users ALTER COLUMN id DROP DEFAULT;
ALTER TABLE IF EXISTS public.userpermissions_usergroups ALTER COLUMN id DROP DEFAULT;
ALTER TABLE IF EXISTS public.userpermissions ALTER COLUMN id DROP DEFAULT;
ALTER TABLE IF EXISTS public.usergroups_users ALTER COLUMN id DROP DEFAULT;
ALTER TABLE IF EXISTS public.usergroups ALTER COLUMN id DROP DEFAULT;
ALTER TABLE IF EXISTS public.tokens ALTER COLUMN id DROP DEFAULT;
ALTER TABLE IF EXISTS public.templatecaches ALTER COLUMN id DROP DEFAULT;
ALTER TABLE IF EXISTS public.templatecachequeries ALTER COLUMN id DROP DEFAULT;
ALTER TABLE IF EXISTS public.templatecacheelements ALTER COLUMN id DROP DEFAULT;
ALTER TABLE IF EXISTS public.taggroups ALTER COLUMN id DROP DEFAULT;
ALTER TABLE IF EXISTS public.systemmessages ALTER COLUMN id DROP DEFAULT;
ALTER TABLE IF EXISTS public.structures ALTER COLUMN id DROP DEFAULT;
ALTER TABLE IF EXISTS public.structureelements ALTER COLUMN id DROP DEFAULT;
ALTER TABLE IF EXISTS public.sites ALTER COLUMN id DROP DEFAULT;
ALTER TABLE IF EXISTS public.sitegroups ALTER COLUMN id DROP DEFAULT;
ALTER TABLE IF EXISTS public.shunnedmessages ALTER COLUMN id DROP DEFAULT;
ALTER TABLE IF EXISTS public.sessions ALTER COLUMN id DROP DEFAULT;
ALTER TABLE IF EXISTS public.sections_sites ALTER COLUMN id DROP DEFAULT;
ALTER TABLE IF EXISTS public.sections ALTER COLUMN id DROP DEFAULT;
ALTER TABLE IF EXISTS public.revisions ALTER COLUMN id DROP DEFAULT;
ALTER TABLE IF EXISTS public.relations ALTER COLUMN id DROP DEFAULT;
ALTER TABLE IF EXISTS public.queue ALTER COLUMN id DROP DEFAULT;
ALTER TABLE IF EXISTS public.plugins ALTER COLUMN id DROP DEFAULT;
ALTER TABLE IF EXISTS public.migrations ALTER COLUMN id DROP DEFAULT;
ALTER TABLE IF EXISTS public.matrixblocktypes ALTER COLUMN id DROP DEFAULT;
ALTER TABLE IF EXISTS public.info ALTER COLUMN id DROP DEFAULT;
ALTER TABLE IF EXISTS public.gqltokens ALTER COLUMN id DROP DEFAULT;
ALTER TABLE IF EXISTS public.gqlschemas ALTER COLUMN id DROP DEFAULT;
ALTER TABLE IF EXISTS public.globalsets ALTER COLUMN id DROP DEFAULT;
ALTER TABLE IF EXISTS public.fields ALTER COLUMN id DROP DEFAULT;
ALTER TABLE IF EXISTS public.fieldlayouttabs ALTER COLUMN id DROP DEFAULT;
ALTER TABLE IF EXISTS public.fieldlayouts ALTER COLUMN id DROP DEFAULT;
ALTER TABLE IF EXISTS public.fieldlayoutfields ALTER COLUMN id DROP DEFAULT;
ALTER TABLE IF EXISTS public.fieldgroups ALTER COLUMN id DROP DEFAULT;
ALTER TABLE IF EXISTS public.entrytypes ALTER COLUMN id DROP DEFAULT;
ALTER TABLE IF EXISTS public.elements_sites ALTER COLUMN id DROP DEFAULT;
ALTER TABLE IF EXISTS public.elements ALTER COLUMN id DROP DEFAULT;
ALTER TABLE IF EXISTS public.elementindexsettings ALTER COLUMN id DROP DEFAULT;
ALTER TABLE IF EXISTS public.drafts ALTER COLUMN id DROP DEFAULT;
ALTER TABLE IF EXISTS public.deprecationerrors ALTER COLUMN id DROP DEFAULT;
ALTER TABLE IF EXISTS public.craftidtokens ALTER COLUMN id DROP DEFAULT;
ALTER TABLE IF EXISTS public.content ALTER COLUMN id DROP DEFAULT;
ALTER TABLE IF EXISTS public.categorygroups_sites ALTER COLUMN id DROP DEFAULT;
ALTER TABLE IF EXISTS public.categorygroups ALTER COLUMN id DROP DEFAULT;
ALTER TABLE IF EXISTS public.assettransforms ALTER COLUMN id DROP DEFAULT;
ALTER TABLE IF EXISTS public.assettransformindex ALTER COLUMN id DROP DEFAULT;
ALTER TABLE IF EXISTS public.assetindexdata ALTER COLUMN id DROP DEFAULT;
DROP SEQUENCE IF EXISTS public.widgets_id_seq;
DROP TABLE IF EXISTS public.widgets;
DROP SEQUENCE IF EXISTS public.volumes_id_seq;
DROP TABLE IF EXISTS public.volumes;
DROP SEQUENCE IF EXISTS public.volumefolders_id_seq;
DROP TABLE IF EXISTS public.volumefolders;
DROP TABLE IF EXISTS public.users;
DROP SEQUENCE IF EXISTS public."userpreferences_userId_seq";
DROP TABLE IF EXISTS public.userpreferences;
DROP SEQUENCE IF EXISTS public.userpermissions_users_id_seq;
DROP TABLE IF EXISTS public.userpermissions_users;
DROP SEQUENCE IF EXISTS public.userpermissions_usergroups_id_seq;
DROP TABLE IF EXISTS public.userpermissions_usergroups;
DROP SEQUENCE IF EXISTS public.userpermissions_id_seq;
DROP TABLE IF EXISTS public.userpermissions;
DROP SEQUENCE IF EXISTS public.usergroups_users_id_seq;
DROP TABLE IF EXISTS public.usergroups_users;
DROP SEQUENCE IF EXISTS public.usergroups_id_seq;
DROP TABLE IF EXISTS public.usergroups;
DROP SEQUENCE IF EXISTS public.tokens_id_seq;
DROP TABLE IF EXISTS public.tokens;
DROP SEQUENCE IF EXISTS public.templatecaches_id_seq;
DROP TABLE IF EXISTS public.templatecaches;
DROP SEQUENCE IF EXISTS public.templatecachequeries_id_seq;
DROP TABLE IF EXISTS public.templatecachequeries;
DROP SEQUENCE IF EXISTS public.templatecacheelements_id_seq;
DROP TABLE IF EXISTS public.templatecacheelements;
DROP TABLE IF EXISTS public.tags;
DROP SEQUENCE IF EXISTS public.taggroups_id_seq;
DROP TABLE IF EXISTS public.taggroups;
DROP SEQUENCE IF EXISTS public.systemmessages_id_seq;
DROP TABLE IF EXISTS public.systemmessages;
DROP SEQUENCE IF EXISTS public.structures_id_seq;
DROP TABLE IF EXISTS public.structures;
DROP SEQUENCE IF EXISTS public.structureelements_id_seq;
DROP TABLE IF EXISTS public.structureelements;
DROP SEQUENCE IF EXISTS public.sites_id_seq;
DROP TABLE IF EXISTS public.sites;
DROP SEQUENCE IF EXISTS public.sitegroups_id_seq;
DROP TABLE IF EXISTS public.sitegroups;
DROP SEQUENCE IF EXISTS public.shunnedmessages_id_seq;
DROP TABLE IF EXISTS public.shunnedmessages;
DROP SEQUENCE IF EXISTS public.sessions_id_seq;
DROP TABLE IF EXISTS public.sessions;
DROP TABLE IF EXISTS public.sequences;
DROP SEQUENCE IF EXISTS public.sections_sites_id_seq;
DROP TABLE IF EXISTS public.sections_sites;
DROP SEQUENCE IF EXISTS public.sections_id_seq;
DROP TABLE IF EXISTS public.sections;
DROP TABLE IF EXISTS public.searchindex;
DROP SEQUENCE IF EXISTS public.revisions_id_seq;
DROP TABLE IF EXISTS public.revisions;
DROP TABLE IF EXISTS public.resourcepaths;
DROP SEQUENCE IF EXISTS public.relations_id_seq;
DROP TABLE IF EXISTS public.relations;
DROP SEQUENCE IF EXISTS public.queue_id_seq;
DROP TABLE IF EXISTS public.queue;
DROP TABLE IF EXISTS public.projectconfig;
DROP SEQUENCE IF EXISTS public.plugins_id_seq;
DROP TABLE IF EXISTS public.plugins;
DROP SEQUENCE IF EXISTS public.migrations_id_seq;
DROP TABLE IF EXISTS public.migrations;
DROP SEQUENCE IF EXISTS public.matrixblocktypes_id_seq;
DROP TABLE IF EXISTS public.matrixblocktypes;
DROP TABLE IF EXISTS public.matrixblocks;
DROP SEQUENCE IF EXISTS public.info_id_seq;
DROP TABLE IF EXISTS public.info;
DROP SEQUENCE IF EXISTS public.gqltokens_id_seq;
DROP TABLE IF EXISTS public.gqltokens;
DROP SEQUENCE IF EXISTS public.gqlschemas_id_seq;
DROP TABLE IF EXISTS public.gqlschemas;
DROP SEQUENCE IF EXISTS public.globalsets_id_seq;
DROP TABLE IF EXISTS public.globalsets;
DROP SEQUENCE IF EXISTS public.fields_id_seq;
DROP TABLE IF EXISTS public.fields;
DROP SEQUENCE IF EXISTS public.fieldlayouttabs_id_seq;
DROP TABLE IF EXISTS public.fieldlayouttabs;
DROP SEQUENCE IF EXISTS public.fieldlayouts_id_seq;
DROP TABLE IF EXISTS public.fieldlayouts;
DROP SEQUENCE IF EXISTS public.fieldlayoutfields_id_seq;
DROP TABLE IF EXISTS public.fieldlayoutfields;
DROP SEQUENCE IF EXISTS public.fieldgroups_id_seq;
DROP TABLE IF EXISTS public.fieldgroups;
DROP SEQUENCE IF EXISTS public.entrytypes_id_seq;
DROP TABLE IF EXISTS public.entrytypes;
DROP TABLE IF EXISTS public.entries;
DROP SEQUENCE IF EXISTS public.elements_sites_id_seq;
DROP TABLE IF EXISTS public.elements_sites;
DROP SEQUENCE IF EXISTS public.elements_id_seq;
DROP TABLE IF EXISTS public.elements;
DROP SEQUENCE IF EXISTS public.elementindexsettings_id_seq;
DROP TABLE IF EXISTS public.elementindexsettings;
DROP SEQUENCE IF EXISTS public.drafts_id_seq;
DROP TABLE IF EXISTS public.drafts;
DROP SEQUENCE IF EXISTS public.deprecationerrors_id_seq;
DROP TABLE IF EXISTS public.deprecationerrors;
DROP SEQUENCE IF EXISTS public.craftidtokens_id_seq;
DROP TABLE IF EXISTS public.craftidtokens;
DROP SEQUENCE IF EXISTS public.content_id_seq;
DROP TABLE IF EXISTS public.content;
DROP TABLE IF EXISTS public.changedfields;
DROP TABLE IF EXISTS public.changedattributes;
DROP SEQUENCE IF EXISTS public.categorygroups_sites_id_seq;
DROP TABLE IF EXISTS public.categorygroups_sites;
DROP SEQUENCE IF EXISTS public.categorygroups_id_seq;
DROP TABLE IF EXISTS public.categorygroups;
DROP TABLE IF EXISTS public.categories;
DROP SEQUENCE IF EXISTS public.assettransforms_id_seq;
DROP TABLE IF EXISTS public.assettransforms;
DROP SEQUENCE IF EXISTS public.assettransformindex_id_seq;
DROP TABLE IF EXISTS public.assettransformindex;
DROP TABLE IF EXISTS public.assets;
DROP SEQUENCE IF EXISTS public.assetindexdata_id_seq;
DROP TABLE IF EXISTS public.assetindexdata;
DROP SCHEMA IF EXISTS public;
--
-- Name: public; Type: SCHEMA; Schema: -; Owner: -
--

CREATE SCHEMA public;


--
-- Name: SCHEMA public; Type: COMMENT; Schema: -; Owner: -
--

COMMENT ON SCHEMA public IS 'standard public schema';


SET default_tablespace = '';

SET default_table_access_method = heap;

--
-- Name: assetindexdata; Type: TABLE; Schema: public; Owner: -
--

CREATE TABLE public.assetindexdata (
    id integer NOT NULL,
    "sessionId" character varying(36) DEFAULT ''::character varying NOT NULL,
    "volumeId" integer NOT NULL,
    uri text,
    size bigint,
    "timestamp" timestamp(0) without time zone,
    "recordId" integer,
    "inProgress" boolean DEFAULT false,
    completed boolean DEFAULT false,
    "dateCreated" timestamp(0) without time zone NOT NULL,
    "dateUpdated" timestamp(0) without time zone NOT NULL,
    uid character(36) DEFAULT '0'::bpchar NOT NULL
);


--
-- Name: assetindexdata_id_seq; Type: SEQUENCE; Schema: public; Owner: -
--

CREATE SEQUENCE public.assetindexdata_id_seq
    AS integer
    START WITH 1
    INCREMENT BY 1
    NO MINVALUE
    NO MAXVALUE
    CACHE 1;


--
-- Name: assetindexdata_id_seq; Type: SEQUENCE OWNED BY; Schema: public; Owner: -
--

ALTER SEQUENCE public.assetindexdata_id_seq OWNED BY public.assetindexdata.id;


--
-- Name: assets; Type: TABLE; Schema: public; Owner: -
--

CREATE TABLE public.assets (
    id integer NOT NULL,
    "volumeId" integer,
    "folderId" integer NOT NULL,
    "uploaderId" integer,
    filename character varying(255) NOT NULL,
    kind character varying(50) DEFAULT 'unknown'::character varying NOT NULL,
    width integer,
    height integer,
    size bigint,
    "focalPoint" character varying(13) DEFAULT NULL::character varying,
    "deletedWithVolume" boolean,
    "keptFile" boolean,
    "dateModified" timestamp(0) without time zone,
    "dateCreated" timestamp(0) without time zone NOT NULL,
    "dateUpdated" timestamp(0) without time zone NOT NULL,
    uid character(36) DEFAULT '0'::bpchar NOT NULL
);


--
-- Name: assettransformindex; Type: TABLE; Schema: public; Owner: -
--

CREATE TABLE public.assettransformindex (
    id integer NOT NULL,
    "assetId" integer NOT NULL,
    filename character varying(255),
    format character varying(255),
    location character varying(255) NOT NULL,
    "volumeId" integer,
    "fileExists" boolean DEFAULT false NOT NULL,
    "inProgress" boolean DEFAULT false NOT NULL,
    error boolean DEFAULT false NOT NULL,
    "dateIndexed" timestamp(0) without time zone,
    "dateCreated" timestamp(0) without time zone NOT NULL,
    "dateUpdated" timestamp(0) without time zone NOT NULL,
    uid character(36) DEFAULT '0'::bpchar NOT NULL
);


--
-- Name: assettransformindex_id_seq; Type: SEQUENCE; Schema: public; Owner: -
--

CREATE SEQUENCE public.assettransformindex_id_seq
    AS integer
    START WITH 1
    INCREMENT BY 1
    NO MINVALUE
    NO MAXVALUE
    CACHE 1;


--
-- Name: assettransformindex_id_seq; Type: SEQUENCE OWNED BY; Schema: public; Owner: -
--

ALTER SEQUENCE public.assettransformindex_id_seq OWNED BY public.assettransformindex.id;


--
-- Name: assettransforms; Type: TABLE; Schema: public; Owner: -
--

CREATE TABLE public.assettransforms (
    id integer NOT NULL,
    name character varying(255) NOT NULL,
    handle character varying(255) NOT NULL,
    mode character varying(255) DEFAULT 'crop'::character varying NOT NULL,
    "position" character varying(255) DEFAULT 'center-center'::character varying NOT NULL,
    width integer,
    height integer,
    format character varying(255),
    quality integer,
    interlace character varying(255) DEFAULT 'none'::character varying NOT NULL,
    "dimensionChangeTime" timestamp(0) without time zone,
    "dateCreated" timestamp(0) without time zone NOT NULL,
    "dateUpdated" timestamp(0) without time zone NOT NULL,
    uid character(36) DEFAULT '0'::bpchar NOT NULL,
    CONSTRAINT assettransforms_interlace_check CHECK (((interlace)::text = ANY ((ARRAY['none'::character varying, 'line'::character varying, 'plane'::character varying, 'partition'::character varying])::text[]))),
    CONSTRAINT assettransforms_mode_check CHECK (((mode)::text = ANY ((ARRAY['stretch'::character varying, 'fit'::character varying, 'crop'::character varying])::text[]))),
    CONSTRAINT assettransforms_position_check CHECK ((("position")::text = ANY ((ARRAY['top-left'::character varying, 'top-center'::character varying, 'top-right'::character varying, 'center-left'::character varying, 'center-center'::character varying, 'center-right'::character varying, 'bottom-left'::character varying, 'bottom-center'::character varying, 'bottom-right'::character varying])::text[])))
);


--
-- Name: assettransforms_id_seq; Type: SEQUENCE; Schema: public; Owner: -
--

CREATE SEQUENCE public.assettransforms_id_seq
    AS integer
    START WITH 1
    INCREMENT BY 1
    NO MINVALUE
    NO MAXVALUE
    CACHE 1;


--
-- Name: assettransforms_id_seq; Type: SEQUENCE OWNED BY; Schema: public; Owner: -
--

ALTER SEQUENCE public.assettransforms_id_seq OWNED BY public.assettransforms.id;


--
-- Name: categories; Type: TABLE; Schema: public; Owner: -
--

CREATE TABLE public.categories (
    id integer NOT NULL,
    "groupId" integer NOT NULL,
    "parentId" integer,
    "deletedWithGroup" boolean,
    "dateCreated" timestamp(0) without time zone NOT NULL,
    "dateUpdated" timestamp(0) without time zone NOT NULL,
    uid character(36) DEFAULT '0'::bpchar NOT NULL
);


--
-- Name: categorygroups; Type: TABLE; Schema: public; Owner: -
--

CREATE TABLE public.categorygroups (
    id integer NOT NULL,
    "structureId" integer NOT NULL,
    "fieldLayoutId" integer,
    name character varying(255) NOT NULL,
    handle character varying(255) NOT NULL,
    "dateCreated" timestamp(0) without time zone NOT NULL,
    "dateUpdated" timestamp(0) without time zone NOT NULL,
    "dateDeleted" timestamp(0) without time zone DEFAULT NULL::timestamp without time zone,
    uid character(36) DEFAULT '0'::bpchar NOT NULL
);


--
-- Name: categorygroups_id_seq; Type: SEQUENCE; Schema: public; Owner: -
--

CREATE SEQUENCE public.categorygroups_id_seq
    AS integer
    START WITH 1
    INCREMENT BY 1
    NO MINVALUE
    NO MAXVALUE
    CACHE 1;


--
-- Name: categorygroups_id_seq; Type: SEQUENCE OWNED BY; Schema: public; Owner: -
--

ALTER SEQUENCE public.categorygroups_id_seq OWNED BY public.categorygroups.id;


--
-- Name: categorygroups_sites; Type: TABLE; Schema: public; Owner: -
--

CREATE TABLE public.categorygroups_sites (
    id integer NOT NULL,
    "groupId" integer NOT NULL,
    "siteId" integer NOT NULL,
    "hasUrls" boolean DEFAULT true NOT NULL,
    "uriFormat" text,
    template character varying(500),
    "dateCreated" timestamp(0) without time zone NOT NULL,
    "dateUpdated" timestamp(0) without time zone NOT NULL,
    uid character(36) DEFAULT '0'::bpchar NOT NULL
);


--
-- Name: categorygroups_sites_id_seq; Type: SEQUENCE; Schema: public; Owner: -
--

CREATE SEQUENCE public.categorygroups_sites_id_seq
    AS integer
    START WITH 1
    INCREMENT BY 1
    NO MINVALUE
    NO MAXVALUE
    CACHE 1;


--
-- Name: categorygroups_sites_id_seq; Type: SEQUENCE OWNED BY; Schema: public; Owner: -
--

ALTER SEQUENCE public.categorygroups_sites_id_seq OWNED BY public.categorygroups_sites.id;


--
-- Name: changedattributes; Type: TABLE; Schema: public; Owner: -
--

CREATE TABLE public.changedattributes (
    "elementId" integer NOT NULL,
    "siteId" integer NOT NULL,
    attribute character varying(255) NOT NULL,
    "dateUpdated" timestamp(0) without time zone NOT NULL,
    propagated boolean NOT NULL,
    "userId" integer
);


--
-- Name: changedfields; Type: TABLE; Schema: public; Owner: -
--

CREATE TABLE public.changedfields (
    "elementId" integer NOT NULL,
    "siteId" integer NOT NULL,
    "fieldId" integer NOT NULL,
    "dateUpdated" timestamp(0) without time zone NOT NULL,
    propagated boolean NOT NULL,
    "userId" integer
);


--
-- Name: content; Type: TABLE; Schema: public; Owner: -
--

CREATE TABLE public.content (
    id integer NOT NULL,
    "elementId" integer NOT NULL,
    "siteId" integer NOT NULL,
    title character varying(255),
    "dateCreated" timestamp(0) without time zone NOT NULL,
    "dateUpdated" timestamp(0) without time zone NOT NULL,
    uid character(36) DEFAULT '0'::bpchar NOT NULL,
    field_body text,
    field_excerpt character varying(1600),
    field_videohtml text,
    field_faq text,
    field_meta_titel character varying(280),
    field_meta_description character varying(640),
    field_person_firstname text,
    field_person_lastname text,
    field_person_salutation character varying(255),
    field_person_position character varying(255),
    field_email text,
    field_phone text,
    field_facebook text,
    field_twitter text,
    field_xing text,
    field_linkedin text,
    field_person_title text,
    field_article_date_old time(0) without time zone,
    field_event_date_old time(0) without time zone,
    field_hall smallint,
    field_booth text,
    field_event_date timestamp(0) without time zone,
    field_article_date timestamp(0) without time zone,
    field_address_name text,
    field_address_street text,
    field_address_postalcode text,
    field_address_city text,
    field_address_country character varying(8),
    field_website text,
    field_fax text,
    field_person_email text,
    field_instagram text,
    field_youtube text,
    field_industryarena text,
    field_vdw_id text,
    field_vdw_auftrag text,
    field_event_year smallint,
    field_sektor_id text,
    field_body_raw text
);


--
-- Name: content_id_seq; Type: SEQUENCE; Schema: public; Owner: -
--

CREATE SEQUENCE public.content_id_seq
    AS integer
    START WITH 1
    INCREMENT BY 1
    NO MINVALUE
    NO MAXVALUE
    CACHE 1;


--
-- Name: content_id_seq; Type: SEQUENCE OWNED BY; Schema: public; Owner: -
--

ALTER SEQUENCE public.content_id_seq OWNED BY public.content.id;


--
-- Name: craftidtokens; Type: TABLE; Schema: public; Owner: -
--

CREATE TABLE public.craftidtokens (
    id integer NOT NULL,
    "userId" integer NOT NULL,
    "accessToken" text NOT NULL,
    "expiryDate" timestamp(0) without time zone,
    "dateCreated" timestamp(0) without time zone NOT NULL,
    "dateUpdated" timestamp(0) without time zone NOT NULL,
    uid character(36) DEFAULT '0'::bpchar NOT NULL
);


--
-- Name: craftidtokens_id_seq; Type: SEQUENCE; Schema: public; Owner: -
--

CREATE SEQUENCE public.craftidtokens_id_seq
    AS integer
    START WITH 1
    INCREMENT BY 1
    NO MINVALUE
    NO MAXVALUE
    CACHE 1;


--
-- Name: craftidtokens_id_seq; Type: SEQUENCE OWNED BY; Schema: public; Owner: -
--

ALTER SEQUENCE public.craftidtokens_id_seq OWNED BY public.craftidtokens.id;


--
-- Name: deprecationerrors; Type: TABLE; Schema: public; Owner: -
--

CREATE TABLE public.deprecationerrors (
    id integer NOT NULL,
    key character varying(255) NOT NULL,
    fingerprint character varying(255) NOT NULL,
    "lastOccurrence" timestamp(0) without time zone NOT NULL,
    file character varying(255) NOT NULL,
    line smallint,
    message text,
    traces text,
    "dateCreated" timestamp(0) without time zone NOT NULL,
    "dateUpdated" timestamp(0) without time zone NOT NULL,
    uid character(36) DEFAULT '0'::bpchar NOT NULL
);


--
-- Name: deprecationerrors_id_seq; Type: SEQUENCE; Schema: public; Owner: -
--

CREATE SEQUENCE public.deprecationerrors_id_seq
    AS integer
    START WITH 1
    INCREMENT BY 1
    NO MINVALUE
    NO MAXVALUE
    CACHE 1;


--
-- Name: deprecationerrors_id_seq; Type: SEQUENCE OWNED BY; Schema: public; Owner: -
--

ALTER SEQUENCE public.deprecationerrors_id_seq OWNED BY public.deprecationerrors.id;


--
-- Name: drafts; Type: TABLE; Schema: public; Owner: -
--

CREATE TABLE public.drafts (
    id integer NOT NULL,
    "sourceId" integer,
    "creatorId" integer,
    name character varying(255) NOT NULL,
    notes text,
    "trackChanges" boolean DEFAULT false NOT NULL,
    "dateLastMerged" timestamp(0) without time zone
);


--
-- Name: drafts_id_seq; Type: SEQUENCE; Schema: public; Owner: -
--

CREATE SEQUENCE public.drafts_id_seq
    AS integer
    START WITH 1
    INCREMENT BY 1
    NO MINVALUE
    NO MAXVALUE
    CACHE 1;


--
-- Name: drafts_id_seq; Type: SEQUENCE OWNED BY; Schema: public; Owner: -
--

ALTER SEQUENCE public.drafts_id_seq OWNED BY public.drafts.id;


--
-- Name: elementindexsettings; Type: TABLE; Schema: public; Owner: -
--

CREATE TABLE public.elementindexsettings (
    id integer NOT NULL,
    type character varying(255) NOT NULL,
    settings text,
    "dateCreated" timestamp(0) without time zone NOT NULL,
    "dateUpdated" timestamp(0) without time zone NOT NULL,
    uid character(36) DEFAULT '0'::bpchar NOT NULL
);


--
-- Name: elementindexsettings_id_seq; Type: SEQUENCE; Schema: public; Owner: -
--

CREATE SEQUENCE public.elementindexsettings_id_seq
    AS integer
    START WITH 1
    INCREMENT BY 1
    NO MINVALUE
    NO MAXVALUE
    CACHE 1;


--
-- Name: elementindexsettings_id_seq; Type: SEQUENCE OWNED BY; Schema: public; Owner: -
--

ALTER SEQUENCE public.elementindexsettings_id_seq OWNED BY public.elementindexsettings.id;


--
-- Name: elements; Type: TABLE; Schema: public; Owner: -
--

CREATE TABLE public.elements (
    id integer NOT NULL,
    "draftId" integer,
    "revisionId" integer,
    "fieldLayoutId" integer,
    type character varying(255) NOT NULL,
    enabled boolean DEFAULT true NOT NULL,
    archived boolean DEFAULT false NOT NULL,
    "dateCreated" timestamp(0) without time zone NOT NULL,
    "dateUpdated" timestamp(0) without time zone NOT NULL,
    "dateDeleted" timestamp(0) without time zone DEFAULT NULL::timestamp without time zone,
    uid character(36) DEFAULT '0'::bpchar NOT NULL
);


--
-- Name: elements_id_seq; Type: SEQUENCE; Schema: public; Owner: -
--

CREATE SEQUENCE public.elements_id_seq
    AS integer
    START WITH 1
    INCREMENT BY 1
    NO MINVALUE
    NO MAXVALUE
    CACHE 1;


--
-- Name: elements_id_seq; Type: SEQUENCE OWNED BY; Schema: public; Owner: -
--

ALTER SEQUENCE public.elements_id_seq OWNED BY public.elements.id;


--
-- Name: elements_sites; Type: TABLE; Schema: public; Owner: -
--

CREATE TABLE public.elements_sites (
    id integer NOT NULL,
    "elementId" integer NOT NULL,
    "siteId" integer NOT NULL,
    slug character varying(255),
    uri character varying(255),
    enabled boolean DEFAULT true NOT NULL,
    "dateCreated" timestamp(0) without time zone NOT NULL,
    "dateUpdated" timestamp(0) without time zone NOT NULL,
    uid character(36) DEFAULT '0'::bpchar NOT NULL
);


--
-- Name: elements_sites_id_seq; Type: SEQUENCE; Schema: public; Owner: -
--

CREATE SEQUENCE public.elements_sites_id_seq
    AS integer
    START WITH 1
    INCREMENT BY 1
    NO MINVALUE
    NO MAXVALUE
    CACHE 1;


--
-- Name: elements_sites_id_seq; Type: SEQUENCE OWNED BY; Schema: public; Owner: -
--

ALTER SEQUENCE public.elements_sites_id_seq OWNED BY public.elements_sites.id;


--
-- Name: entries; Type: TABLE; Schema: public; Owner: -
--

CREATE TABLE public.entries (
    id integer NOT NULL,
    "sectionId" integer NOT NULL,
    "parentId" integer,
    "typeId" integer NOT NULL,
    "authorId" integer,
    "postDate" timestamp(0) without time zone,
    "expiryDate" timestamp(0) without time zone,
    "deletedWithEntryType" boolean,
    "dateCreated" timestamp(0) without time zone NOT NULL,
    "dateUpdated" timestamp(0) without time zone NOT NULL,
    uid character(36) DEFAULT '0'::bpchar NOT NULL
);


--
-- Name: entrytypes; Type: TABLE; Schema: public; Owner: -
--

CREATE TABLE public.entrytypes (
    id integer NOT NULL,
    "sectionId" integer NOT NULL,
    "fieldLayoutId" integer,
    name character varying(255) NOT NULL,
    handle character varying(255) NOT NULL,
    "hasTitleField" boolean DEFAULT true NOT NULL,
    "titleTranslationMethod" character varying(255) DEFAULT 'site'::character varying NOT NULL,
    "titleTranslationKeyFormat" text,
    "titleFormat" character varying(255),
    "sortOrder" smallint,
    "dateCreated" timestamp(0) without time zone NOT NULL,
    "dateUpdated" timestamp(0) without time zone NOT NULL,
    "dateDeleted" timestamp(0) without time zone DEFAULT NULL::timestamp without time zone,
    uid character(36) DEFAULT '0'::bpchar NOT NULL
);


--
-- Name: entrytypes_id_seq; Type: SEQUENCE; Schema: public; Owner: -
--

CREATE SEQUENCE public.entrytypes_id_seq
    AS integer
    START WITH 1
    INCREMENT BY 1
    NO MINVALUE
    NO MAXVALUE
    CACHE 1;


--
-- Name: entrytypes_id_seq; Type: SEQUENCE OWNED BY; Schema: public; Owner: -
--

ALTER SEQUENCE public.entrytypes_id_seq OWNED BY public.entrytypes.id;


--
-- Name: fieldgroups; Type: TABLE; Schema: public; Owner: -
--

CREATE TABLE public.fieldgroups (
    id integer NOT NULL,
    name character varying(255) NOT NULL,
    "dateCreated" timestamp(0) without time zone NOT NULL,
    "dateUpdated" timestamp(0) without time zone NOT NULL,
    uid character(36) DEFAULT '0'::bpchar NOT NULL
);


--
-- Name: fieldgroups_id_seq; Type: SEQUENCE; Schema: public; Owner: -
--

CREATE SEQUENCE public.fieldgroups_id_seq
    AS integer
    START WITH 1
    INCREMENT BY 1
    NO MINVALUE
    NO MAXVALUE
    CACHE 1;


--
-- Name: fieldgroups_id_seq; Type: SEQUENCE OWNED BY; Schema: public; Owner: -
--

ALTER SEQUENCE public.fieldgroups_id_seq OWNED BY public.fieldgroups.id;


--
-- Name: fieldlayoutfields; Type: TABLE; Schema: public; Owner: -
--

CREATE TABLE public.fieldlayoutfields (
    id integer NOT NULL,
    "layoutId" integer NOT NULL,
    "tabId" integer NOT NULL,
    "fieldId" integer NOT NULL,
    required boolean DEFAULT false NOT NULL,
    "sortOrder" smallint,
    "dateCreated" timestamp(0) without time zone NOT NULL,
    "dateUpdated" timestamp(0) without time zone NOT NULL,
    uid character(36) DEFAULT '0'::bpchar NOT NULL
);


--
-- Name: fieldlayoutfields_id_seq; Type: SEQUENCE; Schema: public; Owner: -
--

CREATE SEQUENCE public.fieldlayoutfields_id_seq
    AS integer
    START WITH 1
    INCREMENT BY 1
    NO MINVALUE
    NO MAXVALUE
    CACHE 1;


--
-- Name: fieldlayoutfields_id_seq; Type: SEQUENCE OWNED BY; Schema: public; Owner: -
--

ALTER SEQUENCE public.fieldlayoutfields_id_seq OWNED BY public.fieldlayoutfields.id;


--
-- Name: fieldlayouts; Type: TABLE; Schema: public; Owner: -
--

CREATE TABLE public.fieldlayouts (
    id integer NOT NULL,
    type character varying(255) NOT NULL,
    "dateCreated" timestamp(0) without time zone NOT NULL,
    "dateUpdated" timestamp(0) without time zone NOT NULL,
    "dateDeleted" timestamp(0) without time zone DEFAULT NULL::timestamp without time zone,
    uid character(36) DEFAULT '0'::bpchar NOT NULL
);


--
-- Name: fieldlayouts_id_seq; Type: SEQUENCE; Schema: public; Owner: -
--

CREATE SEQUENCE public.fieldlayouts_id_seq
    AS integer
    START WITH 1
    INCREMENT BY 1
    NO MINVALUE
    NO MAXVALUE
    CACHE 1;


--
-- Name: fieldlayouts_id_seq; Type: SEQUENCE OWNED BY; Schema: public; Owner: -
--

ALTER SEQUENCE public.fieldlayouts_id_seq OWNED BY public.fieldlayouts.id;


--
-- Name: fieldlayouttabs; Type: TABLE; Schema: public; Owner: -
--

CREATE TABLE public.fieldlayouttabs (
    id integer NOT NULL,
    "layoutId" integer NOT NULL,
    name character varying(255) NOT NULL,
    elements text,
    "sortOrder" smallint,
    "dateCreated" timestamp(0) without time zone NOT NULL,
    "dateUpdated" timestamp(0) without time zone NOT NULL,
    uid character(36) DEFAULT '0'::bpchar NOT NULL
);


--
-- Name: fieldlayouttabs_id_seq; Type: SEQUENCE; Schema: public; Owner: -
--

CREATE SEQUENCE public.fieldlayouttabs_id_seq
    AS integer
    START WITH 1
    INCREMENT BY 1
    NO MINVALUE
    NO MAXVALUE
    CACHE 1;


--
-- Name: fieldlayouttabs_id_seq; Type: SEQUENCE OWNED BY; Schema: public; Owner: -
--

ALTER SEQUENCE public.fieldlayouttabs_id_seq OWNED BY public.fieldlayouttabs.id;


--
-- Name: fields; Type: TABLE; Schema: public; Owner: -
--

CREATE TABLE public.fields (
    id integer NOT NULL,
    "groupId" integer,
    name character varying(255) NOT NULL,
    handle character varying(64) NOT NULL,
    context character varying(255) DEFAULT 'global'::character varying NOT NULL,
    instructions text,
    searchable boolean DEFAULT true NOT NULL,
    "translationMethod" character varying(255) DEFAULT 'none'::character varying NOT NULL,
    "translationKeyFormat" text,
    type character varying(255) NOT NULL,
    settings text,
    "dateCreated" timestamp(0) without time zone NOT NULL,
    "dateUpdated" timestamp(0) without time zone NOT NULL,
    uid character(36) DEFAULT '0'::bpchar NOT NULL
);


--
-- Name: fields_id_seq; Type: SEQUENCE; Schema: public; Owner: -
--

CREATE SEQUENCE public.fields_id_seq
    AS integer
    START WITH 1
    INCREMENT BY 1
    NO MINVALUE
    NO MAXVALUE
    CACHE 1;


--
-- Name: fields_id_seq; Type: SEQUENCE OWNED BY; Schema: public; Owner: -
--

ALTER SEQUENCE public.fields_id_seq OWNED BY public.fields.id;


--
-- Name: globalsets; Type: TABLE; Schema: public; Owner: -
--

CREATE TABLE public.globalsets (
    id integer NOT NULL,
    name character varying(255) NOT NULL,
    handle character varying(255) NOT NULL,
    "fieldLayoutId" integer,
    "dateCreated" timestamp(0) without time zone NOT NULL,
    "dateUpdated" timestamp(0) without time zone NOT NULL,
    uid character(36) DEFAULT '0'::bpchar NOT NULL
);


--
-- Name: globalsets_id_seq; Type: SEQUENCE; Schema: public; Owner: -
--

CREATE SEQUENCE public.globalsets_id_seq
    AS integer
    START WITH 1
    INCREMENT BY 1
    NO MINVALUE
    NO MAXVALUE
    CACHE 1;


--
-- Name: globalsets_id_seq; Type: SEQUENCE OWNED BY; Schema: public; Owner: -
--

ALTER SEQUENCE public.globalsets_id_seq OWNED BY public.globalsets.id;


--
-- Name: gqlschemas; Type: TABLE; Schema: public; Owner: -
--

CREATE TABLE public.gqlschemas (
    id integer NOT NULL,
    name character varying(255) NOT NULL,
    scope text,
    "isPublic" boolean DEFAULT false NOT NULL,
    "dateCreated" timestamp(0) without time zone NOT NULL,
    "dateUpdated" timestamp(0) without time zone NOT NULL,
    uid character(36) DEFAULT '0'::bpchar NOT NULL
);


--
-- Name: gqlschemas_id_seq; Type: SEQUENCE; Schema: public; Owner: -
--

CREATE SEQUENCE public.gqlschemas_id_seq
    AS integer
    START WITH 1
    INCREMENT BY 1
    NO MINVALUE
    NO MAXVALUE
    CACHE 1;


--
-- Name: gqlschemas_id_seq; Type: SEQUENCE OWNED BY; Schema: public; Owner: -
--

ALTER SEQUENCE public.gqlschemas_id_seq OWNED BY public.gqlschemas.id;


--
-- Name: gqltokens; Type: TABLE; Schema: public; Owner: -
--

CREATE TABLE public.gqltokens (
    id integer NOT NULL,
    name character varying(255) NOT NULL,
    "accessToken" character varying(255) NOT NULL,
    enabled boolean DEFAULT true NOT NULL,
    "expiryDate" timestamp(0) without time zone,
    "lastUsed" timestamp(0) without time zone,
    "schemaId" integer,
    "dateCreated" timestamp(0) without time zone NOT NULL,
    "dateUpdated" timestamp(0) without time zone NOT NULL,
    uid character(36) DEFAULT '0'::bpchar NOT NULL
);


--
-- Name: gqltokens_id_seq; Type: SEQUENCE; Schema: public; Owner: -
--

CREATE SEQUENCE public.gqltokens_id_seq
    AS integer
    START WITH 1
    INCREMENT BY 1
    NO MINVALUE
    NO MAXVALUE
    CACHE 1;


--
-- Name: gqltokens_id_seq; Type: SEQUENCE OWNED BY; Schema: public; Owner: -
--

ALTER SEQUENCE public.gqltokens_id_seq OWNED BY public.gqltokens.id;


--
-- Name: info; Type: TABLE; Schema: public; Owner: -
--

CREATE TABLE public.info (
    id integer NOT NULL,
    version character varying(50) NOT NULL,
    "schemaVersion" character varying(15) NOT NULL,
    maintenance boolean DEFAULT false NOT NULL,
    "configVersion" character(12) DEFAULT '000000000000'::bpchar NOT NULL,
    "fieldVersion" character(12) DEFAULT '000000000000'::bpchar NOT NULL,
    "dateCreated" timestamp(0) without time zone NOT NULL,
    "dateUpdated" timestamp(0) without time zone NOT NULL,
    uid character(36) DEFAULT '0'::bpchar NOT NULL
);


--
-- Name: info_id_seq; Type: SEQUENCE; Schema: public; Owner: -
--

CREATE SEQUENCE public.info_id_seq
    AS integer
    START WITH 1
    INCREMENT BY 1
    NO MINVALUE
    NO MAXVALUE
    CACHE 1;


--
-- Name: info_id_seq; Type: SEQUENCE OWNED BY; Schema: public; Owner: -
--

ALTER SEQUENCE public.info_id_seq OWNED BY public.info.id;


--
-- Name: matrixblocks; Type: TABLE; Schema: public; Owner: -
--

CREATE TABLE public.matrixblocks (
    id integer NOT NULL,
    "ownerId" integer NOT NULL,
    "fieldId" integer NOT NULL,
    "typeId" integer NOT NULL,
    "sortOrder" smallint,
    "deletedWithOwner" boolean,
    "dateCreated" timestamp(0) without time zone NOT NULL,
    "dateUpdated" timestamp(0) without time zone NOT NULL,
    uid character(36) DEFAULT '0'::bpchar NOT NULL
);


--
-- Name: matrixblocktypes; Type: TABLE; Schema: public; Owner: -
--

CREATE TABLE public.matrixblocktypes (
    id integer NOT NULL,
    "fieldId" integer NOT NULL,
    "fieldLayoutId" integer,
    name character varying(255) NOT NULL,
    handle character varying(255) NOT NULL,
    "sortOrder" smallint,
    "dateCreated" timestamp(0) without time zone NOT NULL,
    "dateUpdated" timestamp(0) without time zone NOT NULL,
    uid character(36) DEFAULT '0'::bpchar NOT NULL
);


--
-- Name: matrixblocktypes_id_seq; Type: SEQUENCE; Schema: public; Owner: -
--

CREATE SEQUENCE public.matrixblocktypes_id_seq
    AS integer
    START WITH 1
    INCREMENT BY 1
    NO MINVALUE
    NO MAXVALUE
    CACHE 1;


--
-- Name: matrixblocktypes_id_seq; Type: SEQUENCE OWNED BY; Schema: public; Owner: -
--

ALTER SEQUENCE public.matrixblocktypes_id_seq OWNED BY public.matrixblocktypes.id;


--
-- Name: migrations; Type: TABLE; Schema: public; Owner: -
--

CREATE TABLE public.migrations (
    id integer NOT NULL,
    track character varying(255) NOT NULL,
    name character varying(255) NOT NULL,
    "applyTime" timestamp(0) without time zone NOT NULL,
    "dateCreated" timestamp(0) without time zone NOT NULL,
    "dateUpdated" timestamp(0) without time zone NOT NULL,
    uid character(36) DEFAULT '0'::bpchar NOT NULL
);


--
-- Name: migrations_id_seq; Type: SEQUENCE; Schema: public; Owner: -
--

CREATE SEQUENCE public.migrations_id_seq
    AS integer
    START WITH 1
    INCREMENT BY 1
    NO MINVALUE
    NO MAXVALUE
    CACHE 1;


--
-- Name: migrations_id_seq; Type: SEQUENCE OWNED BY; Schema: public; Owner: -
--

ALTER SEQUENCE public.migrations_id_seq OWNED BY public.migrations.id;


--
-- Name: plugins; Type: TABLE; Schema: public; Owner: -
--

CREATE TABLE public.plugins (
    id integer NOT NULL,
    handle character varying(255) NOT NULL,
    version character varying(255) NOT NULL,
    "schemaVersion" character varying(255) NOT NULL,
    "licenseKeyStatus" character varying(255) DEFAULT 'unknown'::character varying NOT NULL,
    "licensedEdition" character varying(255),
    "installDate" timestamp(0) without time zone NOT NULL,
    "dateCreated" timestamp(0) without time zone NOT NULL,
    "dateUpdated" timestamp(0) without time zone NOT NULL,
    uid character(36) DEFAULT '0'::bpchar NOT NULL,
    CONSTRAINT "plugins_licenseKeyStatus_check" CHECK ((("licenseKeyStatus")::text = ANY ((ARRAY['valid'::character varying, 'trial'::character varying, 'invalid'::character varying, 'mismatched'::character varying, 'astray'::character varying, 'unknown'::character varying])::text[])))
);


--
-- Name: plugins_id_seq; Type: SEQUENCE; Schema: public; Owner: -
--

CREATE SEQUENCE public.plugins_id_seq
    AS integer
    START WITH 1
    INCREMENT BY 1
    NO MINVALUE
    NO MAXVALUE
    CACHE 1;


--
-- Name: plugins_id_seq; Type: SEQUENCE OWNED BY; Schema: public; Owner: -
--

ALTER SEQUENCE public.plugins_id_seq OWNED BY public.plugins.id;


--
-- Name: projectconfig; Type: TABLE; Schema: public; Owner: -
--

CREATE TABLE public.projectconfig (
    path character varying(255) NOT NULL,
    value text NOT NULL
);


--
-- Name: queue; Type: TABLE; Schema: public; Owner: -
--

CREATE TABLE public.queue (
    id integer NOT NULL,
    channel character varying(255) DEFAULT 'queue'::character varying NOT NULL,
    job bytea NOT NULL,
    description text,
    "timePushed" integer NOT NULL,
    ttr integer NOT NULL,
    delay integer DEFAULT 0 NOT NULL,
    priority integer DEFAULT 1024 NOT NULL,
    "dateReserved" timestamp(0) without time zone,
    "timeUpdated" integer,
    progress smallint DEFAULT 0 NOT NULL,
    "progressLabel" character varying(255),
    attempt integer,
    fail boolean DEFAULT false,
    "dateFailed" timestamp(0) without time zone,
    error text
);


--
-- Name: queue_id_seq; Type: SEQUENCE; Schema: public; Owner: -
--

CREATE SEQUENCE public.queue_id_seq
    AS integer
    START WITH 1
    INCREMENT BY 1
    NO MINVALUE
    NO MAXVALUE
    CACHE 1;


--
-- Name: queue_id_seq; Type: SEQUENCE OWNED BY; Schema: public; Owner: -
--

ALTER SEQUENCE public.queue_id_seq OWNED BY public.queue.id;


--
-- Name: relations; Type: TABLE; Schema: public; Owner: -
--

CREATE TABLE public.relations (
    id integer NOT NULL,
    "fieldId" integer NOT NULL,
    "sourceId" integer NOT NULL,
    "sourceSiteId" integer,
    "targetId" integer NOT NULL,
    "sortOrder" smallint,
    "dateCreated" timestamp(0) without time zone NOT NULL,
    "dateUpdated" timestamp(0) without time zone NOT NULL,
    uid character(36) DEFAULT '0'::bpchar NOT NULL
);


--
-- Name: relations_id_seq; Type: SEQUENCE; Schema: public; Owner: -
--

CREATE SEQUENCE public.relations_id_seq
    AS integer
    START WITH 1
    INCREMENT BY 1
    NO MINVALUE
    NO MAXVALUE
    CACHE 1;


--
-- Name: relations_id_seq; Type: SEQUENCE OWNED BY; Schema: public; Owner: -
--

ALTER SEQUENCE public.relations_id_seq OWNED BY public.relations.id;


--
-- Name: resourcepaths; Type: TABLE; Schema: public; Owner: -
--

CREATE TABLE public.resourcepaths (
    hash character varying(255) NOT NULL,
    path character varying(255) NOT NULL
);


--
-- Name: revisions; Type: TABLE; Schema: public; Owner: -
--

CREATE TABLE public.revisions (
    id integer NOT NULL,
    "sourceId" integer NOT NULL,
    "creatorId" integer,
    num integer NOT NULL,
    notes text
);


--
-- Name: revisions_id_seq; Type: SEQUENCE; Schema: public; Owner: -
--

CREATE SEQUENCE public.revisions_id_seq
    AS integer
    START WITH 1
    INCREMENT BY 1
    NO MINVALUE
    NO MAXVALUE
    CACHE 1;


--
-- Name: revisions_id_seq; Type: SEQUENCE OWNED BY; Schema: public; Owner: -
--

ALTER SEQUENCE public.revisions_id_seq OWNED BY public.revisions.id;


--
-- Name: searchindex; Type: TABLE; Schema: public; Owner: -
--

CREATE TABLE public.searchindex (
    "elementId" integer NOT NULL,
    attribute character varying(25) NOT NULL,
    "fieldId" integer NOT NULL,
    "siteId" integer NOT NULL,
    keywords text NOT NULL,
    keywords_vector tsvector NOT NULL
);


--
-- Name: sections; Type: TABLE; Schema: public; Owner: -
--

CREATE TABLE public.sections (
    id integer NOT NULL,
    "structureId" integer,
    name character varying(255) NOT NULL,
    handle character varying(255) NOT NULL,
    type character varying(255) DEFAULT 'channel'::character varying NOT NULL,
    "enableVersioning" boolean DEFAULT false NOT NULL,
    "propagationMethod" character varying(255) DEFAULT 'all'::character varying NOT NULL,
    "previewTargets" text,
    "dateCreated" timestamp(0) without time zone NOT NULL,
    "dateUpdated" timestamp(0) without time zone NOT NULL,
    "dateDeleted" timestamp(0) without time zone DEFAULT NULL::timestamp without time zone,
    uid character(36) DEFAULT '0'::bpchar NOT NULL,
    CONSTRAINT sections_type_check CHECK (((type)::text = ANY ((ARRAY['single'::character varying, 'channel'::character varying, 'structure'::character varying])::text[])))
);


--
-- Name: sections_id_seq; Type: SEQUENCE; Schema: public; Owner: -
--

CREATE SEQUENCE public.sections_id_seq
    AS integer
    START WITH 1
    INCREMENT BY 1
    NO MINVALUE
    NO MAXVALUE
    CACHE 1;


--
-- Name: sections_id_seq; Type: SEQUENCE OWNED BY; Schema: public; Owner: -
--

ALTER SEQUENCE public.sections_id_seq OWNED BY public.sections.id;


--
-- Name: sections_sites; Type: TABLE; Schema: public; Owner: -
--

CREATE TABLE public.sections_sites (
    id integer NOT NULL,
    "sectionId" integer NOT NULL,
    "siteId" integer NOT NULL,
    "hasUrls" boolean DEFAULT true NOT NULL,
    "uriFormat" text,
    template character varying(500),
    "enabledByDefault" boolean DEFAULT true NOT NULL,
    "dateCreated" timestamp(0) without time zone NOT NULL,
    "dateUpdated" timestamp(0) without time zone NOT NULL,
    uid character(36) DEFAULT '0'::bpchar NOT NULL
);


--
-- Name: sections_sites_id_seq; Type: SEQUENCE; Schema: public; Owner: -
--

CREATE SEQUENCE public.sections_sites_id_seq
    AS integer
    START WITH 1
    INCREMENT BY 1
    NO MINVALUE
    NO MAXVALUE
    CACHE 1;


--
-- Name: sections_sites_id_seq; Type: SEQUENCE OWNED BY; Schema: public; Owner: -
--

ALTER SEQUENCE public.sections_sites_id_seq OWNED BY public.sections_sites.id;


--
-- Name: sequences; Type: TABLE; Schema: public; Owner: -
--

CREATE TABLE public.sequences (
    name character varying(255) NOT NULL,
    next integer DEFAULT 1 NOT NULL
);


--
-- Name: sessions; Type: TABLE; Schema: public; Owner: -
--

CREATE TABLE public.sessions (
    id integer NOT NULL,
    "userId" integer NOT NULL,
    token character(100) NOT NULL,
    "dateCreated" timestamp(0) without time zone NOT NULL,
    "dateUpdated" timestamp(0) without time zone NOT NULL,
    uid character(36) DEFAULT '0'::bpchar NOT NULL
);


--
-- Name: sessions_id_seq; Type: SEQUENCE; Schema: public; Owner: -
--

CREATE SEQUENCE public.sessions_id_seq
    AS integer
    START WITH 1
    INCREMENT BY 1
    NO MINVALUE
    NO MAXVALUE
    CACHE 1;


--
-- Name: sessions_id_seq; Type: SEQUENCE OWNED BY; Schema: public; Owner: -
--

ALTER SEQUENCE public.sessions_id_seq OWNED BY public.sessions.id;


--
-- Name: shunnedmessages; Type: TABLE; Schema: public; Owner: -
--

CREATE TABLE public.shunnedmessages (
    id integer NOT NULL,
    "userId" integer NOT NULL,
    message character varying(255) NOT NULL,
    "expiryDate" timestamp(0) without time zone,
    "dateCreated" timestamp(0) without time zone NOT NULL,
    "dateUpdated" timestamp(0) without time zone NOT NULL,
    uid character(36) DEFAULT '0'::bpchar NOT NULL
);


--
-- Name: shunnedmessages_id_seq; Type: SEQUENCE; Schema: public; Owner: -
--

CREATE SEQUENCE public.shunnedmessages_id_seq
    AS integer
    START WITH 1
    INCREMENT BY 1
    NO MINVALUE
    NO MAXVALUE
    CACHE 1;


--
-- Name: shunnedmessages_id_seq; Type: SEQUENCE OWNED BY; Schema: public; Owner: -
--

ALTER SEQUENCE public.shunnedmessages_id_seq OWNED BY public.shunnedmessages.id;


--
-- Name: sitegroups; Type: TABLE; Schema: public; Owner: -
--

CREATE TABLE public.sitegroups (
    id integer NOT NULL,
    name character varying(255) NOT NULL,
    "dateCreated" timestamp(0) without time zone NOT NULL,
    "dateUpdated" timestamp(0) without time zone NOT NULL,
    "dateDeleted" timestamp(0) without time zone DEFAULT NULL::timestamp without time zone,
    uid character(36) DEFAULT '0'::bpchar NOT NULL
);


--
-- Name: sitegroups_id_seq; Type: SEQUENCE; Schema: public; Owner: -
--

CREATE SEQUENCE public.sitegroups_id_seq
    AS integer
    START WITH 1
    INCREMENT BY 1
    NO MINVALUE
    NO MAXVALUE
    CACHE 1;


--
-- Name: sitegroups_id_seq; Type: SEQUENCE OWNED BY; Schema: public; Owner: -
--

ALTER SEQUENCE public.sitegroups_id_seq OWNED BY public.sitegroups.id;


--
-- Name: sites; Type: TABLE; Schema: public; Owner: -
--

CREATE TABLE public.sites (
    id integer NOT NULL,
    "groupId" integer NOT NULL,
    "primary" boolean NOT NULL,
    enabled boolean DEFAULT true NOT NULL,
    name character varying(255) NOT NULL,
    handle character varying(255) NOT NULL,
    language character varying(12) NOT NULL,
    "hasUrls" boolean DEFAULT false NOT NULL,
    "baseUrl" character varying(255),
    "sortOrder" smallint,
    "dateCreated" timestamp(0) without time zone NOT NULL,
    "dateUpdated" timestamp(0) without time zone NOT NULL,
    "dateDeleted" timestamp(0) without time zone DEFAULT NULL::timestamp without time zone,
    uid character(36) DEFAULT '0'::bpchar NOT NULL
);


--
-- Name: sites_id_seq; Type: SEQUENCE; Schema: public; Owner: -
--

CREATE SEQUENCE public.sites_id_seq
    AS integer
    START WITH 1
    INCREMENT BY 1
    NO MINVALUE
    NO MAXVALUE
    CACHE 1;


--
-- Name: sites_id_seq; Type: SEQUENCE OWNED BY; Schema: public; Owner: -
--

ALTER SEQUENCE public.sites_id_seq OWNED BY public.sites.id;


--
-- Name: structureelements; Type: TABLE; Schema: public; Owner: -
--

CREATE TABLE public.structureelements (
    id integer NOT NULL,
    "structureId" integer NOT NULL,
    "elementId" integer,
    root integer,
    lft integer NOT NULL,
    rgt integer NOT NULL,
    level smallint NOT NULL,
    "dateCreated" timestamp(0) without time zone NOT NULL,
    "dateUpdated" timestamp(0) without time zone NOT NULL,
    uid character(36) DEFAULT '0'::bpchar NOT NULL
);


--
-- Name: structureelements_id_seq; Type: SEQUENCE; Schema: public; Owner: -
--

CREATE SEQUENCE public.structureelements_id_seq
    AS integer
    START WITH 1
    INCREMENT BY 1
    NO MINVALUE
    NO MAXVALUE
    CACHE 1;


--
-- Name: structureelements_id_seq; Type: SEQUENCE OWNED BY; Schema: public; Owner: -
--

ALTER SEQUENCE public.structureelements_id_seq OWNED BY public.structureelements.id;


--
-- Name: structures; Type: TABLE; Schema: public; Owner: -
--

CREATE TABLE public.structures (
    id integer NOT NULL,
    "maxLevels" smallint,
    "dateCreated" timestamp(0) without time zone NOT NULL,
    "dateUpdated" timestamp(0) without time zone NOT NULL,
    "dateDeleted" timestamp(0) without time zone DEFAULT NULL::timestamp without time zone,
    uid character(36) DEFAULT '0'::bpchar NOT NULL
);


--
-- Name: structures_id_seq; Type: SEQUENCE; Schema: public; Owner: -
--

CREATE SEQUENCE public.structures_id_seq
    AS integer
    START WITH 1
    INCREMENT BY 1
    NO MINVALUE
    NO MAXVALUE
    CACHE 1;


--
-- Name: structures_id_seq; Type: SEQUENCE OWNED BY; Schema: public; Owner: -
--

ALTER SEQUENCE public.structures_id_seq OWNED BY public.structures.id;


--
-- Name: systemmessages; Type: TABLE; Schema: public; Owner: -
--

CREATE TABLE public.systemmessages (
    id integer NOT NULL,
    language character varying(255) NOT NULL,
    key character varying(255) NOT NULL,
    subject text NOT NULL,
    body text NOT NULL,
    "dateCreated" timestamp(0) without time zone NOT NULL,
    "dateUpdated" timestamp(0) without time zone NOT NULL,
    uid character(36) DEFAULT '0'::bpchar NOT NULL
);


--
-- Name: systemmessages_id_seq; Type: SEQUENCE; Schema: public; Owner: -
--

CREATE SEQUENCE public.systemmessages_id_seq
    AS integer
    START WITH 1
    INCREMENT BY 1
    NO MINVALUE
    NO MAXVALUE
    CACHE 1;


--
-- Name: systemmessages_id_seq; Type: SEQUENCE OWNED BY; Schema: public; Owner: -
--

ALTER SEQUENCE public.systemmessages_id_seq OWNED BY public.systemmessages.id;


--
-- Name: taggroups; Type: TABLE; Schema: public; Owner: -
--

CREATE TABLE public.taggroups (
    id integer NOT NULL,
    name character varying(255) NOT NULL,
    handle character varying(255) NOT NULL,
    "fieldLayoutId" integer,
    "dateCreated" timestamp(0) without time zone NOT NULL,
    "dateUpdated" timestamp(0) without time zone NOT NULL,
    "dateDeleted" timestamp(0) without time zone DEFAULT NULL::timestamp without time zone,
    uid character(36) DEFAULT '0'::bpchar NOT NULL
);


--
-- Name: taggroups_id_seq; Type: SEQUENCE; Schema: public; Owner: -
--

CREATE SEQUENCE public.taggroups_id_seq
    AS integer
    START WITH 1
    INCREMENT BY 1
    NO MINVALUE
    NO MAXVALUE
    CACHE 1;


--
-- Name: taggroups_id_seq; Type: SEQUENCE OWNED BY; Schema: public; Owner: -
--

ALTER SEQUENCE public.taggroups_id_seq OWNED BY public.taggroups.id;


--
-- Name: tags; Type: TABLE; Schema: public; Owner: -
--

CREATE TABLE public.tags (
    id integer NOT NULL,
    "groupId" integer NOT NULL,
    "deletedWithGroup" boolean,
    "dateCreated" timestamp(0) without time zone NOT NULL,
    "dateUpdated" timestamp(0) without time zone NOT NULL,
    uid character(36) DEFAULT '0'::bpchar NOT NULL
);


--
-- Name: templatecacheelements; Type: TABLE; Schema: public; Owner: -
--

CREATE TABLE public.templatecacheelements (
    id integer NOT NULL,
    "cacheId" integer NOT NULL,
    "elementId" integer NOT NULL
);


--
-- Name: templatecacheelements_id_seq; Type: SEQUENCE; Schema: public; Owner: -
--

CREATE SEQUENCE public.templatecacheelements_id_seq
    AS integer
    START WITH 1
    INCREMENT BY 1
    NO MINVALUE
    NO MAXVALUE
    CACHE 1;


--
-- Name: templatecacheelements_id_seq; Type: SEQUENCE OWNED BY; Schema: public; Owner: -
--

ALTER SEQUENCE public.templatecacheelements_id_seq OWNED BY public.templatecacheelements.id;


--
-- Name: templatecachequeries; Type: TABLE; Schema: public; Owner: -
--

CREATE TABLE public.templatecachequeries (
    id integer NOT NULL,
    "cacheId" integer NOT NULL,
    type character varying(255) NOT NULL,
    query text NOT NULL
);


--
-- Name: templatecachequeries_id_seq; Type: SEQUENCE; Schema: public; Owner: -
--

CREATE SEQUENCE public.templatecachequeries_id_seq
    AS integer
    START WITH 1
    INCREMENT BY 1
    NO MINVALUE
    NO MAXVALUE
    CACHE 1;


--
-- Name: templatecachequeries_id_seq; Type: SEQUENCE OWNED BY; Schema: public; Owner: -
--

ALTER SEQUENCE public.templatecachequeries_id_seq OWNED BY public.templatecachequeries.id;


--
-- Name: templatecaches; Type: TABLE; Schema: public; Owner: -
--

CREATE TABLE public.templatecaches (
    id integer NOT NULL,
    "siteId" integer NOT NULL,
    "cacheKey" character varying(255) NOT NULL,
    path character varying(255),
    "expiryDate" timestamp(0) without time zone NOT NULL,
    body text NOT NULL
);


--
-- Name: templatecaches_id_seq; Type: SEQUENCE; Schema: public; Owner: -
--

CREATE SEQUENCE public.templatecaches_id_seq
    AS integer
    START WITH 1
    INCREMENT BY 1
    NO MINVALUE
    NO MAXVALUE
    CACHE 1;


--
-- Name: templatecaches_id_seq; Type: SEQUENCE OWNED BY; Schema: public; Owner: -
--

ALTER SEQUENCE public.templatecaches_id_seq OWNED BY public.templatecaches.id;


--
-- Name: tokens; Type: TABLE; Schema: public; Owner: -
--

CREATE TABLE public.tokens (
    id integer NOT NULL,
    token character(32) NOT NULL,
    route text,
    "usageLimit" smallint,
    "usageCount" smallint,
    "expiryDate" timestamp(0) without time zone NOT NULL,
    "dateCreated" timestamp(0) without time zone NOT NULL,
    "dateUpdated" timestamp(0) without time zone NOT NULL,
    uid character(36) DEFAULT '0'::bpchar NOT NULL
);


--
-- Name: tokens_id_seq; Type: SEQUENCE; Schema: public; Owner: -
--

CREATE SEQUENCE public.tokens_id_seq
    AS integer
    START WITH 1
    INCREMENT BY 1
    NO MINVALUE
    NO MAXVALUE
    CACHE 1;


--
-- Name: tokens_id_seq; Type: SEQUENCE OWNED BY; Schema: public; Owner: -
--

ALTER SEQUENCE public.tokens_id_seq OWNED BY public.tokens.id;


--
-- Name: usergroups; Type: TABLE; Schema: public; Owner: -
--

CREATE TABLE public.usergroups (
    id integer NOT NULL,
    name character varying(255) NOT NULL,
    handle character varying(255) NOT NULL,
    description text,
    "dateCreated" timestamp(0) without time zone NOT NULL,
    "dateUpdated" timestamp(0) without time zone NOT NULL,
    uid character(36) DEFAULT '0'::bpchar NOT NULL
);


--
-- Name: usergroups_id_seq; Type: SEQUENCE; Schema: public; Owner: -
--

CREATE SEQUENCE public.usergroups_id_seq
    AS integer
    START WITH 1
    INCREMENT BY 1
    NO MINVALUE
    NO MAXVALUE
    CACHE 1;


--
-- Name: usergroups_id_seq; Type: SEQUENCE OWNED BY; Schema: public; Owner: -
--

ALTER SEQUENCE public.usergroups_id_seq OWNED BY public.usergroups.id;


--
-- Name: usergroups_users; Type: TABLE; Schema: public; Owner: -
--

CREATE TABLE public.usergroups_users (
    id integer NOT NULL,
    "groupId" integer NOT NULL,
    "userId" integer NOT NULL,
    "dateCreated" timestamp(0) without time zone NOT NULL,
    "dateUpdated" timestamp(0) without time zone NOT NULL,
    uid character(36) DEFAULT '0'::bpchar NOT NULL
);


--
-- Name: usergroups_users_id_seq; Type: SEQUENCE; Schema: public; Owner: -
--

CREATE SEQUENCE public.usergroups_users_id_seq
    AS integer
    START WITH 1
    INCREMENT BY 1
    NO MINVALUE
    NO MAXVALUE
    CACHE 1;


--
-- Name: usergroups_users_id_seq; Type: SEQUENCE OWNED BY; Schema: public; Owner: -
--

ALTER SEQUENCE public.usergroups_users_id_seq OWNED BY public.usergroups_users.id;


--
-- Name: userpermissions; Type: TABLE; Schema: public; Owner: -
--

CREATE TABLE public.userpermissions (
    id integer NOT NULL,
    name character varying(255) NOT NULL,
    "dateCreated" timestamp(0) without time zone NOT NULL,
    "dateUpdated" timestamp(0) without time zone NOT NULL,
    uid character(36) DEFAULT '0'::bpchar NOT NULL
);


--
-- Name: userpermissions_id_seq; Type: SEQUENCE; Schema: public; Owner: -
--

CREATE SEQUENCE public.userpermissions_id_seq
    AS integer
    START WITH 1
    INCREMENT BY 1
    NO MINVALUE
    NO MAXVALUE
    CACHE 1;


--
-- Name: userpermissions_id_seq; Type: SEQUENCE OWNED BY; Schema: public; Owner: -
--

ALTER SEQUENCE public.userpermissions_id_seq OWNED BY public.userpermissions.id;


--
-- Name: userpermissions_usergroups; Type: TABLE; Schema: public; Owner: -
--

CREATE TABLE public.userpermissions_usergroups (
    id integer NOT NULL,
    "permissionId" integer NOT NULL,
    "groupId" integer NOT NULL,
    "dateCreated" timestamp(0) without time zone NOT NULL,
    "dateUpdated" timestamp(0) without time zone NOT NULL,
    uid character(36) DEFAULT '0'::bpchar NOT NULL
);


--
-- Name: userpermissions_usergroups_id_seq; Type: SEQUENCE; Schema: public; Owner: -
--

CREATE SEQUENCE public.userpermissions_usergroups_id_seq
    AS integer
    START WITH 1
    INCREMENT BY 1
    NO MINVALUE
    NO MAXVALUE
    CACHE 1;


--
-- Name: userpermissions_usergroups_id_seq; Type: SEQUENCE OWNED BY; Schema: public; Owner: -
--

ALTER SEQUENCE public.userpermissions_usergroups_id_seq OWNED BY public.userpermissions_usergroups.id;


--
-- Name: userpermissions_users; Type: TABLE; Schema: public; Owner: -
--

CREATE TABLE public.userpermissions_users (
    id integer NOT NULL,
    "permissionId" integer NOT NULL,
    "userId" integer NOT NULL,
    "dateCreated" timestamp(0) without time zone NOT NULL,
    "dateUpdated" timestamp(0) without time zone NOT NULL,
    uid character(36) DEFAULT '0'::bpchar NOT NULL
);


--
-- Name: userpermissions_users_id_seq; Type: SEQUENCE; Schema: public; Owner: -
--

CREATE SEQUENCE public.userpermissions_users_id_seq
    AS integer
    START WITH 1
    INCREMENT BY 1
    NO MINVALUE
    NO MAXVALUE
    CACHE 1;


--
-- Name: userpermissions_users_id_seq; Type: SEQUENCE OWNED BY; Schema: public; Owner: -
--

ALTER SEQUENCE public.userpermissions_users_id_seq OWNED BY public.userpermissions_users.id;


--
-- Name: userpreferences; Type: TABLE; Schema: public; Owner: -
--

CREATE TABLE public.userpreferences (
    "userId" integer NOT NULL,
    preferences text
);


--
-- Name: userpreferences_userId_seq; Type: SEQUENCE; Schema: public; Owner: -
--

CREATE SEQUENCE public."userpreferences_userId_seq"
    AS integer
    START WITH 1
    INCREMENT BY 1
    NO MINVALUE
    NO MAXVALUE
    CACHE 1;


--
-- Name: userpreferences_userId_seq; Type: SEQUENCE OWNED BY; Schema: public; Owner: -
--

ALTER SEQUENCE public."userpreferences_userId_seq" OWNED BY public.userpreferences."userId";


--
-- Name: users; Type: TABLE; Schema: public; Owner: -
--

CREATE TABLE public.users (
    id integer NOT NULL,
    username character varying(100) NOT NULL,
    "photoId" integer,
    "firstName" character varying(100),
    "lastName" character varying(100),
    email character varying(255) NOT NULL,
    password character varying(255),
    admin boolean DEFAULT false NOT NULL,
    locked boolean DEFAULT false NOT NULL,
    suspended boolean DEFAULT false NOT NULL,
    pending boolean DEFAULT false NOT NULL,
    "lastLoginDate" timestamp(0) without time zone,
    "lastLoginAttemptIp" character varying(45),
    "invalidLoginWindowStart" timestamp(0) without time zone,
    "invalidLoginCount" smallint,
    "lastInvalidLoginDate" timestamp(0) without time zone,
    "lockoutDate" timestamp(0) without time zone,
    "hasDashboard" boolean DEFAULT false NOT NULL,
    "verificationCode" character varying(255),
    "verificationCodeIssuedDate" timestamp(0) without time zone,
    "unverifiedEmail" character varying(255),
    "passwordResetRequired" boolean DEFAULT false NOT NULL,
    "lastPasswordChangeDate" timestamp(0) without time zone,
    "dateCreated" timestamp(0) without time zone NOT NULL,
    "dateUpdated" timestamp(0) without time zone NOT NULL,
    uid character(36) DEFAULT '0'::bpchar NOT NULL
);


--
-- Name: volumefolders; Type: TABLE; Schema: public; Owner: -
--

CREATE TABLE public.volumefolders (
    id integer NOT NULL,
    "parentId" integer,
    "volumeId" integer,
    name character varying(255) NOT NULL,
    path character varying(255),
    "dateCreated" timestamp(0) without time zone NOT NULL,
    "dateUpdated" timestamp(0) without time zone NOT NULL,
    uid character(36) DEFAULT '0'::bpchar NOT NULL
);


--
-- Name: volumefolders_id_seq; Type: SEQUENCE; Schema: public; Owner: -
--

CREATE SEQUENCE public.volumefolders_id_seq
    AS integer
    START WITH 1
    INCREMENT BY 1
    NO MINVALUE
    NO MAXVALUE
    CACHE 1;


--
-- Name: volumefolders_id_seq; Type: SEQUENCE OWNED BY; Schema: public; Owner: -
--

ALTER SEQUENCE public.volumefolders_id_seq OWNED BY public.volumefolders.id;


--
-- Name: volumes; Type: TABLE; Schema: public; Owner: -
--

CREATE TABLE public.volumes (
    id integer NOT NULL,
    "fieldLayoutId" integer,
    name character varying(255) NOT NULL,
    handle character varying(255) NOT NULL,
    type character varying(255) NOT NULL,
    "hasUrls" boolean DEFAULT true NOT NULL,
    url character varying(255),
    settings text,
    "sortOrder" smallint,
    "dateCreated" timestamp(0) without time zone NOT NULL,
    "dateUpdated" timestamp(0) without time zone NOT NULL,
    "dateDeleted" timestamp(0) without time zone DEFAULT NULL::timestamp without time zone,
    uid character(36) DEFAULT '0'::bpchar NOT NULL,
    "titleTranslationMethod" character varying(255) DEFAULT 'site'::character varying NOT NULL,
    "titleTranslationKeyFormat" text
);


--
-- Name: volumes_id_seq; Type: SEQUENCE; Schema: public; Owner: -
--

CREATE SEQUENCE public.volumes_id_seq
    AS integer
    START WITH 1
    INCREMENT BY 1
    NO MINVALUE
    NO MAXVALUE
    CACHE 1;


--
-- Name: volumes_id_seq; Type: SEQUENCE OWNED BY; Schema: public; Owner: -
--

ALTER SEQUENCE public.volumes_id_seq OWNED BY public.volumes.id;


--
-- Name: widgets; Type: TABLE; Schema: public; Owner: -
--

CREATE TABLE public.widgets (
    id integer NOT NULL,
    "userId" integer NOT NULL,
    type character varying(255) NOT NULL,
    "sortOrder" smallint,
    colspan smallint,
    settings text,
    enabled boolean DEFAULT true NOT NULL,
    "dateCreated" timestamp(0) without time zone NOT NULL,
    "dateUpdated" timestamp(0) without time zone NOT NULL,
    uid character(36) DEFAULT '0'::bpchar NOT NULL
);


--
-- Name: widgets_id_seq; Type: SEQUENCE; Schema: public; Owner: -
--

CREATE SEQUENCE public.widgets_id_seq
    AS integer
    START WITH 1
    INCREMENT BY 1
    NO MINVALUE
    NO MAXVALUE
    CACHE 1;


--
-- Name: widgets_id_seq; Type: SEQUENCE OWNED BY; Schema: public; Owner: -
--

ALTER SEQUENCE public.widgets_id_seq OWNED BY public.widgets.id;


--
-- Name: assetindexdata id; Type: DEFAULT; Schema: public; Owner: -
--

ALTER TABLE ONLY public.assetindexdata ALTER COLUMN id SET DEFAULT nextval('public.assetindexdata_id_seq'::regclass);


--
-- Name: assettransformindex id; Type: DEFAULT; Schema: public; Owner: -
--

ALTER TABLE ONLY public.assettransformindex ALTER COLUMN id SET DEFAULT nextval('public.assettransformindex_id_seq'::regclass);


--
-- Name: assettransforms id; Type: DEFAULT; Schema: public; Owner: -
--

ALTER TABLE ONLY public.assettransforms ALTER COLUMN id SET DEFAULT nextval('public.assettransforms_id_seq'::regclass);


--
-- Name: categorygroups id; Type: DEFAULT; Schema: public; Owner: -
--

ALTER TABLE ONLY public.categorygroups ALTER COLUMN id SET DEFAULT nextval('public.categorygroups_id_seq'::regclass);


--
-- Name: categorygroups_sites id; Type: DEFAULT; Schema: public; Owner: -
--

ALTER TABLE ONLY public.categorygroups_sites ALTER COLUMN id SET DEFAULT nextval('public.categorygroups_sites_id_seq'::regclass);


--
-- Name: content id; Type: DEFAULT; Schema: public; Owner: -
--

ALTER TABLE ONLY public.content ALTER COLUMN id SET DEFAULT nextval('public.content_id_seq'::regclass);


--
-- Name: craftidtokens id; Type: DEFAULT; Schema: public; Owner: -
--

ALTER TABLE ONLY public.craftidtokens ALTER COLUMN id SET DEFAULT nextval('public.craftidtokens_id_seq'::regclass);


--
-- Name: deprecationerrors id; Type: DEFAULT; Schema: public; Owner: -
--

ALTER TABLE ONLY public.deprecationerrors ALTER COLUMN id SET DEFAULT nextval('public.deprecationerrors_id_seq'::regclass);


--
-- Name: drafts id; Type: DEFAULT; Schema: public; Owner: -
--

ALTER TABLE ONLY public.drafts ALTER COLUMN id SET DEFAULT nextval('public.drafts_id_seq'::regclass);


--
-- Name: elementindexsettings id; Type: DEFAULT; Schema: public; Owner: -
--

ALTER TABLE ONLY public.elementindexsettings ALTER COLUMN id SET DEFAULT nextval('public.elementindexsettings_id_seq'::regclass);


--
-- Name: elements id; Type: DEFAULT; Schema: public; Owner: -
--

ALTER TABLE ONLY public.elements ALTER COLUMN id SET DEFAULT nextval('public.elements_id_seq'::regclass);


--
-- Name: elements_sites id; Type: DEFAULT; Schema: public; Owner: -
--

ALTER TABLE ONLY public.elements_sites ALTER COLUMN id SET DEFAULT nextval('public.elements_sites_id_seq'::regclass);


--
-- Name: entrytypes id; Type: DEFAULT; Schema: public; Owner: -
--

ALTER TABLE ONLY public.entrytypes ALTER COLUMN id SET DEFAULT nextval('public.entrytypes_id_seq'::regclass);


--
-- Name: fieldgroups id; Type: DEFAULT; Schema: public; Owner: -
--

ALTER TABLE ONLY public.fieldgroups ALTER COLUMN id SET DEFAULT nextval('public.fieldgroups_id_seq'::regclass);


--
-- Name: fieldlayoutfields id; Type: DEFAULT; Schema: public; Owner: -
--

ALTER TABLE ONLY public.fieldlayoutfields ALTER COLUMN id SET DEFAULT nextval('public.fieldlayoutfields_id_seq'::regclass);


--
-- Name: fieldlayouts id; Type: DEFAULT; Schema: public; Owner: -
--

ALTER TABLE ONLY public.fieldlayouts ALTER COLUMN id SET DEFAULT nextval('public.fieldlayouts_id_seq'::regclass);


--
-- Name: fieldlayouttabs id; Type: DEFAULT; Schema: public; Owner: -
--

ALTER TABLE ONLY public.fieldlayouttabs ALTER COLUMN id SET DEFAULT nextval('public.fieldlayouttabs_id_seq'::regclass);


--
-- Name: fields id; Type: DEFAULT; Schema: public; Owner: -
--

ALTER TABLE ONLY public.fields ALTER COLUMN id SET DEFAULT nextval('public.fields_id_seq'::regclass);


--
-- Name: globalsets id; Type: DEFAULT; Schema: public; Owner: -
--

ALTER TABLE ONLY public.globalsets ALTER COLUMN id SET DEFAULT nextval('public.globalsets_id_seq'::regclass);


--
-- Name: gqlschemas id; Type: DEFAULT; Schema: public; Owner: -
--

ALTER TABLE ONLY public.gqlschemas ALTER COLUMN id SET DEFAULT nextval('public.gqlschemas_id_seq'::regclass);


--
-- Name: gqltokens id; Type: DEFAULT; Schema: public; Owner: -
--

ALTER TABLE ONLY public.gqltokens ALTER COLUMN id SET DEFAULT nextval('public.gqltokens_id_seq'::regclass);


--
-- Name: info id; Type: DEFAULT; Schema: public; Owner: -
--

ALTER TABLE ONLY public.info ALTER COLUMN id SET DEFAULT nextval('public.info_id_seq'::regclass);


--
-- Name: matrixblocktypes id; Type: DEFAULT; Schema: public; Owner: -
--

ALTER TABLE ONLY public.matrixblocktypes ALTER COLUMN id SET DEFAULT nextval('public.matrixblocktypes_id_seq'::regclass);


--
-- Name: migrations id; Type: DEFAULT; Schema: public; Owner: -
--

ALTER TABLE ONLY public.migrations ALTER COLUMN id SET DEFAULT nextval('public.migrations_id_seq'::regclass);


--
-- Name: plugins id; Type: DEFAULT; Schema: public; Owner: -
--

ALTER TABLE ONLY public.plugins ALTER COLUMN id SET DEFAULT nextval('public.plugins_id_seq'::regclass);


--
-- Name: queue id; Type: DEFAULT; Schema: public; Owner: -
--

ALTER TABLE ONLY public.queue ALTER COLUMN id SET DEFAULT nextval('public.queue_id_seq'::regclass);


--
-- Name: relations id; Type: DEFAULT; Schema: public; Owner: -
--

ALTER TABLE ONLY public.relations ALTER COLUMN id SET DEFAULT nextval('public.relations_id_seq'::regclass);


--
-- Name: revisions id; Type: DEFAULT; Schema: public; Owner: -
--

ALTER TABLE ONLY public.revisions ALTER COLUMN id SET DEFAULT nextval('public.revisions_id_seq'::regclass);


--
-- Name: sections id; Type: DEFAULT; Schema: public; Owner: -
--

ALTER TABLE ONLY public.sections ALTER COLUMN id SET DEFAULT nextval('public.sections_id_seq'::regclass);


--
-- Name: sections_sites id; Type: DEFAULT; Schema: public; Owner: -
--

ALTER TABLE ONLY public.sections_sites ALTER COLUMN id SET DEFAULT nextval('public.sections_sites_id_seq'::regclass);


--
-- Name: sessions id; Type: DEFAULT; Schema: public; Owner: -
--

ALTER TABLE ONLY public.sessions ALTER COLUMN id SET DEFAULT nextval('public.sessions_id_seq'::regclass);


--
-- Name: shunnedmessages id; Type: DEFAULT; Schema: public; Owner: -
--

ALTER TABLE ONLY public.shunnedmessages ALTER COLUMN id SET DEFAULT nextval('public.shunnedmessages_id_seq'::regclass);


--
-- Name: sitegroups id; Type: DEFAULT; Schema: public; Owner: -
--

ALTER TABLE ONLY public.sitegroups ALTER COLUMN id SET DEFAULT nextval('public.sitegroups_id_seq'::regclass);


--
-- Name: sites id; Type: DEFAULT; Schema: public; Owner: -
--

ALTER TABLE ONLY public.sites ALTER COLUMN id SET DEFAULT nextval('public.sites_id_seq'::regclass);


--
-- Name: structureelements id; Type: DEFAULT; Schema: public; Owner: -
--

ALTER TABLE ONLY public.structureelements ALTER COLUMN id SET DEFAULT nextval('public.structureelements_id_seq'::regclass);


--
-- Name: structures id; Type: DEFAULT; Schema: public; Owner: -
--

ALTER TABLE ONLY public.structures ALTER COLUMN id SET DEFAULT nextval('public.structures_id_seq'::regclass);


--
-- Name: systemmessages id; Type: DEFAULT; Schema: public; Owner: -
--

ALTER TABLE ONLY public.systemmessages ALTER COLUMN id SET DEFAULT nextval('public.systemmessages_id_seq'::regclass);


--
-- Name: taggroups id; Type: DEFAULT; Schema: public; Owner: -
--

ALTER TABLE ONLY public.taggroups ALTER COLUMN id SET DEFAULT nextval('public.taggroups_id_seq'::regclass);


--
-- Name: templatecacheelements id; Type: DEFAULT; Schema: public; Owner: -
--

ALTER TABLE ONLY public.templatecacheelements ALTER COLUMN id SET DEFAULT nextval('public.templatecacheelements_id_seq'::regclass);


--
-- Name: templatecachequeries id; Type: DEFAULT; Schema: public; Owner: -
--

ALTER TABLE ONLY public.templatecachequeries ALTER COLUMN id SET DEFAULT nextval('public.templatecachequeries_id_seq'::regclass);


--
-- Name: templatecaches id; Type: DEFAULT; Schema: public; Owner: -
--

ALTER TABLE ONLY public.templatecaches ALTER COLUMN id SET DEFAULT nextval('public.templatecaches_id_seq'::regclass);


--
-- Name: tokens id; Type: DEFAULT; Schema: public; Owner: -
--

ALTER TABLE ONLY public.tokens ALTER COLUMN id SET DEFAULT nextval('public.tokens_id_seq'::regclass);


--
-- Name: usergroups id; Type: DEFAULT; Schema: public; Owner: -
--

ALTER TABLE ONLY public.usergroups ALTER COLUMN id SET DEFAULT nextval('public.usergroups_id_seq'::regclass);


--
-- Name: usergroups_users id; Type: DEFAULT; Schema: public; Owner: -
--

ALTER TABLE ONLY public.usergroups_users ALTER COLUMN id SET DEFAULT nextval('public.usergroups_users_id_seq'::regclass);


--
-- Name: userpermissions id; Type: DEFAULT; Schema: public; Owner: -
--

ALTER TABLE ONLY public.userpermissions ALTER COLUMN id SET DEFAULT nextval('public.userpermissions_id_seq'::regclass);


--
-- Name: userpermissions_usergroups id; Type: DEFAULT; Schema: public; Owner: -
--

ALTER TABLE ONLY public.userpermissions_usergroups ALTER COLUMN id SET DEFAULT nextval('public.userpermissions_usergroups_id_seq'::regclass);


--
-- Name: userpermissions_users id; Type: DEFAULT; Schema: public; Owner: -
--

ALTER TABLE ONLY public.userpermissions_users ALTER COLUMN id SET DEFAULT nextval('public.userpermissions_users_id_seq'::regclass);


--
-- Name: userpreferences userId; Type: DEFAULT; Schema: public; Owner: -
--

ALTER TABLE ONLY public.userpreferences ALTER COLUMN "userId" SET DEFAULT nextval('public."userpreferences_userId_seq"'::regclass);


--
-- Name: volumefolders id; Type: DEFAULT; Schema: public; Owner: -
--

ALTER TABLE ONLY public.volumefolders ALTER COLUMN id SET DEFAULT nextval('public.volumefolders_id_seq'::regclass);


--
-- Name: volumes id; Type: DEFAULT; Schema: public; Owner: -
--

ALTER TABLE ONLY public.volumes ALTER COLUMN id SET DEFAULT nextval('public.volumes_id_seq'::regclass);


--
-- Name: widgets id; Type: DEFAULT; Schema: public; Owner: -
--

ALTER TABLE ONLY public.widgets ALTER COLUMN id SET DEFAULT nextval('public.widgets_id_seq'::regclass);


--
-- Data for Name: assets; Type: TABLE DATA; Schema: public; Owner: -
--

INSERT INTO public.assets (id, "volumeId", "folderId", "uploaderId", filename, kind, width, height, size, "focalPoint", "deletedWithVolume", "keptFile", "dateModified", "dateCreated", "dateUpdated", uid) VALUES (200, 1, 1, 16, '9.jpg', 'image', 128, 128, 5517, NULL, NULL, NULL, '2021-01-27 16:20:44', '2021-01-27 16:20:44', '2021-01-27 16:20:44', 'cd638235-544c-40a8-a3dc-3f48e7944f21');
INSERT INTO public.assets (id, "volumeId", "folderId", "uploaderId", filename, kind, width, height, size, "focalPoint", "deletedWithVolume", "keptFile", "dateModified", "dateCreated", "dateUpdated", uid) VALUES (201, 1, 1, 16, '20.jpg', 'image', 128, 128, 5898, NULL, NULL, NULL, '2021-01-27 16:20:44', '2021-01-27 16:20:44', '2021-01-27 16:20:44', 'a3c13960-9006-4878-aa0c-4291f5330ed8');
INSERT INTO public.assets (id, "volumeId", "folderId", "uploaderId", filename, kind, width, height, size, "focalPoint", "deletedWithVolume", "keptFile", "dateModified", "dateCreated", "dateUpdated", uid) VALUES (202, 1, 1, 16, '44.jpg', 'image', 128, 128, 3539, NULL, NULL, NULL, '2021-01-27 16:20:45', '2021-01-27 16:20:45', '2021-01-27 16:20:45', 'a927c27e-ba16-4fc8-9633-9939580fe7e1');
INSERT INTO public.assets (id, "volumeId", "folderId", "uploaderId", filename, kind, width, height, size, "focalPoint", "deletedWithVolume", "keptFile", "dateModified", "dateCreated", "dateUpdated", uid) VALUES (203, 1, 1, 16, '56.jpg', 'image', 128, 128, 5160, NULL, NULL, NULL, '2021-01-27 16:20:46', '2021-01-27 16:20:46', '2021-01-27 16:20:46', '5c646487-fa45-4092-b175-be190d59f94f');
INSERT INTO public.assets (id, "volumeId", "folderId", "uploaderId", filename, kind, width, height, size, "focalPoint", "deletedWithVolume", "keptFile", "dateModified", "dateCreated", "dateUpdated", uid) VALUES (204, 1, 1, 16, '89.jpg', 'image', 128, 128, 5586, NULL, NULL, NULL, '2021-01-27 16:20:47', '2021-01-27 16:20:47', '2021-01-27 16:20:47', '4bef772d-008b-40f9-835e-c51c9ab69b71');


--
-- Data for Name: assettransforms; Type: TABLE DATA; Schema: public; Owner: -
--



--
-- Data for Name: categories; Type: TABLE DATA; Schema: public; Owner: -
--

INSERT INTO public.categories (id, "groupId", "parentId", "deletedWithGroup", "dateCreated", "dateUpdated", uid) VALUES (138, 1, NULL, NULL, '2021-01-22 14:35:35', '2021-01-22 14:35:35', '48969189-0d6f-4621-9fcc-ef4330204727');
INSERT INTO public.categories (id, "groupId", "parentId", "deletedWithGroup", "dateCreated", "dateUpdated", uid) VALUES (139, 1, NULL, NULL, '2021-01-22 14:36:57', '2021-01-22 14:36:57', '1146bd39-fc6d-404c-9342-0ee00b507385');
INSERT INTO public.categories (id, "groupId", "parentId", "deletedWithGroup", "dateCreated", "dateUpdated", uid) VALUES (140, 1, NULL, NULL, '2021-01-22 14:37:31', '2021-01-22 14:37:31', '82d9ed08-2e1b-4543-9113-615075324a84');
INSERT INTO public.categories (id, "groupId", "parentId", "deletedWithGroup", "dateCreated", "dateUpdated", uid) VALUES (141, 1, NULL, NULL, '2021-01-22 14:37:36', '2021-01-22 14:37:36', '9ff95a15-8c65-45d6-ac4a-a2fdd76c7b41');
INSERT INTO public.categories (id, "groupId", "parentId", "deletedWithGroup", "dateCreated", "dateUpdated", uid) VALUES (142, 1, NULL, NULL, '2021-01-22 14:37:42', '2021-01-22 14:37:42', 'f8252052-aac3-4015-af1a-6df02a529137');
INSERT INTO public.categories (id, "groupId", "parentId", "deletedWithGroup", "dateCreated", "dateUpdated", uid) VALUES (143, 1, NULL, NULL, '2021-01-22 14:37:51', '2021-01-22 14:37:51', '311755f1-fedd-4e9c-884f-7fd114599a2b');
INSERT INTO public.categories (id, "groupId", "parentId", "deletedWithGroup", "dateCreated", "dateUpdated", uid) VALUES (144, 1, NULL, NULL, '2021-01-22 14:37:54', '2021-01-22 14:37:54', '8bfa534a-f53e-46ae-ab0e-e8e4da39bada');
INSERT INTO public.categories (id, "groupId", "parentId", "deletedWithGroup", "dateCreated", "dateUpdated", uid) VALUES (145, 1, NULL, NULL, '2021-01-22 14:37:57', '2021-01-22 14:37:57', '9dfc2e32-eaaa-4c73-9fa5-44cd3cbc60a8');
INSERT INTO public.categories (id, "groupId", "parentId", "deletedWithGroup", "dateCreated", "dateUpdated", uid) VALUES (146, 1, NULL, NULL, '2021-01-22 14:38:01', '2021-01-22 14:38:01', '2583ad0c-f1b8-4464-87fa-4fa168963b0a');
INSERT INTO public.categories (id, "groupId", "parentId", "deletedWithGroup", "dateCreated", "dateUpdated", uid) VALUES (163, 1, NULL, NULL, '2021-01-25 14:32:37', '2021-01-25 14:32:37', 'bb288948-4bd1-45bc-9663-c1434aa61252');
INSERT INTO public.categories (id, "groupId", "parentId", "deletedWithGroup", "dateCreated", "dateUpdated", uid) VALUES (164, 1, NULL, NULL, '2021-01-25 14:32:52', '2021-01-25 14:32:52', '4c0b6fcb-ba94-45f0-a530-12228b852859');
INSERT INTO public.categories (id, "groupId", "parentId", "deletedWithGroup", "dateCreated", "dateUpdated", uid) VALUES (165, 1, NULL, NULL, '2021-01-25 14:32:55', '2021-01-25 14:32:55', 'd00ce9bf-7fca-438d-921a-83ac463579d7');
INSERT INTO public.categories (id, "groupId", "parentId", "deletedWithGroup", "dateCreated", "dateUpdated", uid) VALUES (166, 1, NULL, NULL, '2021-01-25 14:32:59', '2021-01-25 14:32:59', 'c0599cac-aede-45c6-bc65-1172a71ff441');
INSERT INTO public.categories (id, "groupId", "parentId", "deletedWithGroup", "dateCreated", "dateUpdated", uid) VALUES (167, 1, NULL, NULL, '2021-01-25 14:33:02', '2021-01-25 14:33:02', '8778e1ea-6bf8-40d5-8e8b-516fa7605402');
INSERT INTO public.categories (id, "groupId", "parentId", "deletedWithGroup", "dateCreated", "dateUpdated", uid) VALUES (168, 1, NULL, NULL, '2021-01-25 14:33:18', '2021-01-25 14:33:18', '953fe4bc-3151-4c07-9ef6-cca64f9ea9df');
INSERT INTO public.categories (id, "groupId", "parentId", "deletedWithGroup", "dateCreated", "dateUpdated", uid) VALUES (169, 1, NULL, NULL, '2021-01-25 14:33:21', '2021-01-25 14:33:21', '5d3f8941-7d81-4e65-a07f-1f977d9be9c3');
INSERT INTO public.categories (id, "groupId", "parentId", "deletedWithGroup", "dateCreated", "dateUpdated", uid) VALUES (170, 1, NULL, NULL, '2021-01-25 14:33:25', '2021-01-25 14:33:25', 'de59f63f-cac7-469f-aff6-18bb22c1e733');
INSERT INTO public.categories (id, "groupId", "parentId", "deletedWithGroup", "dateCreated", "dateUpdated", uid) VALUES (171, 1, NULL, NULL, '2021-01-25 14:33:28', '2021-01-25 14:33:28', 'ac48cae8-a8a6-42b4-8a34-a58a50a18f86');
INSERT INTO public.categories (id, "groupId", "parentId", "deletedWithGroup", "dateCreated", "dateUpdated", uid) VALUES (172, 1, NULL, NULL, '2021-01-25 14:33:30', '2021-01-25 14:33:30', 'bcc93fe2-650c-40d1-9e8d-175def45e062');
INSERT INTO public.categories (id, "groupId", "parentId", "deletedWithGroup", "dateCreated", "dateUpdated", uid) VALUES (173, 1, NULL, NULL, '2021-01-25 14:33:33', '2021-01-25 14:33:33', 'e17f388d-d954-4d30-a2eb-14479b2af343');
INSERT INTO public.categories (id, "groupId", "parentId", "deletedWithGroup", "dateCreated", "dateUpdated", uid) VALUES (174, 2, NULL, NULL, '2021-01-25 14:34:47', '2021-01-25 14:34:47', 'f62a3be4-5691-4f06-9c9d-26e3cb23caaa');
INSERT INTO public.categories (id, "groupId", "parentId", "deletedWithGroup", "dateCreated", "dateUpdated", uid) VALUES (175, 2, NULL, NULL, '2021-01-25 14:34:50', '2021-01-25 14:34:50', 'b254b0ce-4969-47c6-b63f-a065d6831ebb');
INSERT INTO public.categories (id, "groupId", "parentId", "deletedWithGroup", "dateCreated", "dateUpdated", uid) VALUES (176, 2, NULL, NULL, '2021-01-25 14:34:52', '2021-01-25 14:34:52', 'a80b9089-aaea-4df3-b7be-44b18d412e2b');
INSERT INTO public.categories (id, "groupId", "parentId", "deletedWithGroup", "dateCreated", "dateUpdated", uid) VALUES (177, 2, NULL, NULL, '2021-01-25 14:34:55', '2021-01-25 14:34:55', 'c46dc580-cbc2-4e3a-b91d-709ae257198b');
INSERT INTO public.categories (id, "groupId", "parentId", "deletedWithGroup", "dateCreated", "dateUpdated", uid) VALUES (178, 2, NULL, NULL, '2021-01-25 14:34:58', '2021-01-25 14:34:58', 'c908dd0d-0c06-4f7d-940d-2a3f0a062261');
INSERT INTO public.categories (id, "groupId", "parentId", "deletedWithGroup", "dateCreated", "dateUpdated", uid) VALUES (179, 2, NULL, NULL, '2021-01-25 14:35:01', '2021-01-25 14:35:01', '6a061209-ded0-4dff-88de-0a850b7408c7');
INSERT INTO public.categories (id, "groupId", "parentId", "deletedWithGroup", "dateCreated", "dateUpdated", uid) VALUES (180, 2, NULL, NULL, '2021-01-25 14:35:03', '2021-01-25 14:35:03', 'c5b806fa-0dff-4082-aa33-11ed23af9da8');
INSERT INTO public.categories (id, "groupId", "parentId", "deletedWithGroup", "dateCreated", "dateUpdated", uid) VALUES (181, 2, NULL, NULL, '2021-01-25 14:35:08', '2021-01-25 14:35:08', '448a047b-1ef5-4824-9155-bad9c218c2f7');
INSERT INTO public.categories (id, "groupId", "parentId", "deletedWithGroup", "dateCreated", "dateUpdated", uid) VALUES (197, 3, NULL, NULL, '2021-01-27 15:42:26', '2021-01-27 15:42:26', 'd15523f1-8e33-434d-92db-0c95ab2e998f');


--
-- Data for Name: categorygroups; Type: TABLE DATA; Schema: public; Owner: -
--

INSERT INTO public.categorygroups (id, "structureId", "fieldLayoutId", name, handle, "dateCreated", "dateUpdated", "dateDeleted", uid) VALUES (1, 1, 8, 'Kategorie', 'categories', '2021-01-22 14:35:05', '2021-01-22 14:35:05', NULL, '61b9cdf6-219a-4096-b35b-538d624e1ba9');
INSERT INTO public.categorygroups (id, "structureId", "fieldLayoutId", name, handle, "dateCreated", "dateUpdated", "dateDeleted", uid) VALUES (2, 2, 13, 'Tags', 'tags', '2021-01-25 14:34:23', '2021-01-25 14:38:57', NULL, '68aee50b-ea3a-4325-aed3-211fef3f4db3');
INSERT INTO public.categorygroups (id, "structureId", "fieldLayoutId", name, handle, "dateCreated", "dateUpdated", "dateDeleted", uid) VALUES (3, 3, 22, 'VDW Nomenklatur', 'product_categories', '2021-01-27 15:40:44', '2021-01-27 15:40:44', NULL, 'c01c0c86-571a-4af8-a30b-622e93d627d3');


--
-- Data for Name: categorygroups_sites; Type: TABLE DATA; Schema: public; Owner: -
--

INSERT INTO public.categorygroups_sites (id, "groupId", "siteId", "hasUrls", "uriFormat", template, "dateCreated", "dateUpdated", uid) VALUES (2, 1, 2, true, 'kategorie/{slug}', NULL, '2021-01-22 14:35:05', '2021-01-22 14:35:05', '232d7c29-68e1-43cb-bf2a-f516c119fc09');
INSERT INTO public.categorygroups_sites (id, "groupId", "siteId", "hasUrls", "uriFormat", template, "dateCreated", "dateUpdated", uid) VALUES (3, 1, 1, true, 'kategorie/{slug}', NULL, '2021-01-22 14:35:05', '2021-01-22 14:35:05', '9fa2b6c4-59c4-40a5-a47b-eb4147ee0d87');
INSERT INTO public.categorygroups_sites (id, "groupId", "siteId", "hasUrls", "uriFormat", template, "dateCreated", "dateUpdated", uid) VALUES (4, 2, 2, true, 'tags/{slug}', NULL, '2021-01-25 14:34:23', '2021-01-25 14:34:23', '2ecab644-b3c4-4bd0-b26d-09253f124bf7');
INSERT INTO public.categorygroups_sites (id, "groupId", "siteId", "hasUrls", "uriFormat", template, "dateCreated", "dateUpdated", uid) VALUES (5, 2, 1, true, 'tags/{slug}', NULL, '2021-01-25 14:34:23', '2021-01-25 14:34:23', 'c5728183-47e9-4991-a8a7-98e76218a867');
INSERT INTO public.categorygroups_sites (id, "groupId", "siteId", "hasUrls", "uriFormat", template, "dateCreated", "dateUpdated", uid) VALUES (6, 3, 2, true, 'nomenclature/{slug}', NULL, '2021-01-27 15:40:44', '2021-01-27 15:40:44', '2b941cc7-d204-4f73-900d-fd459506bad3');
INSERT INTO public.categorygroups_sites (id, "groupId", "siteId", "hasUrls", "uriFormat", template, "dateCreated", "dateUpdated", uid) VALUES (7, 3, 1, true, 'nomenklatur/{slug}', NULL, '2021-01-27 15:40:44', '2021-01-27 15:40:44', '4bcf4656-c34b-4276-83b7-2e650406e344');


--
-- Data for Name: changedattributes; Type: TABLE DATA; Schema: public; Owner: -
--

INSERT INTO public.changedattributes ("elementId", "siteId", attribute, "dateUpdated", propagated, "userId") VALUES (211, 2, 'title', '2021-02-01 16:00:58', true, 16);
INSERT INTO public.changedattributes ("elementId", "siteId", attribute, "dateUpdated", propagated, "userId") VALUES (211, 1, 'title', '2021-02-01 16:00:58', false, 16);


--
-- Data for Name: changedfields; Type: TABLE DATA; Schema: public; Owner: -
--



--
-- Data for Name: content; Type: TABLE DATA; Schema: public; Owner: -
--

INSERT INTO public.content (id, "elementId", "siteId", title, "dateCreated", "dateUpdated", uid, field_body, field_excerpt, field_videohtml, field_faq, field_meta_titel, field_meta_description, field_person_firstname, field_person_lastname, field_person_salutation, field_person_position, field_email, field_phone, field_facebook, field_twitter, field_xing, field_linkedin, field_person_title, field_article_date_old, field_event_date_old, field_hall, field_booth, field_event_date, field_article_date, field_address_name, field_address_street, field_address_postalcode, field_address_city, field_address_country, field_website, field_fax, field_person_email, field_instagram, field_youtube, field_industryarena, field_vdw_id, field_vdw_auftrag, field_event_year, field_sektor_id, field_body_raw) VALUES (280, 200, 1, '9', '2021-01-27 16:20:43', '2021-01-27 16:40:12', '564dc782-205b-42f8-9d92-031e673a6721', NULL, NULL, NULL, NULL, NULL, NULL, NULL, NULL, NULL, NULL, NULL, NULL, NULL, NULL, NULL, NULL, NULL, NULL, NULL, NULL, NULL, NULL, NULL, NULL, NULL, NULL, NULL, NULL, NULL, NULL, NULL, NULL, NULL, NULL, NULL, NULL, NULL, NULL, NULL);
INSERT INTO public.content (id, "elementId", "siteId", title, "dateCreated", "dateUpdated", uid, field_body, field_excerpt, field_videohtml, field_faq, field_meta_titel, field_meta_description, field_person_firstname, field_person_lastname, field_person_salutation, field_person_position, field_email, field_phone, field_facebook, field_twitter, field_xing, field_linkedin, field_person_title, field_article_date_old, field_event_date_old, field_hall, field_booth, field_event_date, field_article_date, field_address_name, field_address_street, field_address_postalcode, field_address_city, field_address_country, field_website, field_fax, field_person_email, field_instagram, field_youtube, field_industryarena, field_vdw_id, field_vdw_auftrag, field_event_year, field_sektor_id, field_body_raw) VALUES (281, 200, 2, '9', '2021-01-27 16:20:44', '2021-01-27 16:40:12', 'e7269969-cbde-4814-9926-f1c1db06c8a1', NULL, NULL, NULL, NULL, NULL, NULL, NULL, NULL, NULL, NULL, NULL, NULL, NULL, NULL, NULL, NULL, NULL, NULL, NULL, NULL, NULL, NULL, NULL, NULL, NULL, NULL, NULL, NULL, NULL, NULL, NULL, NULL, NULL, NULL, NULL, NULL, NULL, NULL, NULL);
INSERT INTO public.content (id, "elementId", "siteId", title, "dateCreated", "dateUpdated", uid, field_body, field_excerpt, field_videohtml, field_faq, field_meta_titel, field_meta_description, field_person_firstname, field_person_lastname, field_person_salutation, field_person_position, field_email, field_phone, field_facebook, field_twitter, field_xing, field_linkedin, field_person_title, field_article_date_old, field_event_date_old, field_hall, field_booth, field_event_date, field_article_date, field_address_name, field_address_street, field_address_postalcode, field_address_city, field_address_country, field_website, field_fax, field_person_email, field_instagram, field_youtube, field_industryarena, field_vdw_id, field_vdw_auftrag, field_event_year, field_sektor_id, field_body_raw) VALUES (290, 205, 1, NULL, '2021-01-27 17:12:06', '2021-01-27 17:12:06', '7c0e2d65-d040-4991-a84e-5147e1d10d03', NULL, NULL, NULL, NULL, NULL, NULL, NULL, NULL, 'mr', NULL, NULL, NULL, NULL, NULL, NULL, NULL, NULL, NULL, NULL, NULL, NULL, NULL, NULL, NULL, NULL, NULL, NULL, NULL, NULL, NULL, NULL, NULL, NULL, NULL, NULL, NULL, 2019, NULL, NULL);
INSERT INTO public.content (id, "elementId", "siteId", title, "dateCreated", "dateUpdated", uid, field_body, field_excerpt, field_videohtml, field_faq, field_meta_titel, field_meta_description, field_person_firstname, field_person_lastname, field_person_salutation, field_person_position, field_email, field_phone, field_facebook, field_twitter, field_xing, field_linkedin, field_person_title, field_article_date_old, field_event_date_old, field_hall, field_booth, field_event_date, field_article_date, field_address_name, field_address_street, field_address_postalcode, field_address_city, field_address_country, field_website, field_fax, field_person_email, field_instagram, field_youtube, field_industryarena, field_vdw_id, field_vdw_auftrag, field_event_year, field_sektor_id, field_body_raw) VALUES (291, 205, 2, NULL, '2021-01-27 17:12:06', '2021-01-27 17:12:06', 'ebf0117f-b704-46ab-b444-49494b98ec75', NULL, NULL, NULL, NULL, NULL, NULL, NULL, NULL, 'mr', NULL, NULL, NULL, NULL, NULL, NULL, NULL, NULL, NULL, NULL, NULL, NULL, NULL, NULL, NULL, NULL, NULL, NULL, NULL, NULL, NULL, NULL, NULL, NULL, NULL, NULL, NULL, 2019, NULL, NULL);
INSERT INTO public.content (id, "elementId", "siteId", title, "dateCreated", "dateUpdated", uid, field_body, field_excerpt, field_videohtml, field_faq, field_meta_titel, field_meta_description, field_person_firstname, field_person_lastname, field_person_salutation, field_person_position, field_email, field_phone, field_facebook, field_twitter, field_xing, field_linkedin, field_person_title, field_article_date_old, field_event_date_old, field_hall, field_booth, field_event_date, field_article_date, field_address_name, field_address_street, field_address_postalcode, field_address_city, field_address_country, field_website, field_fax, field_person_email, field_instagram, field_youtube, field_industryarena, field_vdw_id, field_vdw_auftrag, field_event_year, field_sektor_id, field_body_raw) VALUES (298, 210, 1, 'aaaaa', '2021-02-01 15:49:53', '2021-02-01 15:49:53', 'd0703e64-f463-4367-a5c4-0c0ea7e14028', NULL, NULL, NULL, NULL, NULL, NULL, NULL, NULL, NULL, NULL, NULL, NULL, NULL, NULL, NULL, NULL, NULL, NULL, NULL, NULL, NULL, NULL, NULL, NULL, NULL, NULL, NULL, NULL, NULL, NULL, NULL, NULL, NULL, NULL, NULL, NULL, NULL, NULL, NULL);
INSERT INTO public.content (id, "elementId", "siteId", title, "dateCreated", "dateUpdated", uid, field_body, field_excerpt, field_videohtml, field_faq, field_meta_titel, field_meta_description, field_person_firstname, field_person_lastname, field_person_salutation, field_person_position, field_email, field_phone, field_facebook, field_twitter, field_xing, field_linkedin, field_person_title, field_article_date_old, field_event_date_old, field_hall, field_booth, field_event_date, field_article_date, field_address_name, field_address_street, field_address_postalcode, field_address_city, field_address_country, field_website, field_fax, field_person_email, field_instagram, field_youtube, field_industryarena, field_vdw_id, field_vdw_auftrag, field_event_year, field_sektor_id, field_body_raw) VALUES (299, 210, 2, 'aaaaa', '2021-02-01 15:49:53', '2021-02-01 15:49:53', '58cecb1f-797d-403e-a8d2-0b7facfd6f4c', NULL, NULL, NULL, NULL, NULL, NULL, NULL, NULL, NULL, NULL, NULL, NULL, NULL, NULL, NULL, NULL, NULL, NULL, NULL, NULL, NULL, NULL, NULL, NULL, NULL, NULL, NULL, NULL, NULL, NULL, NULL, NULL, NULL, NULL, NULL, NULL, NULL, NULL, NULL);
INSERT INTO public.content (id, "elementId", "siteId", title, "dateCreated", "dateUpdated", uid, field_body, field_excerpt, field_videohtml, field_faq, field_meta_titel, field_meta_description, field_person_firstname, field_person_lastname, field_person_salutation, field_person_position, field_email, field_phone, field_facebook, field_twitter, field_xing, field_linkedin, field_person_title, field_article_date_old, field_event_date_old, field_hall, field_booth, field_event_date, field_article_date, field_address_name, field_address_street, field_address_postalcode, field_address_city, field_address_country, field_website, field_fax, field_person_email, field_instagram, field_youtube, field_industryarena, field_vdw_id, field_vdw_auftrag, field_event_year, field_sektor_id, field_body_raw) VALUES (158, 139, 1, 'Journalisten', '2021-01-22 14:36:57', '2021-01-22 14:36:57', 'cd9081fe-7943-4867-b5cc-007511164fb2', NULL, NULL, NULL, NULL, NULL, NULL, NULL, NULL, NULL, NULL, NULL, NULL, NULL, NULL, NULL, NULL, NULL, NULL, NULL, NULL, NULL, NULL, NULL, NULL, NULL, NULL, NULL, NULL, NULL, NULL, NULL, NULL, NULL, NULL, NULL, NULL, NULL, NULL, NULL);
INSERT INTO public.content (id, "elementId", "siteId", title, "dateCreated", "dateUpdated", uid, field_body, field_excerpt, field_videohtml, field_faq, field_meta_titel, field_meta_description, field_person_firstname, field_person_lastname, field_person_salutation, field_person_position, field_email, field_phone, field_facebook, field_twitter, field_xing, field_linkedin, field_person_title, field_article_date_old, field_event_date_old, field_hall, field_booth, field_event_date, field_article_date, field_address_name, field_address_street, field_address_postalcode, field_address_city, field_address_country, field_website, field_fax, field_person_email, field_instagram, field_youtube, field_industryarena, field_vdw_id, field_vdw_auftrag, field_event_year, field_sektor_id, field_body_raw) VALUES (25, 25, 1, NULL, '2020-11-25 12:17:58', '2020-11-25 12:17:58', '1e00ca07-3698-4801-a277-de3815ba03ac', NULL, NULL, NULL, NULL, NULL, NULL, NULL, NULL, NULL, NULL, NULL, NULL, NULL, NULL, NULL, NULL, NULL, NULL, NULL, NULL, NULL, NULL, NULL, NULL, NULL, NULL, NULL, NULL, NULL, NULL, NULL, NULL, NULL, NULL, NULL, NULL, NULL, NULL, NULL);
INSERT INTO public.content (id, "elementId", "siteId", title, "dateCreated", "dateUpdated", uid, field_body, field_excerpt, field_videohtml, field_faq, field_meta_titel, field_meta_description, field_person_firstname, field_person_lastname, field_person_salutation, field_person_position, field_email, field_phone, field_facebook, field_twitter, field_xing, field_linkedin, field_person_title, field_article_date_old, field_event_date_old, field_hall, field_booth, field_event_date, field_article_date, field_address_name, field_address_street, field_address_postalcode, field_address_city, field_address_country, field_website, field_fax, field_person_email, field_instagram, field_youtube, field_industryarena, field_vdw_id, field_vdw_auftrag, field_event_year, field_sektor_id, field_body_raw) VALUES (159, 139, 2, 'Journalisten', '2021-01-22 14:36:57', '2021-01-22 14:36:57', '434c7788-4ca0-4a4d-9f17-40b83e1e8d7b', NULL, NULL, NULL, NULL, NULL, NULL, NULL, NULL, NULL, NULL, NULL, NULL, NULL, NULL, NULL, NULL, NULL, NULL, NULL, NULL, NULL, NULL, NULL, NULL, NULL, NULL, NULL, NULL, NULL, NULL, NULL, NULL, NULL, NULL, NULL, NULL, NULL, NULL, NULL);
INSERT INTO public.content (id, "elementId", "siteId", title, "dateCreated", "dateUpdated", uid, field_body, field_excerpt, field_videohtml, field_faq, field_meta_titel, field_meta_description, field_person_firstname, field_person_lastname, field_person_salutation, field_person_position, field_email, field_phone, field_facebook, field_twitter, field_xing, field_linkedin, field_person_title, field_article_date_old, field_event_date_old, field_hall, field_booth, field_event_date, field_article_date, field_address_name, field_address_street, field_address_postalcode, field_address_city, field_address_country, field_website, field_fax, field_person_email, field_instagram, field_youtube, field_industryarena, field_vdw_id, field_vdw_auftrag, field_event_year, field_sektor_id, field_body_raw) VALUES (16, 16, 1, NULL, '2020-11-25 10:51:51', '2021-01-18 15:01:55', '885cf513-a748-4be2-830b-cf064188da0c', NULL, NULL, NULL, NULL, NULL, NULL, NULL, NULL, NULL, NULL, NULL, NULL, NULL, NULL, NULL, NULL, NULL, NULL, NULL, NULL, NULL, NULL, NULL, NULL, NULL, NULL, NULL, NULL, NULL, NULL, NULL, NULL, NULL, NULL, NULL, NULL, NULL, NULL, NULL);
INSERT INTO public.content (id, "elementId", "siteId", title, "dateCreated", "dateUpdated", uid, field_body, field_excerpt, field_videohtml, field_faq, field_meta_titel, field_meta_description, field_person_firstname, field_person_lastname, field_person_salutation, field_person_position, field_email, field_phone, field_facebook, field_twitter, field_xing, field_linkedin, field_person_title, field_article_date_old, field_event_date_old, field_hall, field_booth, field_event_date, field_article_date, field_address_name, field_address_street, field_address_postalcode, field_address_city, field_address_country, field_website, field_fax, field_person_email, field_instagram, field_youtube, field_industryarena, field_vdw_id, field_vdw_auftrag, field_event_year, field_sektor_id, field_body_raw) VALUES (1, 1, 1, NULL, '2020-11-25 10:32:44', '2020-12-11 15:04:23', '359e9bc3-34ba-4c19-81c6-050ec0814f4d', NULL, NULL, NULL, NULL, NULL, NULL, NULL, NULL, NULL, NULL, NULL, NULL, NULL, NULL, NULL, NULL, NULL, NULL, NULL, NULL, NULL, NULL, NULL, NULL, NULL, NULL, NULL, NULL, NULL, NULL, NULL, NULL, NULL, NULL, NULL, NULL, NULL, NULL, NULL);
INSERT INTO public.content (id, "elementId", "siteId", title, "dateCreated", "dateUpdated", uid, field_body, field_excerpt, field_videohtml, field_faq, field_meta_titel, field_meta_description, field_person_firstname, field_person_lastname, field_person_salutation, field_person_position, field_email, field_phone, field_facebook, field_twitter, field_xing, field_linkedin, field_person_title, field_article_date_old, field_event_date_old, field_hall, field_booth, field_event_date, field_article_date, field_address_name, field_address_street, field_address_postalcode, field_address_city, field_address_country, field_website, field_fax, field_person_email, field_instagram, field_youtube, field_industryarena, field_vdw_id, field_vdw_auftrag, field_event_year, field_sektor_id, field_body_raw) VALUES (170, 143, 1, 'Veranstaltungsart', '2021-01-22 14:37:51', '2021-01-22 14:37:51', '58f9f557-261b-4a73-bd88-be35fae05287', NULL, NULL, NULL, NULL, NULL, NULL, NULL, NULL, NULL, NULL, NULL, NULL, NULL, NULL, NULL, NULL, NULL, NULL, NULL, NULL, NULL, NULL, NULL, NULL, NULL, NULL, NULL, NULL, NULL, NULL, NULL, NULL, NULL, NULL, NULL, NULL, NULL, NULL, NULL);
INSERT INTO public.content (id, "elementId", "siteId", title, "dateCreated", "dateUpdated", uid, field_body, field_excerpt, field_videohtml, field_faq, field_meta_titel, field_meta_description, field_person_firstname, field_person_lastname, field_person_salutation, field_person_position, field_email, field_phone, field_facebook, field_twitter, field_xing, field_linkedin, field_person_title, field_article_date_old, field_event_date_old, field_hall, field_booth, field_event_date, field_article_date, field_address_name, field_address_street, field_address_postalcode, field_address_city, field_address_country, field_website, field_fax, field_person_email, field_instagram, field_youtube, field_industryarena, field_vdw_id, field_vdw_auftrag, field_event_year, field_sektor_id, field_body_raw) VALUES (171, 143, 2, 'Veranstaltungsart', '2021-01-22 14:37:51', '2021-01-22 14:37:51', '8a20c3cd-9d94-4e7c-9967-6a5fe7421686', NULL, NULL, NULL, NULL, NULL, NULL, NULL, NULL, NULL, NULL, NULL, NULL, NULL, NULL, NULL, NULL, NULL, NULL, NULL, NULL, NULL, NULL, NULL, NULL, NULL, NULL, NULL, NULL, NULL, NULL, NULL, NULL, NULL, NULL, NULL, NULL, NULL, NULL, NULL);
INSERT INTO public.content (id, "elementId", "siteId", title, "dateCreated", "dateUpdated", uid, field_body, field_excerpt, field_videohtml, field_faq, field_meta_titel, field_meta_description, field_person_firstname, field_person_lastname, field_person_salutation, field_person_position, field_email, field_phone, field_facebook, field_twitter, field_xing, field_linkedin, field_person_title, field_article_date_old, field_event_date_old, field_hall, field_booth, field_event_date, field_article_date, field_address_name, field_address_street, field_address_postalcode, field_address_city, field_address_country, field_website, field_fax, field_person_email, field_instagram, field_youtube, field_industryarena, field_vdw_id, field_vdw_auftrag, field_event_year, field_sektor_id, field_body_raw) VALUES (161, 140, 1, 'Besucher', '2021-01-22 14:37:31', '2021-01-22 14:37:31', '1f0304ac-f8f7-4bb0-98d2-a49e60898d1e', NULL, NULL, NULL, NULL, NULL, NULL, NULL, NULL, NULL, NULL, NULL, NULL, NULL, NULL, NULL, NULL, NULL, NULL, NULL, NULL, NULL, NULL, NULL, NULL, NULL, NULL, NULL, NULL, NULL, NULL, NULL, NULL, NULL, NULL, NULL, NULL, NULL, NULL, NULL);
INSERT INTO public.content (id, "elementId", "siteId", title, "dateCreated", "dateUpdated", uid, field_body, field_excerpt, field_videohtml, field_faq, field_meta_titel, field_meta_description, field_person_firstname, field_person_lastname, field_person_salutation, field_person_position, field_email, field_phone, field_facebook, field_twitter, field_xing, field_linkedin, field_person_title, field_article_date_old, field_event_date_old, field_hall, field_booth, field_event_date, field_article_date, field_address_name, field_address_street, field_address_postalcode, field_address_city, field_address_country, field_website, field_fax, field_person_email, field_instagram, field_youtube, field_industryarena, field_vdw_id, field_vdw_auftrag, field_event_year, field_sektor_id, field_body_raw) VALUES (162, 140, 2, 'Besucher', '2021-01-22 14:37:31', '2021-01-22 14:37:31', 'af670a92-477b-4eb7-9d1a-d36f66d63788', NULL, NULL, NULL, NULL, NULL, NULL, NULL, NULL, NULL, NULL, NULL, NULL, NULL, NULL, NULL, NULL, NULL, NULL, NULL, NULL, NULL, NULL, NULL, NULL, NULL, NULL, NULL, NULL, NULL, NULL, NULL, NULL, NULL, NULL, NULL, NULL, NULL, NULL, NULL);
INSERT INTO public.content (id, "elementId", "siteId", title, "dateCreated", "dateUpdated", uid, field_body, field_excerpt, field_videohtml, field_faq, field_meta_titel, field_meta_description, field_person_firstname, field_person_lastname, field_person_salutation, field_person_position, field_email, field_phone, field_facebook, field_twitter, field_xing, field_linkedin, field_person_title, field_article_date_old, field_event_date_old, field_hall, field_booth, field_event_date, field_article_date, field_address_name, field_address_street, field_address_postalcode, field_address_city, field_address_country, field_website, field_fax, field_person_email, field_instagram, field_youtube, field_industryarena, field_vdw_id, field_vdw_auftrag, field_event_year, field_sektor_id, field_body_raw) VALUES (282, 201, 1, '20', '2021-01-27 16:20:44', '2021-01-27 16:40:10', 'bd5fcb35-ba2d-4d11-a0f8-1ef6f598f382', NULL, NULL, NULL, NULL, NULL, NULL, NULL, NULL, NULL, NULL, NULL, NULL, NULL, NULL, NULL, NULL, NULL, NULL, NULL, NULL, NULL, NULL, NULL, NULL, NULL, NULL, NULL, NULL, NULL, NULL, NULL, NULL, NULL, NULL, NULL, NULL, NULL, NULL, NULL);
INSERT INTO public.content (id, "elementId", "siteId", title, "dateCreated", "dateUpdated", uid, field_body, field_excerpt, field_videohtml, field_faq, field_meta_titel, field_meta_description, field_person_firstname, field_person_lastname, field_person_salutation, field_person_position, field_email, field_phone, field_facebook, field_twitter, field_xing, field_linkedin, field_person_title, field_article_date_old, field_event_date_old, field_hall, field_booth, field_event_date, field_article_date, field_address_name, field_address_street, field_address_postalcode, field_address_city, field_address_country, field_website, field_fax, field_person_email, field_instagram, field_youtube, field_industryarena, field_vdw_id, field_vdw_auftrag, field_event_year, field_sektor_id, field_body_raw) VALUES (176, 145, 1, 'Foren', '2021-01-22 14:37:57', '2021-01-22 14:37:57', '59527709-6b01-4245-a2ba-05d45d66252f', NULL, NULL, NULL, NULL, NULL, NULL, NULL, NULL, NULL, NULL, NULL, NULL, NULL, NULL, NULL, NULL, NULL, NULL, NULL, NULL, NULL, NULL, NULL, NULL, NULL, NULL, NULL, NULL, NULL, NULL, NULL, NULL, NULL, NULL, NULL, NULL, NULL, NULL, NULL);
INSERT INTO public.content (id, "elementId", "siteId", title, "dateCreated", "dateUpdated", uid, field_body, field_excerpt, field_videohtml, field_faq, field_meta_titel, field_meta_description, field_person_firstname, field_person_lastname, field_person_salutation, field_person_position, field_email, field_phone, field_facebook, field_twitter, field_xing, field_linkedin, field_person_title, field_article_date_old, field_event_date_old, field_hall, field_booth, field_event_date, field_article_date, field_address_name, field_address_street, field_address_postalcode, field_address_city, field_address_country, field_website, field_fax, field_person_email, field_instagram, field_youtube, field_industryarena, field_vdw_id, field_vdw_auftrag, field_event_year, field_sektor_id, field_body_raw) VALUES (177, 145, 2, 'Foren', '2021-01-22 14:37:57', '2021-01-22 14:37:57', '87ce2cb4-59c3-4b55-960d-d1164f5cf0f7', NULL, NULL, NULL, NULL, NULL, NULL, NULL, NULL, NULL, NULL, NULL, NULL, NULL, NULL, NULL, NULL, NULL, NULL, NULL, NULL, NULL, NULL, NULL, NULL, NULL, NULL, NULL, NULL, NULL, NULL, NULL, NULL, NULL, NULL, NULL, NULL, NULL, NULL, NULL);
INSERT INTO public.content (id, "elementId", "siteId", title, "dateCreated", "dateUpdated", uid, field_body, field_excerpt, field_videohtml, field_faq, field_meta_titel, field_meta_description, field_person_firstname, field_person_lastname, field_person_salutation, field_person_position, field_email, field_phone, field_facebook, field_twitter, field_xing, field_linkedin, field_person_title, field_article_date_old, field_event_date_old, field_hall, field_booth, field_event_date, field_article_date, field_address_name, field_address_street, field_address_postalcode, field_address_city, field_address_country, field_website, field_fax, field_person_email, field_instagram, field_youtube, field_industryarena, field_vdw_id, field_vdw_auftrag, field_event_year, field_sektor_id, field_body_raw) VALUES (283, 201, 2, '20', '2021-01-27 16:20:44', '2021-01-27 16:40:10', 'f733afee-8eba-49ed-b9ce-81ce0d9178b4', NULL, NULL, NULL, NULL, NULL, NULL, NULL, NULL, NULL, NULL, NULL, NULL, NULL, NULL, NULL, NULL, NULL, NULL, NULL, NULL, NULL, NULL, NULL, NULL, NULL, NULL, NULL, NULL, NULL, NULL, NULL, NULL, NULL, NULL, NULL, NULL, NULL, NULL, NULL);
INSERT INTO public.content (id, "elementId", "siteId", title, "dateCreated", "dateUpdated", uid, field_body, field_excerpt, field_videohtml, field_faq, field_meta_titel, field_meta_description, field_person_firstname, field_person_lastname, field_person_salutation, field_person_position, field_email, field_phone, field_facebook, field_twitter, field_xing, field_linkedin, field_person_title, field_article_date_old, field_event_date_old, field_hall, field_booth, field_event_date, field_article_date, field_address_name, field_address_street, field_address_postalcode, field_address_city, field_address_country, field_website, field_fax, field_person_email, field_instagram, field_youtube, field_industryarena, field_vdw_id, field_vdw_auftrag, field_event_year, field_sektor_id, field_body_raw) VALUES (292, 206, 1, NULL, '2021-01-29 13:25:13', '2021-01-29 13:25:13', '9300342e-b2a5-4e74-803e-91f35db30140', NULL, NULL, NULL, NULL, NULL, NULL, NULL, NULL, NULL, NULL, NULL, NULL, NULL, NULL, NULL, NULL, NULL, NULL, NULL, NULL, NULL, NULL, NULL, NULL, NULL, NULL, NULL, NULL, NULL, NULL, NULL, NULL, NULL, NULL, NULL, NULL, NULL, NULL, NULL);
INSERT INTO public.content (id, "elementId", "siteId", title, "dateCreated", "dateUpdated", uid, field_body, field_excerpt, field_videohtml, field_faq, field_meta_titel, field_meta_description, field_person_firstname, field_person_lastname, field_person_salutation, field_person_position, field_email, field_phone, field_facebook, field_twitter, field_xing, field_linkedin, field_person_title, field_article_date_old, field_event_date_old, field_hall, field_booth, field_event_date, field_article_date, field_address_name, field_address_street, field_address_postalcode, field_address_city, field_address_country, field_website, field_fax, field_person_email, field_instagram, field_youtube, field_industryarena, field_vdw_id, field_vdw_auftrag, field_event_year, field_sektor_id, field_body_raw) VALUES (300, 211, 1, 'asdsa_updated', '2021-02-01 15:55:26', '2021-02-01 16:00:58', 'd58a6b77-b423-4851-81b0-d9c703ccbf22', NULL, NULL, NULL, NULL, NULL, NULL, NULL, NULL, NULL, NULL, NULL, NULL, NULL, NULL, NULL, NULL, NULL, NULL, NULL, NULL, NULL, NULL, NULL, NULL, NULL, NULL, NULL, NULL, NULL, NULL, NULL, NULL, NULL, NULL, NULL, NULL, NULL, NULL, NULL);
INSERT INTO public.content (id, "elementId", "siteId", title, "dateCreated", "dateUpdated", uid, field_body, field_excerpt, field_videohtml, field_faq, field_meta_titel, field_meta_description, field_person_firstname, field_person_lastname, field_person_salutation, field_person_position, field_email, field_phone, field_facebook, field_twitter, field_xing, field_linkedin, field_person_title, field_article_date_old, field_event_date_old, field_hall, field_booth, field_event_date, field_article_date, field_address_name, field_address_street, field_address_postalcode, field_address_city, field_address_country, field_website, field_fax, field_person_email, field_instagram, field_youtube, field_industryarena, field_vdw_id, field_vdw_auftrag, field_event_year, field_sektor_id, field_body_raw) VALUES (301, 211, 2, 'asdsa_updated', '2021-02-01 15:55:26', '2021-02-01 16:00:58', '53fc0dee-2ceb-464e-bd1b-954f1ba7641f', NULL, NULL, NULL, NULL, NULL, NULL, NULL, NULL, NULL, NULL, NULL, NULL, NULL, NULL, NULL, NULL, NULL, NULL, NULL, NULL, NULL, NULL, NULL, NULL, NULL, NULL, NULL, NULL, NULL, NULL, NULL, NULL, NULL, NULL, NULL, NULL, NULL, NULL, NULL);
INSERT INTO public.content (id, "elementId", "siteId", title, "dateCreated", "dateUpdated", uid, field_body, field_excerpt, field_videohtml, field_faq, field_meta_titel, field_meta_description, field_person_firstname, field_person_lastname, field_person_salutation, field_person_position, field_email, field_phone, field_facebook, field_twitter, field_xing, field_linkedin, field_person_title, field_article_date_old, field_event_date_old, field_hall, field_booth, field_event_date, field_article_date, field_address_name, field_address_street, field_address_postalcode, field_address_city, field_address_country, field_website, field_fax, field_person_email, field_instagram, field_youtube, field_industryarena, field_vdw_id, field_vdw_auftrag, field_event_year, field_sektor_id, field_body_raw) VALUES (195, 153, 1, NULL, '2021-01-22 15:08:41', '2021-01-22 15:08:41', 'e45692b1-07f7-4909-8435-79f79e280577', NULL, NULL, NULL, NULL, NULL, NULL, NULL, NULL, NULL, NULL, NULL, NULL, NULL, NULL, NULL, NULL, NULL, NULL, NULL, NULL, NULL, NULL, NULL, NULL, NULL, NULL, NULL, NULL, NULL, NULL, NULL, NULL, NULL, NULL, NULL, NULL, NULL, NULL, NULL);
INSERT INTO public.content (id, "elementId", "siteId", title, "dateCreated", "dateUpdated", uid, field_body, field_excerpt, field_videohtml, field_faq, field_meta_titel, field_meta_description, field_person_firstname, field_person_lastname, field_person_salutation, field_person_position, field_email, field_phone, field_facebook, field_twitter, field_xing, field_linkedin, field_person_title, field_article_date_old, field_event_date_old, field_hall, field_booth, field_event_date, field_article_date, field_address_name, field_address_street, field_address_postalcode, field_address_city, field_address_country, field_website, field_fax, field_person_email, field_instagram, field_youtube, field_industryarena, field_vdw_id, field_vdw_auftrag, field_event_year, field_sektor_id, field_body_raw) VALUES (191, 151, 2, NULL, '2021-01-22 14:57:13', '2021-01-22 14:57:44', '3b63d12b-0749-4a5a-873d-f993d142698e', NULL, NULL, NULL, NULL, NULL, NULL, NULL, NULL, NULL, NULL, NULL, NULL, NULL, NULL, NULL, NULL, NULL, NULL, NULL, NULL, NULL, NULL, NULL, NULL, NULL, NULL, NULL, NULL, NULL, NULL, NULL, NULL, NULL, NULL, NULL, NULL, NULL, NULL, NULL);
INSERT INTO public.content (id, "elementId", "siteId", title, "dateCreated", "dateUpdated", uid, field_body, field_excerpt, field_videohtml, field_faq, field_meta_titel, field_meta_description, field_person_firstname, field_person_lastname, field_person_salutation, field_person_position, field_email, field_phone, field_facebook, field_twitter, field_xing, field_linkedin, field_person_title, field_article_date_old, field_event_date_old, field_hall, field_booth, field_event_date, field_article_date, field_address_name, field_address_street, field_address_postalcode, field_address_city, field_address_country, field_website, field_fax, field_person_email, field_instagram, field_youtube, field_industryarena, field_vdw_id, field_vdw_auftrag, field_event_year, field_sektor_id, field_body_raw) VALUES (192, 151, 1, NULL, '2021-01-22 14:57:13', '2021-01-22 14:57:44', 'eea22622-6e0f-461d-bf92-29d5e5882d54', NULL, NULL, NULL, NULL, NULL, NULL, NULL, NULL, NULL, NULL, NULL, NULL, NULL, NULL, NULL, NULL, NULL, NULL, NULL, NULL, NULL, NULL, NULL, NULL, NULL, NULL, NULL, NULL, NULL, NULL, NULL, NULL, NULL, NULL, NULL, NULL, NULL, NULL, NULL);
INSERT INTO public.content (id, "elementId", "siteId", title, "dateCreated", "dateUpdated", uid, field_body, field_excerpt, field_videohtml, field_faq, field_meta_titel, field_meta_description, field_person_firstname, field_person_lastname, field_person_salutation, field_person_position, field_email, field_phone, field_facebook, field_twitter, field_xing, field_linkedin, field_person_title, field_article_date_old, field_event_date_old, field_hall, field_booth, field_event_date, field_article_date, field_address_name, field_address_street, field_address_postalcode, field_address_city, field_address_country, field_website, field_fax, field_person_email, field_instagram, field_youtube, field_industryarena, field_vdw_id, field_vdw_auftrag, field_event_year, field_sektor_id, field_body_raw) VALUES (284, 202, 1, '44', '2021-01-27 16:20:45', '2021-01-27 16:40:11', '5f1cd4a3-5d00-442d-9fe4-ac4411c76623', NULL, NULL, NULL, NULL, NULL, NULL, NULL, NULL, NULL, NULL, NULL, NULL, NULL, NULL, NULL, NULL, NULL, NULL, NULL, NULL, NULL, NULL, NULL, NULL, NULL, NULL, NULL, NULL, NULL, NULL, NULL, NULL, NULL, NULL, NULL, NULL, NULL, NULL, NULL);
INSERT INTO public.content (id, "elementId", "siteId", title, "dateCreated", "dateUpdated", uid, field_body, field_excerpt, field_videohtml, field_faq, field_meta_titel, field_meta_description, field_person_firstname, field_person_lastname, field_person_salutation, field_person_position, field_email, field_phone, field_facebook, field_twitter, field_xing, field_linkedin, field_person_title, field_article_date_old, field_event_date_old, field_hall, field_booth, field_event_date, field_article_date, field_address_name, field_address_street, field_address_postalcode, field_address_city, field_address_country, field_website, field_fax, field_person_email, field_instagram, field_youtube, field_industryarena, field_vdw_id, field_vdw_auftrag, field_event_year, field_sektor_id, field_body_raw) VALUES (285, 202, 2, '44', '2021-01-27 16:20:45', '2021-01-27 16:40:11', 'dd212c63-96ea-4858-8227-21da779145c0', NULL, NULL, NULL, NULL, NULL, NULL, NULL, NULL, NULL, NULL, NULL, NULL, NULL, NULL, NULL, NULL, NULL, NULL, NULL, NULL, NULL, NULL, NULL, NULL, NULL, NULL, NULL, NULL, NULL, NULL, NULL, NULL, NULL, NULL, NULL, NULL, NULL, NULL, NULL);
INSERT INTO public.content (id, "elementId", "siteId", title, "dateCreated", "dateUpdated", uid, field_body, field_excerpt, field_videohtml, field_faq, field_meta_titel, field_meta_description, field_person_firstname, field_person_lastname, field_person_salutation, field_person_position, field_email, field_phone, field_facebook, field_twitter, field_xing, field_linkedin, field_person_title, field_article_date_old, field_event_date_old, field_hall, field_booth, field_event_date, field_article_date, field_address_name, field_address_street, field_address_postalcode, field_address_city, field_address_country, field_website, field_fax, field_person_email, field_instagram, field_youtube, field_industryarena, field_vdw_id, field_vdw_auftrag, field_event_year, field_sektor_id, field_body_raw) VALUES (293, 207, 1, NULL, '2021-01-29 13:25:49', '2021-01-29 13:25:49', '83ca4acd-f4b7-4cff-9cdd-52b9fd8a79cb', NULL, NULL, NULL, NULL, NULL, NULL, NULL, NULL, NULL, NULL, NULL, NULL, NULL, NULL, NULL, NULL, NULL, NULL, NULL, NULL, NULL, NULL, NULL, NULL, NULL, NULL, NULL, NULL, NULL, NULL, NULL, NULL, NULL, NULL, NULL, NULL, NULL, NULL, NULL);
INSERT INTO public.content (id, "elementId", "siteId", title, "dateCreated", "dateUpdated", uid, field_body, field_excerpt, field_videohtml, field_faq, field_meta_titel, field_meta_description, field_person_firstname, field_person_lastname, field_person_salutation, field_person_position, field_email, field_phone, field_facebook, field_twitter, field_xing, field_linkedin, field_person_title, field_article_date_old, field_event_date_old, field_hall, field_booth, field_event_date, field_article_date, field_address_name, field_address_street, field_address_postalcode, field_address_city, field_address_country, field_website, field_fax, field_person_email, field_instagram, field_youtube, field_industryarena, field_vdw_id, field_vdw_auftrag, field_event_year, field_sektor_id, field_body_raw) VALUES (302, 212, 1, 'asdsa_updated', '2021-02-01 16:02:06', '2021-02-01 16:02:06', '997426f7-9603-4b35-82be-28d9ee7c1d08', NULL, NULL, NULL, NULL, NULL, NULL, NULL, NULL, NULL, NULL, NULL, NULL, NULL, NULL, NULL, NULL, NULL, NULL, NULL, NULL, NULL, NULL, NULL, NULL, NULL, NULL, NULL, NULL, NULL, NULL, NULL, NULL, NULL, NULL, NULL, NULL, NULL, NULL, NULL);
INSERT INTO public.content (id, "elementId", "siteId", title, "dateCreated", "dateUpdated", uid, field_body, field_excerpt, field_videohtml, field_faq, field_meta_titel, field_meta_description, field_person_firstname, field_person_lastname, field_person_salutation, field_person_position, field_email, field_phone, field_facebook, field_twitter, field_xing, field_linkedin, field_person_title, field_article_date_old, field_event_date_old, field_hall, field_booth, field_event_date, field_article_date, field_address_name, field_address_street, field_address_postalcode, field_address_city, field_address_country, field_website, field_fax, field_person_email, field_instagram, field_youtube, field_industryarena, field_vdw_id, field_vdw_auftrag, field_event_year, field_sektor_id, field_body_raw) VALUES (303, 212, 2, 'asdsa_updated', '2021-02-01 16:02:07', '2021-02-01 16:02:07', '281eaeec-a073-4c3d-ad19-f6483d7cbb3c', NULL, NULL, NULL, NULL, NULL, NULL, NULL, NULL, NULL, NULL, NULL, NULL, NULL, NULL, NULL, NULL, NULL, NULL, NULL, NULL, NULL, NULL, NULL, NULL, NULL, NULL, NULL, NULL, NULL, NULL, NULL, NULL, NULL, NULL, NULL, NULL, NULL, NULL, NULL);
INSERT INTO public.content (id, "elementId", "siteId", title, "dateCreated", "dateUpdated", uid, field_body, field_excerpt, field_videohtml, field_faq, field_meta_titel, field_meta_description, field_person_firstname, field_person_lastname, field_person_salutation, field_person_position, field_email, field_phone, field_facebook, field_twitter, field_xing, field_linkedin, field_person_title, field_article_date_old, field_event_date_old, field_hall, field_booth, field_event_date, field_article_date, field_address_name, field_address_street, field_address_postalcode, field_address_city, field_address_country, field_website, field_fax, field_person_email, field_instagram, field_youtube, field_industryarena, field_vdw_id, field_vdw_auftrag, field_event_year, field_sektor_id, field_body_raw) VALUES (164, 141, 1, 'Aussteller', '2021-01-22 14:37:36', '2021-01-22 14:37:36', 'f3509a68-325b-49ab-b6f8-56180a3b4fb1', NULL, NULL, NULL, NULL, NULL, NULL, NULL, NULL, NULL, NULL, NULL, NULL, NULL, NULL, NULL, NULL, NULL, NULL, NULL, NULL, NULL, NULL, NULL, NULL, NULL, NULL, NULL, NULL, NULL, NULL, NULL, NULL, NULL, NULL, NULL, NULL, NULL, NULL, NULL);
INSERT INTO public.content (id, "elementId", "siteId", title, "dateCreated", "dateUpdated", uid, field_body, field_excerpt, field_videohtml, field_faq, field_meta_titel, field_meta_description, field_person_firstname, field_person_lastname, field_person_salutation, field_person_position, field_email, field_phone, field_facebook, field_twitter, field_xing, field_linkedin, field_person_title, field_article_date_old, field_event_date_old, field_hall, field_booth, field_event_date, field_article_date, field_address_name, field_address_street, field_address_postalcode, field_address_city, field_address_country, field_website, field_fax, field_person_email, field_instagram, field_youtube, field_industryarena, field_vdw_id, field_vdw_auftrag, field_event_year, field_sektor_id, field_body_raw) VALUES (165, 141, 2, 'Aussteller', '2021-01-22 14:37:36', '2021-01-22 14:37:36', '8a61bfee-a718-4bd2-a827-fcf223aa1aee', NULL, NULL, NULL, NULL, NULL, NULL, NULL, NULL, NULL, NULL, NULL, NULL, NULL, NULL, NULL, NULL, NULL, NULL, NULL, NULL, NULL, NULL, NULL, NULL, NULL, NULL, NULL, NULL, NULL, NULL, NULL, NULL, NULL, NULL, NULL, NULL, NULL, NULL, NULL);
INSERT INTO public.content (id, "elementId", "siteId", title, "dateCreated", "dateUpdated", uid, field_body, field_excerpt, field_videohtml, field_faq, field_meta_titel, field_meta_description, field_person_firstname, field_person_lastname, field_person_salutation, field_person_position, field_email, field_phone, field_facebook, field_twitter, field_xing, field_linkedin, field_person_title, field_article_date_old, field_event_date_old, field_hall, field_booth, field_event_date, field_article_date, field_address_name, field_address_street, field_address_postalcode, field_address_city, field_address_country, field_website, field_fax, field_person_email, field_instagram, field_youtube, field_industryarena, field_vdw_id, field_vdw_auftrag, field_event_year, field_sektor_id, field_body_raw) VALUES (173, 144, 1, 'Konferrenz', '2021-01-22 14:37:54', '2021-01-22 14:37:54', '7ac15216-20c9-4fe5-b6d1-2cb3ace0d7ec', NULL, NULL, NULL, NULL, NULL, NULL, NULL, NULL, NULL, NULL, NULL, NULL, NULL, NULL, NULL, NULL, NULL, NULL, NULL, NULL, NULL, NULL, NULL, NULL, NULL, NULL, NULL, NULL, NULL, NULL, NULL, NULL, NULL, NULL, NULL, NULL, NULL, NULL, NULL);
INSERT INTO public.content (id, "elementId", "siteId", title, "dateCreated", "dateUpdated", uid, field_body, field_excerpt, field_videohtml, field_faq, field_meta_titel, field_meta_description, field_person_firstname, field_person_lastname, field_person_salutation, field_person_position, field_email, field_phone, field_facebook, field_twitter, field_xing, field_linkedin, field_person_title, field_article_date_old, field_event_date_old, field_hall, field_booth, field_event_date, field_article_date, field_address_name, field_address_street, field_address_postalcode, field_address_city, field_address_country, field_website, field_fax, field_person_email, field_instagram, field_youtube, field_industryarena, field_vdw_id, field_vdw_auftrag, field_event_year, field_sektor_id, field_body_raw) VALUES (174, 144, 2, 'Konferrenz', '2021-01-22 14:37:54', '2021-01-22 14:37:54', '10e47d6b-4e46-474d-8d96-21dff8d52726', NULL, NULL, NULL, NULL, NULL, NULL, NULL, NULL, NULL, NULL, NULL, NULL, NULL, NULL, NULL, NULL, NULL, NULL, NULL, NULL, NULL, NULL, NULL, NULL, NULL, NULL, NULL, NULL, NULL, NULL, NULL, NULL, NULL, NULL, NULL, NULL, NULL, NULL, NULL);
INSERT INTO public.content (id, "elementId", "siteId", title, "dateCreated", "dateUpdated", uid, field_body, field_excerpt, field_videohtml, field_faq, field_meta_titel, field_meta_description, field_person_firstname, field_person_lastname, field_person_salutation, field_person_position, field_email, field_phone, field_facebook, field_twitter, field_xing, field_linkedin, field_person_title, field_article_date_old, field_event_date_old, field_hall, field_booth, field_event_date, field_article_date, field_address_name, field_address_street, field_address_postalcode, field_address_city, field_address_country, field_website, field_fax, field_person_email, field_instagram, field_youtube, field_industryarena, field_vdw_id, field_vdw_auftrag, field_event_year, field_sektor_id, field_body_raw) VALUES (156, 138, 2, 'Target groups', '2021-01-22 14:35:35', '2021-01-22 14:36:16', '041574f5-4824-40bd-ac38-d6dbcc8da8f5', NULL, NULL, NULL, NULL, NULL, NULL, NULL, NULL, NULL, NULL, NULL, NULL, NULL, NULL, NULL, NULL, NULL, NULL, NULL, NULL, NULL, NULL, NULL, NULL, NULL, NULL, NULL, NULL, NULL, NULL, NULL, NULL, NULL, NULL, NULL, NULL, NULL, NULL, NULL);
INSERT INTO public.content (id, "elementId", "siteId", title, "dateCreated", "dateUpdated", uid, field_body, field_excerpt, field_videohtml, field_faq, field_meta_titel, field_meta_description, field_person_firstname, field_person_lastname, field_person_salutation, field_person_position, field_email, field_phone, field_facebook, field_twitter, field_xing, field_linkedin, field_person_title, field_article_date_old, field_event_date_old, field_hall, field_booth, field_event_date, field_article_date, field_address_name, field_address_street, field_address_postalcode, field_address_city, field_address_country, field_website, field_fax, field_person_email, field_instagram, field_youtube, field_industryarena, field_vdw_id, field_vdw_auftrag, field_event_year, field_sektor_id, field_body_raw) VALUES (155, 138, 1, 'Zielgruppen', '2021-01-22 14:35:35', '2021-01-22 14:36:16', '3b2d6a98-61f6-498e-91dd-5385361119b7', NULL, NULL, NULL, NULL, NULL, NULL, NULL, NULL, NULL, NULL, NULL, NULL, NULL, NULL, NULL, NULL, NULL, NULL, NULL, NULL, NULL, NULL, NULL, NULL, NULL, NULL, NULL, NULL, NULL, NULL, NULL, NULL, NULL, NULL, NULL, NULL, NULL, NULL, NULL);
INSERT INTO public.content (id, "elementId", "siteId", title, "dateCreated", "dateUpdated", uid, field_body, field_excerpt, field_videohtml, field_faq, field_meta_titel, field_meta_description, field_person_firstname, field_person_lastname, field_person_salutation, field_person_position, field_email, field_phone, field_facebook, field_twitter, field_xing, field_linkedin, field_person_title, field_article_date_old, field_event_date_old, field_hall, field_booth, field_event_date, field_article_date, field_address_name, field_address_street, field_address_postalcode, field_address_city, field_address_country, field_website, field_fax, field_person_email, field_instagram, field_youtube, field_industryarena, field_vdw_id, field_vdw_auftrag, field_event_year, field_sektor_id, field_body_raw) VALUES (167, 142, 1, 'Dienstleister', '2021-01-22 14:37:42', '2021-01-22 14:37:42', 'e3034dd8-8f71-4a96-898f-262de10fd615', NULL, NULL, NULL, NULL, NULL, NULL, NULL, NULL, NULL, NULL, NULL, NULL, NULL, NULL, NULL, NULL, NULL, NULL, NULL, NULL, NULL, NULL, NULL, NULL, NULL, NULL, NULL, NULL, NULL, NULL, NULL, NULL, NULL, NULL, NULL, NULL, NULL, NULL, NULL);
INSERT INTO public.content (id, "elementId", "siteId", title, "dateCreated", "dateUpdated", uid, field_body, field_excerpt, field_videohtml, field_faq, field_meta_titel, field_meta_description, field_person_firstname, field_person_lastname, field_person_salutation, field_person_position, field_email, field_phone, field_facebook, field_twitter, field_xing, field_linkedin, field_person_title, field_article_date_old, field_event_date_old, field_hall, field_booth, field_event_date, field_article_date, field_address_name, field_address_street, field_address_postalcode, field_address_city, field_address_country, field_website, field_fax, field_person_email, field_instagram, field_youtube, field_industryarena, field_vdw_id, field_vdw_auftrag, field_event_year, field_sektor_id, field_body_raw) VALUES (168, 142, 2, 'Dienstleister', '2021-01-22 14:37:42', '2021-01-22 14:37:42', 'a7065fac-29d0-4a45-9432-2ca0a7ed2e25', NULL, NULL, NULL, NULL, NULL, NULL, NULL, NULL, NULL, NULL, NULL, NULL, NULL, NULL, NULL, NULL, NULL, NULL, NULL, NULL, NULL, NULL, NULL, NULL, NULL, NULL, NULL, NULL, NULL, NULL, NULL, NULL, NULL, NULL, NULL, NULL, NULL, NULL, NULL);
INSERT INTO public.content (id, "elementId", "siteId", title, "dateCreated", "dateUpdated", uid, field_body, field_excerpt, field_videohtml, field_faq, field_meta_titel, field_meta_description, field_person_firstname, field_person_lastname, field_person_salutation, field_person_position, field_email, field_phone, field_facebook, field_twitter, field_xing, field_linkedin, field_person_title, field_article_date_old, field_event_date_old, field_hall, field_booth, field_event_date, field_article_date, field_address_name, field_address_street, field_address_postalcode, field_address_city, field_address_country, field_website, field_fax, field_person_email, field_instagram, field_youtube, field_industryarena, field_vdw_id, field_vdw_auftrag, field_event_year, field_sektor_id, field_body_raw) VALUES (179, 146, 1, 'Sonderschau', '2021-01-22 14:38:01', '2021-01-22 14:38:01', '4f233b8d-9913-4908-9052-4c1ba54eb90f', NULL, NULL, NULL, NULL, NULL, NULL, NULL, NULL, NULL, NULL, NULL, NULL, NULL, NULL, NULL, NULL, NULL, NULL, NULL, NULL, NULL, NULL, NULL, NULL, NULL, NULL, NULL, NULL, NULL, NULL, NULL, NULL, NULL, NULL, NULL, NULL, NULL, NULL, NULL);
INSERT INTO public.content (id, "elementId", "siteId", title, "dateCreated", "dateUpdated", uid, field_body, field_excerpt, field_videohtml, field_faq, field_meta_titel, field_meta_description, field_person_firstname, field_person_lastname, field_person_salutation, field_person_position, field_email, field_phone, field_facebook, field_twitter, field_xing, field_linkedin, field_person_title, field_article_date_old, field_event_date_old, field_hall, field_booth, field_event_date, field_article_date, field_address_name, field_address_street, field_address_postalcode, field_address_city, field_address_country, field_website, field_fax, field_person_email, field_instagram, field_youtube, field_industryarena, field_vdw_id, field_vdw_auftrag, field_event_year, field_sektor_id, field_body_raw) VALUES (180, 146, 2, 'Sonderschau', '2021-01-22 14:38:01', '2021-01-22 14:38:01', 'ffd0dff9-0ab5-47b2-bef6-c282727d9f7f', NULL, NULL, NULL, NULL, NULL, NULL, NULL, NULL, NULL, NULL, NULL, NULL, NULL, NULL, NULL, NULL, NULL, NULL, NULL, NULL, NULL, NULL, NULL, NULL, NULL, NULL, NULL, NULL, NULL, NULL, NULL, NULL, NULL, NULL, NULL, NULL, NULL, NULL, NULL);
INSERT INTO public.content (id, "elementId", "siteId", title, "dateCreated", "dateUpdated", uid, field_body, field_excerpt, field_videohtml, field_faq, field_meta_titel, field_meta_description, field_person_firstname, field_person_lastname, field_person_salutation, field_person_position, field_email, field_phone, field_facebook, field_twitter, field_xing, field_linkedin, field_person_title, field_article_date_old, field_event_date_old, field_hall, field_booth, field_event_date, field_article_date, field_address_name, field_address_street, field_address_postalcode, field_address_city, field_address_country, field_website, field_fax, field_person_email, field_instagram, field_youtube, field_industryarena, field_vdw_id, field_vdw_auftrag, field_event_year, field_sektor_id, field_body_raw) VALUES (286, 203, 1, '56', '2021-01-27 16:20:46', '2021-01-27 16:40:11', '06205ba1-6d8a-463b-980a-ad2c623c13df', NULL, NULL, NULL, NULL, NULL, NULL, NULL, NULL, NULL, NULL, NULL, NULL, NULL, NULL, NULL, NULL, NULL, NULL, NULL, NULL, NULL, NULL, NULL, NULL, NULL, NULL, NULL, NULL, NULL, NULL, NULL, NULL, NULL, NULL, NULL, NULL, NULL, NULL, NULL);
INSERT INTO public.content (id, "elementId", "siteId", title, "dateCreated", "dateUpdated", uid, field_body, field_excerpt, field_videohtml, field_faq, field_meta_titel, field_meta_description, field_person_firstname, field_person_lastname, field_person_salutation, field_person_position, field_email, field_phone, field_facebook, field_twitter, field_xing, field_linkedin, field_person_title, field_article_date_old, field_event_date_old, field_hall, field_booth, field_event_date, field_article_date, field_address_name, field_address_street, field_address_postalcode, field_address_city, field_address_country, field_website, field_fax, field_person_email, field_instagram, field_youtube, field_industryarena, field_vdw_id, field_vdw_auftrag, field_event_year, field_sektor_id, field_body_raw) VALUES (287, 203, 2, '56', '2021-01-27 16:20:46', '2021-01-27 16:40:11', '6927f58b-a9f0-4153-848d-0bc587644c96', NULL, NULL, NULL, NULL, NULL, NULL, NULL, NULL, NULL, NULL, NULL, NULL, NULL, NULL, NULL, NULL, NULL, NULL, NULL, NULL, NULL, NULL, NULL, NULL, NULL, NULL, NULL, NULL, NULL, NULL, NULL, NULL, NULL, NULL, NULL, NULL, NULL, NULL, NULL);
INSERT INTO public.content (id, "elementId", "siteId", title, "dateCreated", "dateUpdated", uid, field_body, field_excerpt, field_videohtml, field_faq, field_meta_titel, field_meta_description, field_person_firstname, field_person_lastname, field_person_salutation, field_person_position, field_email, field_phone, field_facebook, field_twitter, field_xing, field_linkedin, field_person_title, field_article_date_old, field_event_date_old, field_hall, field_booth, field_event_date, field_article_date, field_address_name, field_address_street, field_address_postalcode, field_address_city, field_address_country, field_website, field_fax, field_person_email, field_instagram, field_youtube, field_industryarena, field_vdw_id, field_vdw_auftrag, field_event_year, field_sektor_id, field_body_raw) VALUES (294, 208, 1, NULL, '2021-01-29 15:14:25', '2021-01-29 15:14:25', 'db81c287-20d4-4a8d-8f53-cbaf255addaa', NULL, NULL, NULL, NULL, NULL, NULL, NULL, NULL, 'mr', NULL, NULL, NULL, NULL, NULL, NULL, NULL, NULL, NULL, NULL, NULL, NULL, NULL, NULL, NULL, NULL, NULL, NULL, NULL, NULL, NULL, NULL, NULL, NULL, NULL, NULL, NULL, 2019, NULL, NULL);
INSERT INTO public.content (id, "elementId", "siteId", title, "dateCreated", "dateUpdated", uid, field_body, field_excerpt, field_videohtml, field_faq, field_meta_titel, field_meta_description, field_person_firstname, field_person_lastname, field_person_salutation, field_person_position, field_email, field_phone, field_facebook, field_twitter, field_xing, field_linkedin, field_person_title, field_article_date_old, field_event_date_old, field_hall, field_booth, field_event_date, field_article_date, field_address_name, field_address_street, field_address_postalcode, field_address_city, field_address_country, field_website, field_fax, field_person_email, field_instagram, field_youtube, field_industryarena, field_vdw_id, field_vdw_auftrag, field_event_year, field_sektor_id, field_body_raw) VALUES (295, 208, 2, NULL, '2021-01-29 15:14:25', '2021-01-29 15:14:25', '5e0d5312-4689-48c8-b4de-f6b6867a3a13', NULL, NULL, NULL, NULL, NULL, NULL, NULL, NULL, 'mr', NULL, NULL, NULL, NULL, NULL, NULL, NULL, NULL, NULL, NULL, NULL, NULL, NULL, NULL, NULL, NULL, NULL, NULL, NULL, NULL, NULL, NULL, NULL, NULL, NULL, NULL, NULL, 2019, NULL, NULL);
INSERT INTO public.content (id, "elementId", "siteId", title, "dateCreated", "dateUpdated", uid, field_body, field_excerpt, field_videohtml, field_faq, field_meta_titel, field_meta_description, field_person_firstname, field_person_lastname, field_person_salutation, field_person_position, field_email, field_phone, field_facebook, field_twitter, field_xing, field_linkedin, field_person_title, field_article_date_old, field_event_date_old, field_hall, field_booth, field_event_date, field_article_date, field_address_name, field_address_street, field_address_postalcode, field_address_city, field_address_country, field_website, field_fax, field_person_email, field_instagram, field_youtube, field_industryarena, field_vdw_id, field_vdw_auftrag, field_event_year, field_sektor_id, field_body_raw) VALUES (151, 136, 1, NULL, '2021-01-22 14:24:09', '2021-01-22 14:24:09', '024a8c1a-8691-41e9-82e0-f5a644a05933', NULL, NULL, NULL, NULL, NULL, NULL, NULL, NULL, NULL, NULL, NULL, NULL, NULL, NULL, NULL, NULL, NULL, NULL, NULL, NULL, NULL, NULL, NULL, NULL, NULL, NULL, NULL, NULL, NULL, NULL, NULL, NULL, NULL, NULL, NULL, NULL, NULL, NULL, NULL);
INSERT INTO public.content (id, "elementId", "siteId", title, "dateCreated", "dateUpdated", uid, field_body, field_excerpt, field_videohtml, field_faq, field_meta_titel, field_meta_description, field_person_firstname, field_person_lastname, field_person_salutation, field_person_position, field_email, field_phone, field_facebook, field_twitter, field_xing, field_linkedin, field_person_title, field_article_date_old, field_event_date_old, field_hall, field_booth, field_event_date, field_article_date, field_address_name, field_address_street, field_address_postalcode, field_address_city, field_address_country, field_website, field_fax, field_person_email, field_instagram, field_youtube, field_industryarena, field_vdw_id, field_vdw_auftrag, field_event_year, field_sektor_id, field_body_raw) VALUES (152, 137, 1, NULL, '2021-01-22 14:26:15', '2021-01-22 14:26:15', '2e4871d5-67fd-4d32-b0e7-abee2f0cd49f', NULL, NULL, NULL, NULL, NULL, NULL, NULL, NULL, NULL, NULL, NULL, NULL, NULL, NULL, NULL, NULL, NULL, NULL, NULL, NULL, NULL, NULL, NULL, NULL, NULL, NULL, NULL, NULL, NULL, NULL, NULL, NULL, NULL, NULL, NULL, NULL, NULL, NULL, NULL);
INSERT INTO public.content (id, "elementId", "siteId", title, "dateCreated", "dateUpdated", uid, field_body, field_excerpt, field_videohtml, field_faq, field_meta_titel, field_meta_description, field_person_firstname, field_person_lastname, field_person_salutation, field_person_position, field_email, field_phone, field_facebook, field_twitter, field_xing, field_linkedin, field_person_title, field_article_date_old, field_event_date_old, field_hall, field_booth, field_event_date, field_article_date, field_address_name, field_address_street, field_address_postalcode, field_address_city, field_address_country, field_website, field_fax, field_person_email, field_instagram, field_youtube, field_industryarena, field_vdw_id, field_vdw_auftrag, field_event_year, field_sektor_id, field_body_raw) VALUES (153, 137, 2, NULL, '2021-01-22 14:26:15', '2021-01-22 14:26:15', '5c5175a7-ffcf-489b-98fe-28049426eaca', NULL, NULL, NULL, NULL, NULL, NULL, NULL, NULL, NULL, NULL, NULL, NULL, NULL, NULL, NULL, NULL, NULL, NULL, NULL, NULL, NULL, NULL, NULL, NULL, NULL, NULL, NULL, NULL, NULL, NULL, NULL, NULL, NULL, NULL, NULL, NULL, NULL, NULL, NULL);
INSERT INTO public.content (id, "elementId", "siteId", title, "dateCreated", "dateUpdated", uid, field_body, field_excerpt, field_videohtml, field_faq, field_meta_titel, field_meta_description, field_person_firstname, field_person_lastname, field_person_salutation, field_person_position, field_email, field_phone, field_facebook, field_twitter, field_xing, field_linkedin, field_person_title, field_article_date_old, field_event_date_old, field_hall, field_booth, field_event_date, field_article_date, field_address_name, field_address_street, field_address_postalcode, field_address_city, field_address_country, field_website, field_fax, field_person_email, field_instagram, field_youtube, field_industryarena, field_vdw_id, field_vdw_auftrag, field_event_year, field_sektor_id, field_body_raw) VALUES (220, 168, 2, 'Persona', '2021-01-25 14:33:18', '2021-01-25 14:33:18', '0a3feb47-8c13-4c9c-8365-538d40c83b93', NULL, NULL, NULL, NULL, NULL, NULL, NULL, NULL, NULL, NULL, NULL, NULL, NULL, NULL, NULL, NULL, NULL, NULL, NULL, NULL, NULL, NULL, NULL, NULL, NULL, NULL, NULL, NULL, NULL, NULL, NULL, NULL, NULL, NULL, NULL, NULL, NULL, NULL, NULL);
INSERT INTO public.content (id, "elementId", "siteId", title, "dateCreated", "dateUpdated", uid, field_body, field_excerpt, field_videohtml, field_faq, field_meta_titel, field_meta_description, field_person_firstname, field_person_lastname, field_person_salutation, field_person_position, field_email, field_phone, field_facebook, field_twitter, field_xing, field_linkedin, field_person_title, field_article_date_old, field_event_date_old, field_hall, field_booth, field_event_date, field_article_date, field_address_name, field_address_street, field_address_postalcode, field_address_city, field_address_country, field_website, field_fax, field_person_email, field_instagram, field_youtube, field_industryarena, field_vdw_id, field_vdw_auftrag, field_event_year, field_sektor_id, field_body_raw) VALUES (221, 169, 1, 'Moderator', '2021-01-25 14:33:21', '2021-01-25 14:33:21', '54f3332f-8b1b-4e61-af71-724525f8b64b', NULL, NULL, NULL, NULL, NULL, NULL, NULL, NULL, NULL, NULL, NULL, NULL, NULL, NULL, NULL, NULL, NULL, NULL, NULL, NULL, NULL, NULL, NULL, NULL, NULL, NULL, NULL, NULL, NULL, NULL, NULL, NULL, NULL, NULL, NULL, NULL, NULL, NULL, NULL);
INSERT INTO public.content (id, "elementId", "siteId", title, "dateCreated", "dateUpdated", uid, field_body, field_excerpt, field_videohtml, field_faq, field_meta_titel, field_meta_description, field_person_firstname, field_person_lastname, field_person_salutation, field_person_position, field_email, field_phone, field_facebook, field_twitter, field_xing, field_linkedin, field_person_title, field_article_date_old, field_event_date_old, field_hall, field_booth, field_event_date, field_article_date, field_address_name, field_address_street, field_address_postalcode, field_address_city, field_address_country, field_website, field_fax, field_person_email, field_instagram, field_youtube, field_industryarena, field_vdw_id, field_vdw_auftrag, field_event_year, field_sektor_id, field_body_raw) VALUES (222, 169, 2, 'Moderator', '2021-01-25 14:33:22', '2021-01-25 14:33:22', '998ded97-6434-4c0c-ae21-cd835920f94d', NULL, NULL, NULL, NULL, NULL, NULL, NULL, NULL, NULL, NULL, NULL, NULL, NULL, NULL, NULL, NULL, NULL, NULL, NULL, NULL, NULL, NULL, NULL, NULL, NULL, NULL, NULL, NULL, NULL, NULL, NULL, NULL, NULL, NULL, NULL, NULL, NULL, NULL, NULL);
INSERT INTO public.content (id, "elementId", "siteId", title, "dateCreated", "dateUpdated", uid, field_body, field_excerpt, field_videohtml, field_faq, field_meta_titel, field_meta_description, field_person_firstname, field_person_lastname, field_person_salutation, field_person_position, field_email, field_phone, field_facebook, field_twitter, field_xing, field_linkedin, field_person_title, field_article_date_old, field_event_date_old, field_hall, field_booth, field_event_date, field_article_date, field_address_name, field_address_street, field_address_postalcode, field_address_city, field_address_country, field_website, field_fax, field_person_email, field_instagram, field_youtube, field_industryarena, field_vdw_id, field_vdw_auftrag, field_event_year, field_sektor_id, field_body_raw) VALUES (223, 170, 1, 'Speaker', '2021-01-25 14:33:25', '2021-01-25 14:33:25', '88ece581-b052-43f8-a15c-38be8f287532', NULL, NULL, NULL, NULL, NULL, NULL, NULL, NULL, NULL, NULL, NULL, NULL, NULL, NULL, NULL, NULL, NULL, NULL, NULL, NULL, NULL, NULL, NULL, NULL, NULL, NULL, NULL, NULL, NULL, NULL, NULL, NULL, NULL, NULL, NULL, NULL, NULL, NULL, NULL);
INSERT INTO public.content (id, "elementId", "siteId", title, "dateCreated", "dateUpdated", uid, field_body, field_excerpt, field_videohtml, field_faq, field_meta_titel, field_meta_description, field_person_firstname, field_person_lastname, field_person_salutation, field_person_position, field_email, field_phone, field_facebook, field_twitter, field_xing, field_linkedin, field_person_title, field_article_date_old, field_event_date_old, field_hall, field_booth, field_event_date, field_article_date, field_address_name, field_address_street, field_address_postalcode, field_address_city, field_address_country, field_website, field_fax, field_person_email, field_instagram, field_youtube, field_industryarena, field_vdw_id, field_vdw_auftrag, field_event_year, field_sektor_id, field_body_raw) VALUES (224, 170, 2, 'Speaker', '2021-01-25 14:33:25', '2021-01-25 14:33:25', 'c4b6f5e0-3831-4236-b2b1-cf4c27dfb3d8', NULL, NULL, NULL, NULL, NULL, NULL, NULL, NULL, NULL, NULL, NULL, NULL, NULL, NULL, NULL, NULL, NULL, NULL, NULL, NULL, NULL, NULL, NULL, NULL, NULL, NULL, NULL, NULL, NULL, NULL, NULL, NULL, NULL, NULL, NULL, NULL, NULL, NULL, NULL);
INSERT INTO public.content (id, "elementId", "siteId", title, "dateCreated", "dateUpdated", uid, field_body, field_excerpt, field_videohtml, field_faq, field_meta_titel, field_meta_description, field_person_firstname, field_person_lastname, field_person_salutation, field_person_position, field_email, field_phone, field_facebook, field_twitter, field_xing, field_linkedin, field_person_title, field_article_date_old, field_event_date_old, field_hall, field_booth, field_event_date, field_article_date, field_address_name, field_address_street, field_address_postalcode, field_address_city, field_address_country, field_website, field_fax, field_person_email, field_instagram, field_youtube, field_industryarena, field_vdw_id, field_vdw_auftrag, field_event_year, field_sektor_id, field_body_raw) VALUES (225, 171, 1, 'Anprechpartner', '2021-01-25 14:33:28', '2021-01-25 14:33:28', '3c1d36a3-b828-4032-9440-e7f251fce443', NULL, NULL, NULL, NULL, NULL, NULL, NULL, NULL, NULL, NULL, NULL, NULL, NULL, NULL, NULL, NULL, NULL, NULL, NULL, NULL, NULL, NULL, NULL, NULL, NULL, NULL, NULL, NULL, NULL, NULL, NULL, NULL, NULL, NULL, NULL, NULL, NULL, NULL, NULL);
INSERT INTO public.content (id, "elementId", "siteId", title, "dateCreated", "dateUpdated", uid, field_body, field_excerpt, field_videohtml, field_faq, field_meta_titel, field_meta_description, field_person_firstname, field_person_lastname, field_person_salutation, field_person_position, field_email, field_phone, field_facebook, field_twitter, field_xing, field_linkedin, field_person_title, field_article_date_old, field_event_date_old, field_hall, field_booth, field_event_date, field_article_date, field_address_name, field_address_street, field_address_postalcode, field_address_city, field_address_country, field_website, field_fax, field_person_email, field_instagram, field_youtube, field_industryarena, field_vdw_id, field_vdw_auftrag, field_event_year, field_sektor_id, field_body_raw) VALUES (226, 171, 2, 'Anprechpartner', '2021-01-25 14:33:28', '2021-01-25 14:33:28', '6cd1b760-388d-48b2-a8d6-55aa8a8dbb39', NULL, NULL, NULL, NULL, NULL, NULL, NULL, NULL, NULL, NULL, NULL, NULL, NULL, NULL, NULL, NULL, NULL, NULL, NULL, NULL, NULL, NULL, NULL, NULL, NULL, NULL, NULL, NULL, NULL, NULL, NULL, NULL, NULL, NULL, NULL, NULL, NULL, NULL, NULL);
INSERT INTO public.content (id, "elementId", "siteId", title, "dateCreated", "dateUpdated", uid, field_body, field_excerpt, field_videohtml, field_faq, field_meta_titel, field_meta_description, field_person_firstname, field_person_lastname, field_person_salutation, field_person_position, field_email, field_phone, field_facebook, field_twitter, field_xing, field_linkedin, field_person_title, field_article_date_old, field_event_date_old, field_hall, field_booth, field_event_date, field_article_date, field_address_name, field_address_street, field_address_postalcode, field_address_city, field_address_country, field_website, field_fax, field_person_email, field_instagram, field_youtube, field_industryarena, field_vdw_id, field_vdw_auftrag, field_event_year, field_sektor_id, field_body_raw) VALUES (197, 155, 1, NULL, '2021-01-22 15:31:12', '2021-01-22 15:50:27', 'bf44852d-e869-49f9-8ce0-d45bcb63ce01', NULL, NULL, NULL, '[]', NULL, NULL, NULL, NULL, NULL, NULL, NULL, NULL, NULL, NULL, NULL, NULL, NULL, NULL, NULL, NULL, NULL, NULL, NULL, NULL, NULL, NULL, NULL, NULL, NULL, NULL, NULL, NULL, NULL, NULL, NULL, NULL, NULL, NULL, NULL);
INSERT INTO public.content (id, "elementId", "siteId", title, "dateCreated", "dateUpdated", uid, field_body, field_excerpt, field_videohtml, field_faq, field_meta_titel, field_meta_description, field_person_firstname, field_person_lastname, field_person_salutation, field_person_position, field_email, field_phone, field_facebook, field_twitter, field_xing, field_linkedin, field_person_title, field_article_date_old, field_event_date_old, field_hall, field_booth, field_event_date, field_article_date, field_address_name, field_address_street, field_address_postalcode, field_address_city, field_address_country, field_website, field_fax, field_person_email, field_instagram, field_youtube, field_industryarena, field_vdw_id, field_vdw_auftrag, field_event_year, field_sektor_id, field_body_raw) VALUES (227, 172, 1, 'Redakteur', '2021-01-25 14:33:30', '2021-01-25 14:33:30', '35fd77d0-0bac-4a75-b131-fbc88fd001e0', NULL, NULL, NULL, NULL, NULL, NULL, NULL, NULL, NULL, NULL, NULL, NULL, NULL, NULL, NULL, NULL, NULL, NULL, NULL, NULL, NULL, NULL, NULL, NULL, NULL, NULL, NULL, NULL, NULL, NULL, NULL, NULL, NULL, NULL, NULL, NULL, NULL, NULL, NULL);
INSERT INTO public.content (id, "elementId", "siteId", title, "dateCreated", "dateUpdated", uid, field_body, field_excerpt, field_videohtml, field_faq, field_meta_titel, field_meta_description, field_person_firstname, field_person_lastname, field_person_salutation, field_person_position, field_email, field_phone, field_facebook, field_twitter, field_xing, field_linkedin, field_person_title, field_article_date_old, field_event_date_old, field_hall, field_booth, field_event_date, field_article_date, field_address_name, field_address_street, field_address_postalcode, field_address_city, field_address_country, field_website, field_fax, field_person_email, field_instagram, field_youtube, field_industryarena, field_vdw_id, field_vdw_auftrag, field_event_year, field_sektor_id, field_body_raw) VALUES (228, 172, 2, 'Redakteur', '2021-01-25 14:33:30', '2021-01-25 14:33:30', 'a2bc6e0c-97ed-4fa0-b212-a5c6d0754823', NULL, NULL, NULL, NULL, NULL, NULL, NULL, NULL, NULL, NULL, NULL, NULL, NULL, NULL, NULL, NULL, NULL, NULL, NULL, NULL, NULL, NULL, NULL, NULL, NULL, NULL, NULL, NULL, NULL, NULL, NULL, NULL, NULL, NULL, NULL, NULL, NULL, NULL, NULL);
INSERT INTO public.content (id, "elementId", "siteId", title, "dateCreated", "dateUpdated", uid, field_body, field_excerpt, field_videohtml, field_faq, field_meta_titel, field_meta_description, field_person_firstname, field_person_lastname, field_person_salutation, field_person_position, field_email, field_phone, field_facebook, field_twitter, field_xing, field_linkedin, field_person_title, field_article_date_old, field_event_date_old, field_hall, field_booth, field_event_date, field_article_date, field_address_name, field_address_street, field_address_postalcode, field_address_city, field_address_country, field_website, field_fax, field_person_email, field_instagram, field_youtube, field_industryarena, field_vdw_id, field_vdw_auftrag, field_event_year, field_sektor_id, field_body_raw) VALUES (229, 173, 1, 'Messe-Team', '2021-01-25 14:33:33', '2021-01-25 14:33:33', 'd8dc7913-3fb8-4ec3-aa8e-32cd5a0ad7d0', NULL, NULL, NULL, NULL, NULL, NULL, NULL, NULL, NULL, NULL, NULL, NULL, NULL, NULL, NULL, NULL, NULL, NULL, NULL, NULL, NULL, NULL, NULL, NULL, NULL, NULL, NULL, NULL, NULL, NULL, NULL, NULL, NULL, NULL, NULL, NULL, NULL, NULL, NULL);
INSERT INTO public.content (id, "elementId", "siteId", title, "dateCreated", "dateUpdated", uid, field_body, field_excerpt, field_videohtml, field_faq, field_meta_titel, field_meta_description, field_person_firstname, field_person_lastname, field_person_salutation, field_person_position, field_email, field_phone, field_facebook, field_twitter, field_xing, field_linkedin, field_person_title, field_article_date_old, field_event_date_old, field_hall, field_booth, field_event_date, field_article_date, field_address_name, field_address_street, field_address_postalcode, field_address_city, field_address_country, field_website, field_fax, field_person_email, field_instagram, field_youtube, field_industryarena, field_vdw_id, field_vdw_auftrag, field_event_year, field_sektor_id, field_body_raw) VALUES (230, 173, 2, 'Messe-Team', '2021-01-25 14:33:33', '2021-01-25 14:33:33', '49285aed-4661-4f65-973d-844cbeb622f1', NULL, NULL, NULL, NULL, NULL, NULL, NULL, NULL, NULL, NULL, NULL, NULL, NULL, NULL, NULL, NULL, NULL, NULL, NULL, NULL, NULL, NULL, NULL, NULL, NULL, NULL, NULL, NULL, NULL, NULL, NULL, NULL, NULL, NULL, NULL, NULL, NULL, NULL, NULL);
INSERT INTO public.content (id, "elementId", "siteId", title, "dateCreated", "dateUpdated", uid, field_body, field_excerpt, field_videohtml, field_faq, field_meta_titel, field_meta_description, field_person_firstname, field_person_lastname, field_person_salutation, field_person_position, field_email, field_phone, field_facebook, field_twitter, field_xing, field_linkedin, field_person_title, field_article_date_old, field_event_date_old, field_hall, field_booth, field_event_date, field_article_date, field_address_name, field_address_street, field_address_postalcode, field_address_city, field_address_country, field_website, field_fax, field_person_email, field_instagram, field_youtube, field_industryarena, field_vdw_id, field_vdw_auftrag, field_event_year, field_sektor_id, field_body_raw) VALUES (231, 174, 1, 'Software', '2021-01-25 14:34:47', '2021-01-25 14:34:47', '48aedc5e-4a38-4f41-9003-244b90b6b766', NULL, NULL, NULL, NULL, NULL, NULL, NULL, NULL, NULL, NULL, NULL, NULL, NULL, NULL, NULL, NULL, NULL, NULL, NULL, NULL, NULL, NULL, NULL, NULL, NULL, NULL, NULL, NULL, NULL, NULL, NULL, NULL, NULL, NULL, NULL, NULL, NULL, NULL, NULL);
INSERT INTO public.content (id, "elementId", "siteId", title, "dateCreated", "dateUpdated", uid, field_body, field_excerpt, field_videohtml, field_faq, field_meta_titel, field_meta_description, field_person_firstname, field_person_lastname, field_person_salutation, field_person_position, field_email, field_phone, field_facebook, field_twitter, field_xing, field_linkedin, field_person_title, field_article_date_old, field_event_date_old, field_hall, field_booth, field_event_date, field_article_date, field_address_name, field_address_street, field_address_postalcode, field_address_city, field_address_country, field_website, field_fax, field_person_email, field_instagram, field_youtube, field_industryarena, field_vdw_id, field_vdw_auftrag, field_event_year, field_sektor_id, field_body_raw) VALUES (232, 174, 2, 'Software', '2021-01-25 14:34:48', '2021-01-25 14:34:48', 'ec686e2a-2957-41e2-86cc-22b58e035a15', NULL, NULL, NULL, NULL, NULL, NULL, NULL, NULL, NULL, NULL, NULL, NULL, NULL, NULL, NULL, NULL, NULL, NULL, NULL, NULL, NULL, NULL, NULL, NULL, NULL, NULL, NULL, NULL, NULL, NULL, NULL, NULL, NULL, NULL, NULL, NULL, NULL, NULL, NULL);
INSERT INTO public.content (id, "elementId", "siteId", title, "dateCreated", "dateUpdated", uid, field_body, field_excerpt, field_videohtml, field_faq, field_meta_titel, field_meta_description, field_person_firstname, field_person_lastname, field_person_salutation, field_person_position, field_email, field_phone, field_facebook, field_twitter, field_xing, field_linkedin, field_person_title, field_article_date_old, field_event_date_old, field_hall, field_booth, field_event_date, field_article_date, field_address_name, field_address_street, field_address_postalcode, field_address_city, field_address_country, field_website, field_fax, field_person_email, field_instagram, field_youtube, field_industryarena, field_vdw_id, field_vdw_auftrag, field_event_year, field_sektor_id, field_body_raw) VALUES (233, 175, 1, 'Intern', '2021-01-25 14:34:50', '2021-01-25 14:34:50', 'f5e60219-718b-4348-8feb-f8fea16725e4', NULL, NULL, NULL, NULL, NULL, NULL, NULL, NULL, NULL, NULL, NULL, NULL, NULL, NULL, NULL, NULL, NULL, NULL, NULL, NULL, NULL, NULL, NULL, NULL, NULL, NULL, NULL, NULL, NULL, NULL, NULL, NULL, NULL, NULL, NULL, NULL, NULL, NULL, NULL);
INSERT INTO public.content (id, "elementId", "siteId", title, "dateCreated", "dateUpdated", uid, field_body, field_excerpt, field_videohtml, field_faq, field_meta_titel, field_meta_description, field_person_firstname, field_person_lastname, field_person_salutation, field_person_position, field_email, field_phone, field_facebook, field_twitter, field_xing, field_linkedin, field_person_title, field_article_date_old, field_event_date_old, field_hall, field_booth, field_event_date, field_article_date, field_address_name, field_address_street, field_address_postalcode, field_address_city, field_address_country, field_website, field_fax, field_person_email, field_instagram, field_youtube, field_industryarena, field_vdw_id, field_vdw_auftrag, field_event_year, field_sektor_id, field_body_raw) VALUES (234, 175, 2, 'Intern', '2021-01-25 14:34:50', '2021-01-25 14:34:50', 'bb6ccbfe-1b79-4a4f-b3e2-6dfb645582ee', NULL, NULL, NULL, NULL, NULL, NULL, NULL, NULL, NULL, NULL, NULL, NULL, NULL, NULL, NULL, NULL, NULL, NULL, NULL, NULL, NULL, NULL, NULL, NULL, NULL, NULL, NULL, NULL, NULL, NULL, NULL, NULL, NULL, NULL, NULL, NULL, NULL, NULL, NULL);
INSERT INTO public.content (id, "elementId", "siteId", title, "dateCreated", "dateUpdated", uid, field_body, field_excerpt, field_videohtml, field_faq, field_meta_titel, field_meta_description, field_person_firstname, field_person_lastname, field_person_salutation, field_person_position, field_email, field_phone, field_facebook, field_twitter, field_xing, field_linkedin, field_person_title, field_article_date_old, field_event_date_old, field_hall, field_booth, field_event_date, field_article_date, field_address_name, field_address_street, field_address_postalcode, field_address_city, field_address_country, field_website, field_fax, field_person_email, field_instagram, field_youtube, field_industryarena, field_vdw_id, field_vdw_auftrag, field_event_year, field_sektor_id, field_body_raw) VALUES (235, 176, 1, 'Highlight', '2021-01-25 14:34:52', '2021-01-25 14:34:52', 'cf946efd-fb22-4ec1-aea9-45029b33ad00', NULL, NULL, NULL, NULL, NULL, NULL, NULL, NULL, NULL, NULL, NULL, NULL, NULL, NULL, NULL, NULL, NULL, NULL, NULL, NULL, NULL, NULL, NULL, NULL, NULL, NULL, NULL, NULL, NULL, NULL, NULL, NULL, NULL, NULL, NULL, NULL, NULL, NULL, NULL);
INSERT INTO public.content (id, "elementId", "siteId", title, "dateCreated", "dateUpdated", uid, field_body, field_excerpt, field_videohtml, field_faq, field_meta_titel, field_meta_description, field_person_firstname, field_person_lastname, field_person_salutation, field_person_position, field_email, field_phone, field_facebook, field_twitter, field_xing, field_linkedin, field_person_title, field_article_date_old, field_event_date_old, field_hall, field_booth, field_event_date, field_article_date, field_address_name, field_address_street, field_address_postalcode, field_address_city, field_address_country, field_website, field_fax, field_person_email, field_instagram, field_youtube, field_industryarena, field_vdw_id, field_vdw_auftrag, field_event_year, field_sektor_id, field_body_raw) VALUES (236, 176, 2, 'Highlight', '2021-01-25 14:34:53', '2021-01-25 14:34:53', '7374b51b-f983-4c6e-a208-bc1e01fde053', NULL, NULL, NULL, NULL, NULL, NULL, NULL, NULL, NULL, NULL, NULL, NULL, NULL, NULL, NULL, NULL, NULL, NULL, NULL, NULL, NULL, NULL, NULL, NULL, NULL, NULL, NULL, NULL, NULL, NULL, NULL, NULL, NULL, NULL, NULL, NULL, NULL, NULL, NULL);
INSERT INTO public.content (id, "elementId", "siteId", title, "dateCreated", "dateUpdated", uid, field_body, field_excerpt, field_videohtml, field_faq, field_meta_titel, field_meta_description, field_person_firstname, field_person_lastname, field_person_salutation, field_person_position, field_email, field_phone, field_facebook, field_twitter, field_xing, field_linkedin, field_person_title, field_article_date_old, field_event_date_old, field_hall, field_booth, field_event_date, field_article_date, field_address_name, field_address_street, field_address_postalcode, field_address_city, field_address_country, field_website, field_fax, field_person_email, field_instagram, field_youtube, field_industryarena, field_vdw_id, field_vdw_auftrag, field_event_year, field_sektor_id, field_body_raw) VALUES (237, 177, 1, 'Presse', '2021-01-25 14:34:55', '2021-01-25 14:34:55', '724d12a4-ca69-45cb-91d3-383cd25ba7ee', NULL, NULL, NULL, NULL, NULL, NULL, NULL, NULL, NULL, NULL, NULL, NULL, NULL, NULL, NULL, NULL, NULL, NULL, NULL, NULL, NULL, NULL, NULL, NULL, NULL, NULL, NULL, NULL, NULL, NULL, NULL, NULL, NULL, NULL, NULL, NULL, NULL, NULL, NULL);
INSERT INTO public.content (id, "elementId", "siteId", title, "dateCreated", "dateUpdated", uid, field_body, field_excerpt, field_videohtml, field_faq, field_meta_titel, field_meta_description, field_person_firstname, field_person_lastname, field_person_salutation, field_person_position, field_email, field_phone, field_facebook, field_twitter, field_xing, field_linkedin, field_person_title, field_article_date_old, field_event_date_old, field_hall, field_booth, field_event_date, field_article_date, field_address_name, field_address_street, field_address_postalcode, field_address_city, field_address_country, field_website, field_fax, field_person_email, field_instagram, field_youtube, field_industryarena, field_vdw_id, field_vdw_auftrag, field_event_year, field_sektor_id, field_body_raw) VALUES (206, 160, 1, NULL, '2021-01-22 15:57:12', '2021-01-22 16:05:04', 'd9e4d5d9-928f-43d6-aad1-de8d227b77e9', NULL, NULL, NULL, NULL, NULL, NULL, NULL, NULL, NULL, NULL, NULL, NULL, NULL, NULL, NULL, NULL, NULL, NULL, NULL, NULL, NULL, NULL, NULL, NULL, NULL, NULL, NULL, NULL, NULL, NULL, NULL, NULL, NULL, NULL, NULL, NULL, NULL, NULL, NULL);
INSERT INTO public.content (id, "elementId", "siteId", title, "dateCreated", "dateUpdated", uid, field_body, field_excerpt, field_videohtml, field_faq, field_meta_titel, field_meta_description, field_person_firstname, field_person_lastname, field_person_salutation, field_person_position, field_email, field_phone, field_facebook, field_twitter, field_xing, field_linkedin, field_person_title, field_article_date_old, field_event_date_old, field_hall, field_booth, field_event_date, field_article_date, field_address_name, field_address_street, field_address_postalcode, field_address_city, field_address_country, field_website, field_fax, field_person_email, field_instagram, field_youtube, field_industryarena, field_vdw_id, field_vdw_auftrag, field_event_year, field_sektor_id, field_body_raw) VALUES (238, 177, 2, 'Presse', '2021-01-25 14:34:56', '2021-01-25 14:34:56', 'fc4dcf7e-3541-433e-900c-241627d2e0d1', NULL, NULL, NULL, NULL, NULL, NULL, NULL, NULL, NULL, NULL, NULL, NULL, NULL, NULL, NULL, NULL, NULL, NULL, NULL, NULL, NULL, NULL, NULL, NULL, NULL, NULL, NULL, NULL, NULL, NULL, NULL, NULL, NULL, NULL, NULL, NULL, NULL, NULL, NULL);
INSERT INTO public.content (id, "elementId", "siteId", title, "dateCreated", "dateUpdated", uid, field_body, field_excerpt, field_videohtml, field_faq, field_meta_titel, field_meta_description, field_person_firstname, field_person_lastname, field_person_salutation, field_person_position, field_email, field_phone, field_facebook, field_twitter, field_xing, field_linkedin, field_person_title, field_article_date_old, field_event_date_old, field_hall, field_booth, field_event_date, field_article_date, field_address_name, field_address_street, field_address_postalcode, field_address_city, field_address_country, field_website, field_fax, field_person_email, field_instagram, field_youtube, field_industryarena, field_vdw_id, field_vdw_auftrag, field_event_year, field_sektor_id, field_body_raw) VALUES (239, 178, 1, 'Milano', '2021-01-25 14:34:58', '2021-01-25 14:34:58', 'c209321b-2629-4e56-81cf-ddf27634d6ec', NULL, NULL, NULL, NULL, NULL, NULL, NULL, NULL, NULL, NULL, NULL, NULL, NULL, NULL, NULL, NULL, NULL, NULL, NULL, NULL, NULL, NULL, NULL, NULL, NULL, NULL, NULL, NULL, NULL, NULL, NULL, NULL, NULL, NULL, NULL, NULL, NULL, NULL, NULL);
INSERT INTO public.content (id, "elementId", "siteId", title, "dateCreated", "dateUpdated", uid, field_body, field_excerpt, field_videohtml, field_faq, field_meta_titel, field_meta_description, field_person_firstname, field_person_lastname, field_person_salutation, field_person_position, field_email, field_phone, field_facebook, field_twitter, field_xing, field_linkedin, field_person_title, field_article_date_old, field_event_date_old, field_hall, field_booth, field_event_date, field_article_date, field_address_name, field_address_street, field_address_postalcode, field_address_city, field_address_country, field_website, field_fax, field_person_email, field_instagram, field_youtube, field_industryarena, field_vdw_id, field_vdw_auftrag, field_event_year, field_sektor_id, field_body_raw) VALUES (240, 178, 2, 'Milano', '2021-01-25 14:34:58', '2021-01-25 14:34:58', '744e1118-f54a-4b2c-a29f-fa5c78d12fee', NULL, NULL, NULL, NULL, NULL, NULL, NULL, NULL, NULL, NULL, NULL, NULL, NULL, NULL, NULL, NULL, NULL, NULL, NULL, NULL, NULL, NULL, NULL, NULL, NULL, NULL, NULL, NULL, NULL, NULL, NULL, NULL, NULL, NULL, NULL, NULL, NULL, NULL, NULL);
INSERT INTO public.content (id, "elementId", "siteId", title, "dateCreated", "dateUpdated", uid, field_body, field_excerpt, field_videohtml, field_faq, field_meta_titel, field_meta_description, field_person_firstname, field_person_lastname, field_person_salutation, field_person_position, field_email, field_phone, field_facebook, field_twitter, field_xing, field_linkedin, field_person_title, field_article_date_old, field_event_date_old, field_hall, field_booth, field_event_date, field_article_date, field_address_name, field_address_street, field_address_postalcode, field_address_city, field_address_country, field_website, field_fax, field_person_email, field_instagram, field_youtube, field_industryarena, field_vdw_id, field_vdw_auftrag, field_event_year, field_sektor_id, field_body_raw) VALUES (241, 179, 1, 'Zerspanung', '2021-01-25 14:35:01', '2021-01-25 14:35:01', 'c78ee610-37eb-42a9-b2c2-b731ad537039', NULL, NULL, NULL, NULL, NULL, NULL, NULL, NULL, NULL, NULL, NULL, NULL, NULL, NULL, NULL, NULL, NULL, NULL, NULL, NULL, NULL, NULL, NULL, NULL, NULL, NULL, NULL, NULL, NULL, NULL, NULL, NULL, NULL, NULL, NULL, NULL, NULL, NULL, NULL);
INSERT INTO public.content (id, "elementId", "siteId", title, "dateCreated", "dateUpdated", uid, field_body, field_excerpt, field_videohtml, field_faq, field_meta_titel, field_meta_description, field_person_firstname, field_person_lastname, field_person_salutation, field_person_position, field_email, field_phone, field_facebook, field_twitter, field_xing, field_linkedin, field_person_title, field_article_date_old, field_event_date_old, field_hall, field_booth, field_event_date, field_article_date, field_address_name, field_address_street, field_address_postalcode, field_address_city, field_address_country, field_website, field_fax, field_person_email, field_instagram, field_youtube, field_industryarena, field_vdw_id, field_vdw_auftrag, field_event_year, field_sektor_id, field_body_raw) VALUES (242, 179, 2, 'Zerspanung', '2021-01-25 14:35:01', '2021-01-25 14:35:01', 'e1487a4c-4235-49c9-990c-f4c9ddd869c6', NULL, NULL, NULL, NULL, NULL, NULL, NULL, NULL, NULL, NULL, NULL, NULL, NULL, NULL, NULL, NULL, NULL, NULL, NULL, NULL, NULL, NULL, NULL, NULL, NULL, NULL, NULL, NULL, NULL, NULL, NULL, NULL, NULL, NULL, NULL, NULL, NULL, NULL, NULL);
INSERT INTO public.content (id, "elementId", "siteId", title, "dateCreated", "dateUpdated", uid, field_body, field_excerpt, field_videohtml, field_faq, field_meta_titel, field_meta_description, field_person_firstname, field_person_lastname, field_person_salutation, field_person_position, field_email, field_phone, field_facebook, field_twitter, field_xing, field_linkedin, field_person_title, field_article_date_old, field_event_date_old, field_hall, field_booth, field_event_date, field_article_date, field_address_name, field_address_street, field_address_postalcode, field_address_city, field_address_country, field_website, field_fax, field_person_email, field_instagram, field_youtube, field_industryarena, field_vdw_id, field_vdw_auftrag, field_event_year, field_sektor_id, field_body_raw) VALUES (243, 180, 1, 'Schieblehre', '2021-01-25 14:35:03', '2021-01-25 14:35:03', 'fd5d388b-bf11-4bd6-b4e9-6d89617c4f9f', NULL, NULL, NULL, NULL, NULL, NULL, NULL, NULL, NULL, NULL, NULL, NULL, NULL, NULL, NULL, NULL, NULL, NULL, NULL, NULL, NULL, NULL, NULL, NULL, NULL, NULL, NULL, NULL, NULL, NULL, NULL, NULL, NULL, NULL, NULL, NULL, NULL, NULL, NULL);
INSERT INTO public.content (id, "elementId", "siteId", title, "dateCreated", "dateUpdated", uid, field_body, field_excerpt, field_videohtml, field_faq, field_meta_titel, field_meta_description, field_person_firstname, field_person_lastname, field_person_salutation, field_person_position, field_email, field_phone, field_facebook, field_twitter, field_xing, field_linkedin, field_person_title, field_article_date_old, field_event_date_old, field_hall, field_booth, field_event_date, field_article_date, field_address_name, field_address_street, field_address_postalcode, field_address_city, field_address_country, field_website, field_fax, field_person_email, field_instagram, field_youtube, field_industryarena, field_vdw_id, field_vdw_auftrag, field_event_year, field_sektor_id, field_body_raw) VALUES (244, 180, 2, 'Schieblehre', '2021-01-25 14:35:03', '2021-01-25 14:35:03', '290c62d1-5743-49a3-9579-1bca85947955', NULL, NULL, NULL, NULL, NULL, NULL, NULL, NULL, NULL, NULL, NULL, NULL, NULL, NULL, NULL, NULL, NULL, NULL, NULL, NULL, NULL, NULL, NULL, NULL, NULL, NULL, NULL, NULL, NULL, NULL, NULL, NULL, NULL, NULL, NULL, NULL, NULL, NULL, NULL);
INSERT INTO public.content (id, "elementId", "siteId", title, "dateCreated", "dateUpdated", uid, field_body, field_excerpt, field_videohtml, field_faq, field_meta_titel, field_meta_description, field_person_firstname, field_person_lastname, field_person_salutation, field_person_position, field_email, field_phone, field_facebook, field_twitter, field_xing, field_linkedin, field_person_title, field_article_date_old, field_event_date_old, field_hall, field_booth, field_event_date, field_article_date, field_address_name, field_address_street, field_address_postalcode, field_address_city, field_address_country, field_website, field_fax, field_person_email, field_instagram, field_youtube, field_industryarena, field_vdw_id, field_vdw_auftrag, field_event_year, field_sektor_id, field_body_raw) VALUES (207, 161, 1, NULL, '2021-01-22 16:27:22', '2021-01-22 16:28:26', '766f1d0e-273a-44a2-a52a-3e3e2c725b26', NULL, NULL, NULL, NULL, NULL, NULL, NULL, NULL, NULL, NULL, NULL, NULL, NULL, NULL, NULL, NULL, NULL, NULL, NULL, NULL, NULL, NULL, NULL, NULL, NULL, NULL, NULL, NULL, NULL, NULL, NULL, NULL, NULL, NULL, NULL, NULL, NULL, NULL, NULL);
INSERT INTO public.content (id, "elementId", "siteId", title, "dateCreated", "dateUpdated", uid, field_body, field_excerpt, field_videohtml, field_faq, field_meta_titel, field_meta_description, field_person_firstname, field_person_lastname, field_person_salutation, field_person_position, field_email, field_phone, field_facebook, field_twitter, field_xing, field_linkedin, field_person_title, field_article_date_old, field_event_date_old, field_hall, field_booth, field_event_date, field_article_date, field_address_name, field_address_street, field_address_postalcode, field_address_city, field_address_country, field_website, field_fax, field_person_email, field_instagram, field_youtube, field_industryarena, field_vdw_id, field_vdw_auftrag, field_event_year, field_sektor_id, field_body_raw) VALUES (208, 162, 1, NULL, '2021-01-22 16:41:40', '2021-01-22 16:41:40', '7360e735-d6c9-4209-a1cd-3b85bc4b297d', NULL, NULL, NULL, '[]', NULL, NULL, NULL, NULL, NULL, NULL, NULL, NULL, NULL, NULL, NULL, NULL, NULL, NULL, NULL, NULL, NULL, NULL, NULL, NULL, NULL, NULL, NULL, NULL, NULL, NULL, NULL, NULL, NULL, NULL, NULL, NULL, NULL, NULL, NULL);
INSERT INTO public.content (id, "elementId", "siteId", title, "dateCreated", "dateUpdated", uid, field_body, field_excerpt, field_videohtml, field_faq, field_meta_titel, field_meta_description, field_person_firstname, field_person_lastname, field_person_salutation, field_person_position, field_email, field_phone, field_facebook, field_twitter, field_xing, field_linkedin, field_person_title, field_article_date_old, field_event_date_old, field_hall, field_booth, field_event_date, field_article_date, field_address_name, field_address_street, field_address_postalcode, field_address_city, field_address_country, field_website, field_fax, field_person_email, field_instagram, field_youtube, field_industryarena, field_vdw_id, field_vdw_auftrag, field_event_year, field_sektor_id, field_body_raw) VALUES (209, 163, 1, 'Themengebiete', '2021-01-25 14:32:37', '2021-01-25 14:32:37', '10e5a556-390f-41c6-a87b-4ea0a1dccdee', NULL, NULL, NULL, NULL, NULL, NULL, NULL, NULL, NULL, NULL, NULL, NULL, NULL, NULL, NULL, NULL, NULL, NULL, NULL, NULL, NULL, NULL, NULL, NULL, NULL, NULL, NULL, NULL, NULL, NULL, NULL, NULL, NULL, NULL, NULL, NULL, NULL, NULL, NULL);
INSERT INTO public.content (id, "elementId", "siteId", title, "dateCreated", "dateUpdated", uid, field_body, field_excerpt, field_videohtml, field_faq, field_meta_titel, field_meta_description, field_person_firstname, field_person_lastname, field_person_salutation, field_person_position, field_email, field_phone, field_facebook, field_twitter, field_xing, field_linkedin, field_person_title, field_article_date_old, field_event_date_old, field_hall, field_booth, field_event_date, field_article_date, field_address_name, field_address_street, field_address_postalcode, field_address_city, field_address_country, field_website, field_fax, field_person_email, field_instagram, field_youtube, field_industryarena, field_vdw_id, field_vdw_auftrag, field_event_year, field_sektor_id, field_body_raw) VALUES (210, 163, 2, 'Themengebiete', '2021-01-25 14:32:38', '2021-01-25 14:32:38', 'ed0bd1d7-1e75-4cd6-b881-5efa064cc952', NULL, NULL, NULL, NULL, NULL, NULL, NULL, NULL, NULL, NULL, NULL, NULL, NULL, NULL, NULL, NULL, NULL, NULL, NULL, NULL, NULL, NULL, NULL, NULL, NULL, NULL, NULL, NULL, NULL, NULL, NULL, NULL, NULL, NULL, NULL, NULL, NULL, NULL, NULL);
INSERT INTO public.content (id, "elementId", "siteId", title, "dateCreated", "dateUpdated", uid, field_body, field_excerpt, field_videohtml, field_faq, field_meta_titel, field_meta_description, field_person_firstname, field_person_lastname, field_person_salutation, field_person_position, field_email, field_phone, field_facebook, field_twitter, field_xing, field_linkedin, field_person_title, field_article_date_old, field_event_date_old, field_hall, field_booth, field_event_date, field_article_date, field_address_name, field_address_street, field_address_postalcode, field_address_city, field_address_country, field_website, field_fax, field_person_email, field_instagram, field_youtube, field_industryarena, field_vdw_id, field_vdw_auftrag, field_event_year, field_sektor_id, field_body_raw) VALUES (211, 164, 1, 'Elektrotechnik und Elektronik', '2021-01-25 14:32:52', '2021-01-25 14:32:52', 'e0b3ddd4-4c77-4b0d-9fc8-11a6bb46c079', NULL, NULL, NULL, NULL, NULL, NULL, NULL, NULL, NULL, NULL, NULL, NULL, NULL, NULL, NULL, NULL, NULL, NULL, NULL, NULL, NULL, NULL, NULL, NULL, NULL, NULL, NULL, NULL, NULL, NULL, NULL, NULL, NULL, NULL, NULL, NULL, NULL, NULL, NULL);
INSERT INTO public.content (id, "elementId", "siteId", title, "dateCreated", "dateUpdated", uid, field_body, field_excerpt, field_videohtml, field_faq, field_meta_titel, field_meta_description, field_person_firstname, field_person_lastname, field_person_salutation, field_person_position, field_email, field_phone, field_facebook, field_twitter, field_xing, field_linkedin, field_person_title, field_article_date_old, field_event_date_old, field_hall, field_booth, field_event_date, field_article_date, field_address_name, field_address_street, field_address_postalcode, field_address_city, field_address_country, field_website, field_fax, field_person_email, field_instagram, field_youtube, field_industryarena, field_vdw_id, field_vdw_auftrag, field_event_year, field_sektor_id, field_body_raw) VALUES (212, 164, 2, 'Elektrotechnik und Elektronik', '2021-01-25 14:32:52', '2021-01-25 14:32:52', 'b174b472-a340-41e3-83dd-1302c77de848', NULL, NULL, NULL, NULL, NULL, NULL, NULL, NULL, NULL, NULL, NULL, NULL, NULL, NULL, NULL, NULL, NULL, NULL, NULL, NULL, NULL, NULL, NULL, NULL, NULL, NULL, NULL, NULL, NULL, NULL, NULL, NULL, NULL, NULL, NULL, NULL, NULL, NULL, NULL);
INSERT INTO public.content (id, "elementId", "siteId", title, "dateCreated", "dateUpdated", uid, field_body, field_excerpt, field_videohtml, field_faq, field_meta_titel, field_meta_description, field_person_firstname, field_person_lastname, field_person_salutation, field_person_position, field_email, field_phone, field_facebook, field_twitter, field_xing, field_linkedin, field_person_title, field_article_date_old, field_event_date_old, field_hall, field_booth, field_event_date, field_article_date, field_address_name, field_address_street, field_address_postalcode, field_address_city, field_address_country, field_website, field_fax, field_person_email, field_instagram, field_youtube, field_industryarena, field_vdw_id, field_vdw_auftrag, field_event_year, field_sektor_id, field_body_raw) VALUES (213, 165, 1, 'Automobilindustrie und Zulieferer', '2021-01-25 14:32:55', '2021-01-25 14:32:55', '84ed348d-4ced-4567-9739-54404f82cee4', NULL, NULL, NULL, NULL, NULL, NULL, NULL, NULL, NULL, NULL, NULL, NULL, NULL, NULL, NULL, NULL, NULL, NULL, NULL, NULL, NULL, NULL, NULL, NULL, NULL, NULL, NULL, NULL, NULL, NULL, NULL, NULL, NULL, NULL, NULL, NULL, NULL, NULL, NULL);
INSERT INTO public.content (id, "elementId", "siteId", title, "dateCreated", "dateUpdated", uid, field_body, field_excerpt, field_videohtml, field_faq, field_meta_titel, field_meta_description, field_person_firstname, field_person_lastname, field_person_salutation, field_person_position, field_email, field_phone, field_facebook, field_twitter, field_xing, field_linkedin, field_person_title, field_article_date_old, field_event_date_old, field_hall, field_booth, field_event_date, field_article_date, field_address_name, field_address_street, field_address_postalcode, field_address_city, field_address_country, field_website, field_fax, field_person_email, field_instagram, field_youtube, field_industryarena, field_vdw_id, field_vdw_auftrag, field_event_year, field_sektor_id, field_body_raw) VALUES (214, 165, 2, 'Automobilindustrie und Zulieferer', '2021-01-25 14:32:55', '2021-01-25 14:32:55', 'c6a48bf2-c2ba-4e2f-9042-95b79059814e', NULL, NULL, NULL, NULL, NULL, NULL, NULL, NULL, NULL, NULL, NULL, NULL, NULL, NULL, NULL, NULL, NULL, NULL, NULL, NULL, NULL, NULL, NULL, NULL, NULL, NULL, NULL, NULL, NULL, NULL, NULL, NULL, NULL, NULL, NULL, NULL, NULL, NULL, NULL);
INSERT INTO public.content (id, "elementId", "siteId", title, "dateCreated", "dateUpdated", uid, field_body, field_excerpt, field_videohtml, field_faq, field_meta_titel, field_meta_description, field_person_firstname, field_person_lastname, field_person_salutation, field_person_position, field_email, field_phone, field_facebook, field_twitter, field_xing, field_linkedin, field_person_title, field_article_date_old, field_event_date_old, field_hall, field_booth, field_event_date, field_article_date, field_address_name, field_address_street, field_address_postalcode, field_address_city, field_address_country, field_website, field_fax, field_person_email, field_instagram, field_youtube, field_industryarena, field_vdw_id, field_vdw_auftrag, field_event_year, field_sektor_id, field_body_raw) VALUES (215, 166, 1, 'Bearbeitung und Verarbeitung neuer Werkstoffe', '2021-01-25 14:32:59', '2021-01-25 14:32:59', '08b31729-5b5d-4380-9e52-ee384c6fcee7', NULL, NULL, NULL, NULL, NULL, NULL, NULL, NULL, NULL, NULL, NULL, NULL, NULL, NULL, NULL, NULL, NULL, NULL, NULL, NULL, NULL, NULL, NULL, NULL, NULL, NULL, NULL, NULL, NULL, NULL, NULL, NULL, NULL, NULL, NULL, NULL, NULL, NULL, NULL);
INSERT INTO public.content (id, "elementId", "siteId", title, "dateCreated", "dateUpdated", uid, field_body, field_excerpt, field_videohtml, field_faq, field_meta_titel, field_meta_description, field_person_firstname, field_person_lastname, field_person_salutation, field_person_position, field_email, field_phone, field_facebook, field_twitter, field_xing, field_linkedin, field_person_title, field_article_date_old, field_event_date_old, field_hall, field_booth, field_event_date, field_article_date, field_address_name, field_address_street, field_address_postalcode, field_address_city, field_address_country, field_website, field_fax, field_person_email, field_instagram, field_youtube, field_industryarena, field_vdw_id, field_vdw_auftrag, field_event_year, field_sektor_id, field_body_raw) VALUES (216, 166, 2, 'Bearbeitung und Verarbeitung neuer Werkstoffe', '2021-01-25 14:32:59', '2021-01-25 14:32:59', '977181c3-3dda-40ca-a69d-996e174c9432', NULL, NULL, NULL, NULL, NULL, NULL, NULL, NULL, NULL, NULL, NULL, NULL, NULL, NULL, NULL, NULL, NULL, NULL, NULL, NULL, NULL, NULL, NULL, NULL, NULL, NULL, NULL, NULL, NULL, NULL, NULL, NULL, NULL, NULL, NULL, NULL, NULL, NULL, NULL);
INSERT INTO public.content (id, "elementId", "siteId", title, "dateCreated", "dateUpdated", uid, field_body, field_excerpt, field_videohtml, field_faq, field_meta_titel, field_meta_description, field_person_firstname, field_person_lastname, field_person_salutation, field_person_position, field_email, field_phone, field_facebook, field_twitter, field_xing, field_linkedin, field_person_title, field_article_date_old, field_event_date_old, field_hall, field_booth, field_event_date, field_article_date, field_address_name, field_address_street, field_address_postalcode, field_address_city, field_address_country, field_website, field_fax, field_person_email, field_instagram, field_youtube, field_industryarena, field_vdw_id, field_vdw_auftrag, field_event_year, field_sektor_id, field_body_raw) VALUES (217, 167, 1, 'Feinmechanik und Optik', '2021-01-25 14:33:02', '2021-01-25 14:33:02', 'c1d38bdc-7af4-4f45-8965-6799cd48dd64', NULL, NULL, NULL, NULL, NULL, NULL, NULL, NULL, NULL, NULL, NULL, NULL, NULL, NULL, NULL, NULL, NULL, NULL, NULL, NULL, NULL, NULL, NULL, NULL, NULL, NULL, NULL, NULL, NULL, NULL, NULL, NULL, NULL, NULL, NULL, NULL, NULL, NULL, NULL);
INSERT INTO public.content (id, "elementId", "siteId", title, "dateCreated", "dateUpdated", uid, field_body, field_excerpt, field_videohtml, field_faq, field_meta_titel, field_meta_description, field_person_firstname, field_person_lastname, field_person_salutation, field_person_position, field_email, field_phone, field_facebook, field_twitter, field_xing, field_linkedin, field_person_title, field_article_date_old, field_event_date_old, field_hall, field_booth, field_event_date, field_article_date, field_address_name, field_address_street, field_address_postalcode, field_address_city, field_address_country, field_website, field_fax, field_person_email, field_instagram, field_youtube, field_industryarena, field_vdw_id, field_vdw_auftrag, field_event_year, field_sektor_id, field_body_raw) VALUES (218, 167, 2, 'Feinmechanik und Optik', '2021-01-25 14:33:02', '2021-01-25 14:33:02', '79f61d8d-755d-4c06-92c8-6bd4df5eeeeb', NULL, NULL, NULL, NULL, NULL, NULL, NULL, NULL, NULL, NULL, NULL, NULL, NULL, NULL, NULL, NULL, NULL, NULL, NULL, NULL, NULL, NULL, NULL, NULL, NULL, NULL, NULL, NULL, NULL, NULL, NULL, NULL, NULL, NULL, NULL, NULL, NULL, NULL, NULL);
INSERT INTO public.content (id, "elementId", "siteId", title, "dateCreated", "dateUpdated", uid, field_body, field_excerpt, field_videohtml, field_faq, field_meta_titel, field_meta_description, field_person_firstname, field_person_lastname, field_person_salutation, field_person_position, field_email, field_phone, field_facebook, field_twitter, field_xing, field_linkedin, field_person_title, field_article_date_old, field_event_date_old, field_hall, field_booth, field_event_date, field_article_date, field_address_name, field_address_street, field_address_postalcode, field_address_city, field_address_country, field_website, field_fax, field_person_email, field_instagram, field_youtube, field_industryarena, field_vdw_id, field_vdw_auftrag, field_event_year, field_sektor_id, field_body_raw) VALUES (219, 168, 1, 'Persona', '2021-01-25 14:33:18', '2021-01-25 14:33:18', 'b33fe77c-196e-4beb-b97c-1dca49cf50da', NULL, NULL, NULL, NULL, NULL, NULL, NULL, NULL, NULL, NULL, NULL, NULL, NULL, NULL, NULL, NULL, NULL, NULL, NULL, NULL, NULL, NULL, NULL, NULL, NULL, NULL, NULL, NULL, NULL, NULL, NULL, NULL, NULL, NULL, NULL, NULL, NULL, NULL, NULL);
INSERT INTO public.content (id, "elementId", "siteId", title, "dateCreated", "dateUpdated", uid, field_body, field_excerpt, field_videohtml, field_faq, field_meta_titel, field_meta_description, field_person_firstname, field_person_lastname, field_person_salutation, field_person_position, field_email, field_phone, field_facebook, field_twitter, field_xing, field_linkedin, field_person_title, field_article_date_old, field_event_date_old, field_hall, field_booth, field_event_date, field_article_date, field_address_name, field_address_street, field_address_postalcode, field_address_city, field_address_country, field_website, field_fax, field_person_email, field_instagram, field_youtube, field_industryarena, field_vdw_id, field_vdw_auftrag, field_event_year, field_sektor_id, field_body_raw) VALUES (245, 181, 1, 'EMO News', '2021-01-25 14:35:08', '2021-01-25 14:35:08', '34c71f43-1955-4678-a82f-d06ee8a51798', NULL, NULL, NULL, NULL, NULL, NULL, NULL, NULL, NULL, NULL, NULL, NULL, NULL, NULL, NULL, NULL, NULL, NULL, NULL, NULL, NULL, NULL, NULL, NULL, NULL, NULL, NULL, NULL, NULL, NULL, NULL, NULL, NULL, NULL, NULL, NULL, NULL, NULL, NULL);
INSERT INTO public.content (id, "elementId", "siteId", title, "dateCreated", "dateUpdated", uid, field_body, field_excerpt, field_videohtml, field_faq, field_meta_titel, field_meta_description, field_person_firstname, field_person_lastname, field_person_salutation, field_person_position, field_email, field_phone, field_facebook, field_twitter, field_xing, field_linkedin, field_person_title, field_article_date_old, field_event_date_old, field_hall, field_booth, field_event_date, field_article_date, field_address_name, field_address_street, field_address_postalcode, field_address_city, field_address_country, field_website, field_fax, field_person_email, field_instagram, field_youtube, field_industryarena, field_vdw_id, field_vdw_auftrag, field_event_year, field_sektor_id, field_body_raw) VALUES (246, 181, 2, 'EMO News', '2021-01-25 14:35:09', '2021-01-25 14:35:09', '05542b4d-e2f5-4dd4-90e1-8730dd3ab414', NULL, NULL, NULL, NULL, NULL, NULL, NULL, NULL, NULL, NULL, NULL, NULL, NULL, NULL, NULL, NULL, NULL, NULL, NULL, NULL, NULL, NULL, NULL, NULL, NULL, NULL, NULL, NULL, NULL, NULL, NULL, NULL, NULL, NULL, NULL, NULL, NULL, NULL, NULL);
INSERT INTO public.content (id, "elementId", "siteId", title, "dateCreated", "dateUpdated", uid, field_body, field_excerpt, field_videohtml, field_faq, field_meta_titel, field_meta_description, field_person_firstname, field_person_lastname, field_person_salutation, field_person_position, field_email, field_phone, field_facebook, field_twitter, field_xing, field_linkedin, field_person_title, field_article_date_old, field_event_date_old, field_hall, field_booth, field_event_date, field_article_date, field_address_name, field_address_street, field_address_postalcode, field_address_city, field_address_country, field_website, field_fax, field_person_email, field_instagram, field_youtube, field_industryarena, field_vdw_id, field_vdw_auftrag, field_event_year, field_sektor_id, field_body_raw) VALUES (247, 182, 1, NULL, '2021-01-25 14:39:06', '2021-01-25 14:39:26', '555efff7-8656-4d44-81b0-d73c46184dbb', NULL, NULL, NULL, '[]', NULL, NULL, NULL, NULL, NULL, NULL, NULL, NULL, NULL, NULL, NULL, NULL, NULL, NULL, NULL, NULL, NULL, NULL, NULL, NULL, NULL, NULL, NULL, NULL, NULL, NULL, NULL, NULL, NULL, NULL, NULL, NULL, NULL, NULL, NULL);
INSERT INTO public.content (id, "elementId", "siteId", title, "dateCreated", "dateUpdated", uid, field_body, field_excerpt, field_videohtml, field_faq, field_meta_titel, field_meta_description, field_person_firstname, field_person_lastname, field_person_salutation, field_person_position, field_email, field_phone, field_facebook, field_twitter, field_xing, field_linkedin, field_person_title, field_article_date_old, field_event_date_old, field_hall, field_booth, field_event_date, field_article_date, field_address_name, field_address_street, field_address_postalcode, field_address_city, field_address_country, field_website, field_fax, field_person_email, field_instagram, field_youtube, field_industryarena, field_vdw_id, field_vdw_auftrag, field_event_year, field_sektor_id, field_body_raw) VALUES (248, 183, 1, NULL, '2021-01-25 15:12:17', '2021-01-25 15:12:17', '8f43cd5c-c4e0-41c3-ae86-84838cbbf071', NULL, NULL, NULL, '[]', NULL, NULL, NULL, NULL, NULL, NULL, NULL, NULL, NULL, NULL, NULL, NULL, NULL, NULL, NULL, NULL, NULL, NULL, NULL, NULL, NULL, NULL, NULL, NULL, NULL, NULL, NULL, NULL, NULL, NULL, NULL, NULL, NULL, NULL, NULL);
INSERT INTO public.content (id, "elementId", "siteId", title, "dateCreated", "dateUpdated", uid, field_body, field_excerpt, field_videohtml, field_faq, field_meta_titel, field_meta_description, field_person_firstname, field_person_lastname, field_person_salutation, field_person_position, field_email, field_phone, field_facebook, field_twitter, field_xing, field_linkedin, field_person_title, field_article_date_old, field_event_date_old, field_hall, field_booth, field_event_date, field_article_date, field_address_name, field_address_street, field_address_postalcode, field_address_city, field_address_country, field_website, field_fax, field_person_email, field_instagram, field_youtube, field_industryarena, field_vdw_id, field_vdw_auftrag, field_event_year, field_sektor_id, field_body_raw) VALUES (249, 184, 1, NULL, '2021-01-25 15:13:22', '2021-01-25 15:13:22', '36b9c667-f690-4dd6-9302-97514aae8c21', NULL, NULL, NULL, '[]', NULL, NULL, NULL, NULL, NULL, NULL, NULL, NULL, NULL, NULL, NULL, NULL, NULL, NULL, NULL, NULL, NULL, NULL, NULL, NULL, NULL, NULL, NULL, NULL, NULL, NULL, NULL, NULL, NULL, NULL, NULL, NULL, NULL, NULL, NULL);
INSERT INTO public.content (id, "elementId", "siteId", title, "dateCreated", "dateUpdated", uid, field_body, field_excerpt, field_videohtml, field_faq, field_meta_titel, field_meta_description, field_person_firstname, field_person_lastname, field_person_salutation, field_person_position, field_email, field_phone, field_facebook, field_twitter, field_xing, field_linkedin, field_person_title, field_article_date_old, field_event_date_old, field_hall, field_booth, field_event_date, field_article_date, field_address_name, field_address_street, field_address_postalcode, field_address_city, field_address_country, field_website, field_fax, field_person_email, field_instagram, field_youtube, field_industryarena, field_vdw_id, field_vdw_auftrag, field_event_year, field_sektor_id, field_body_raw) VALUES (196, 154, 1, NULL, '2021-01-22 15:25:58', '2021-01-22 15:26:30', '66b9ac98-cb3a-4c99-931d-661d640941fd', NULL, NULL, 'n neuen Eintrag erstellen Titel title Tags tag_title Tags werden genutzt, um Inhalte und Themen zu kategorisieren  Kategorie blog_categories Inhalt body Downloads downloads Mediengallerie mediengallerie Videoeinbettung videoeinbettungn neuen Eintrag erstellen Titel title Tags tag_title Tags werden genutzt, um Inhalte und Themen zu kategorisieren  Kategorie blog_categories Inhalt body Downloads downloads Mediengallerie mediengallerie Videoeinbettung videoeinbettungn neuen Eintrag erstellen Titel title Tags tag_title Tags werden genutzt, um Inhalte und Themen zu kategorisieren  Kategorie blog_categories Inhalt body Downloads downloads Mediengallerie mediengallerie Videoeinbettung videoeinbettungn neuen Eintrag erstellen Titel title Tags tag_title Tags werden genutzt, um Inhalte und Themen zu kategorisieren  Kategorie blog_categories Inhalt body Downloads downloads Mediengallerie mediengallerie Videoeinbettung videoeinbettungn neuen Eintrag erstellen Titel title Tags tag_title Tags werden genutzt, um Inhalte und Themen zu kategorisieren  Kategorie blog_categories Inhalt body Downloads downloads Mediengallerie mediengallerie Videoeinbettung videoeinbettung', '[{"col1":"dfsfs","col2":"sdfsf"},{"col1":"fsdfdsf","col2":"sdfsdf"}]', NULL, NULL, NULL, NULL, NULL, NULL, NULL, NULL, NULL, NULL, NULL, NULL, NULL, NULL, NULL, NULL, NULL, NULL, NULL, NULL, NULL, NULL, NULL, NULL, NULL, NULL, NULL, NULL, NULL, NULL, NULL, NULL, NULL, NULL, NULL);
INSERT INTO public.content (id, "elementId", "siteId", title, "dateCreated", "dateUpdated", uid, field_body, field_excerpt, field_videohtml, field_faq, field_meta_titel, field_meta_description, field_person_firstname, field_person_lastname, field_person_salutation, field_person_position, field_email, field_phone, field_facebook, field_twitter, field_xing, field_linkedin, field_person_title, field_article_date_old, field_event_date_old, field_hall, field_booth, field_event_date, field_article_date, field_address_name, field_address_street, field_address_postalcode, field_address_city, field_address_country, field_website, field_fax, field_person_email, field_instagram, field_youtube, field_industryarena, field_vdw_id, field_vdw_auftrag, field_event_year, field_sektor_id, field_body_raw) VALUES (258, 189, 1, '189', '2021-01-25 17:01:32', '2021-01-27 09:15:03', '22134dc3-9803-42c8-b5c2-1a26791a74c4', NULL, NULL, NULL, NULL, NULL, NULL, NULL, NULL, NULL, NULL, NULL, NULL, NULL, NULL, NULL, NULL, NULL, NULL, '00:30:00', NULL, NULL, NULL, NULL, NULL, NULL, NULL, NULL, NULL, NULL, NULL, NULL, NULL, NULL, NULL, NULL, NULL, NULL, NULL, NULL);
INSERT INTO public.content (id, "elementId", "siteId", title, "dateCreated", "dateUpdated", uid, field_body, field_excerpt, field_videohtml, field_faq, field_meta_titel, field_meta_description, field_person_firstname, field_person_lastname, field_person_salutation, field_person_position, field_email, field_phone, field_facebook, field_twitter, field_xing, field_linkedin, field_person_title, field_article_date_old, field_event_date_old, field_hall, field_booth, field_event_date, field_article_date, field_address_name, field_address_street, field_address_postalcode, field_address_city, field_address_country, field_website, field_fax, field_person_email, field_instagram, field_youtube, field_industryarena, field_vdw_id, field_vdw_auftrag, field_event_year, field_sektor_id, field_body_raw) VALUES (259, 189, 2, '189', '2021-01-25 17:01:32', '2021-01-27 09:15:03', '9f14ad9c-b0c1-46d8-b0fb-94ba085785b2', NULL, NULL, NULL, NULL, NULL, NULL, NULL, NULL, NULL, NULL, NULL, NULL, NULL, NULL, NULL, NULL, NULL, NULL, '00:30:00', NULL, NULL, NULL, NULL, NULL, NULL, NULL, NULL, NULL, NULL, NULL, NULL, NULL, NULL, NULL, NULL, NULL, NULL, NULL, NULL);
INSERT INTO public.content (id, "elementId", "siteId", title, "dateCreated", "dateUpdated", uid, field_body, field_excerpt, field_videohtml, field_faq, field_meta_titel, field_meta_description, field_person_firstname, field_person_lastname, field_person_salutation, field_person_position, field_email, field_phone, field_facebook, field_twitter, field_xing, field_linkedin, field_person_title, field_article_date_old, field_event_date_old, field_hall, field_booth, field_event_date, field_article_date, field_address_name, field_address_street, field_address_postalcode, field_address_city, field_address_country, field_website, field_fax, field_person_email, field_instagram, field_youtube, field_industryarena, field_vdw_id, field_vdw_auftrag, field_event_year, field_sektor_id, field_body_raw) VALUES (252, 186, 1, NULL, '2021-01-25 16:29:28', '2021-01-25 16:29:28', '079d733d-0cde-40f6-b1d9-703d75763522', NULL, NULL, NULL, NULL, NULL, NULL, NULL, NULL, NULL, NULL, NULL, NULL, NULL, NULL, NULL, NULL, NULL, NULL, NULL, NULL, NULL, NULL, NULL, NULL, NULL, NULL, NULL, NULL, NULL, NULL, NULL, NULL, NULL, NULL, NULL, NULL, NULL, NULL, NULL);
INSERT INTO public.content (id, "elementId", "siteId", title, "dateCreated", "dateUpdated", uid, field_body, field_excerpt, field_videohtml, field_faq, field_meta_titel, field_meta_description, field_person_firstname, field_person_lastname, field_person_salutation, field_person_position, field_email, field_phone, field_facebook, field_twitter, field_xing, field_linkedin, field_person_title, field_article_date_old, field_event_date_old, field_hall, field_booth, field_event_date, field_article_date, field_address_name, field_address_street, field_address_postalcode, field_address_city, field_address_country, field_website, field_fax, field_person_email, field_instagram, field_youtube, field_industryarena, field_vdw_id, field_vdw_auftrag, field_event_year, field_sektor_id, field_body_raw) VALUES (253, 186, 2, NULL, '2021-01-25 16:29:28', '2021-01-25 16:29:28', 'e396f105-1008-4fa9-bc5e-b8a3e21ee372', NULL, NULL, NULL, NULL, NULL, NULL, NULL, NULL, NULL, NULL, NULL, NULL, NULL, NULL, NULL, NULL, NULL, NULL, NULL, NULL, NULL, NULL, NULL, NULL, NULL, NULL, NULL, NULL, NULL, NULL, NULL, NULL, NULL, NULL, NULL, NULL, NULL, NULL, NULL);
INSERT INTO public.content (id, "elementId", "siteId", title, "dateCreated", "dateUpdated", uid, field_body, field_excerpt, field_videohtml, field_faq, field_meta_titel, field_meta_description, field_person_firstname, field_person_lastname, field_person_salutation, field_person_position, field_email, field_phone, field_facebook, field_twitter, field_xing, field_linkedin, field_person_title, field_article_date_old, field_event_date_old, field_hall, field_booth, field_event_date, field_article_date, field_address_name, field_address_street, field_address_postalcode, field_address_city, field_address_country, field_website, field_fax, field_person_email, field_instagram, field_youtube, field_industryarena, field_vdw_id, field_vdw_auftrag, field_event_year, field_sektor_id, field_body_raw) VALUES (254, 187, 1, NULL, '2021-01-25 16:34:20', '2021-01-25 16:34:20', '8beb1f1c-4c14-4b12-9a9d-c7044cdcfda9', NULL, NULL, NULL, NULL, NULL, NULL, NULL, NULL, NULL, NULL, NULL, NULL, NULL, NULL, NULL, NULL, NULL, NULL, NULL, NULL, NULL, NULL, NULL, NULL, NULL, NULL, NULL, NULL, NULL, NULL, NULL, NULL, NULL, NULL, NULL, NULL, NULL, NULL, NULL);
INSERT INTO public.content (id, "elementId", "siteId", title, "dateCreated", "dateUpdated", uid, field_body, field_excerpt, field_videohtml, field_faq, field_meta_titel, field_meta_description, field_person_firstname, field_person_lastname, field_person_salutation, field_person_position, field_email, field_phone, field_facebook, field_twitter, field_xing, field_linkedin, field_person_title, field_article_date_old, field_event_date_old, field_hall, field_booth, field_event_date, field_article_date, field_address_name, field_address_street, field_address_postalcode, field_address_city, field_address_country, field_website, field_fax, field_person_email, field_instagram, field_youtube, field_industryarena, field_vdw_id, field_vdw_auftrag, field_event_year, field_sektor_id, field_body_raw) VALUES (255, 187, 2, NULL, '2021-01-25 16:34:20', '2021-01-25 16:34:20', '2f6cbc35-f0d1-4647-b3bf-a06d370a65bf', NULL, NULL, NULL, NULL, NULL, NULL, NULL, NULL, NULL, NULL, NULL, NULL, NULL, NULL, NULL, NULL, NULL, NULL, NULL, NULL, NULL, NULL, NULL, NULL, NULL, NULL, NULL, NULL, NULL, NULL, NULL, NULL, NULL, NULL, NULL, NULL, NULL, NULL, NULL);
INSERT INTO public.content (id, "elementId", "siteId", title, "dateCreated", "dateUpdated", uid, field_body, field_excerpt, field_videohtml, field_faq, field_meta_titel, field_meta_description, field_person_firstname, field_person_lastname, field_person_salutation, field_person_position, field_email, field_phone, field_facebook, field_twitter, field_xing, field_linkedin, field_person_title, field_article_date_old, field_event_date_old, field_hall, field_booth, field_event_date, field_article_date, field_address_name, field_address_street, field_address_postalcode, field_address_city, field_address_country, field_website, field_fax, field_person_email, field_instagram, field_youtube, field_industryarena, field_vdw_id, field_vdw_auftrag, field_event_year, field_sektor_id, field_body_raw) VALUES (256, 188, 1, NULL, '2021-01-25 16:38:43', '2021-01-25 16:38:43', '9262a402-b69f-454d-a4b3-ee5d523b6b0d', NULL, NULL, NULL, NULL, NULL, NULL, NULL, NULL, NULL, NULL, NULL, NULL, NULL, NULL, NULL, NULL, NULL, NULL, NULL, NULL, NULL, NULL, NULL, NULL, NULL, NULL, NULL, NULL, NULL, NULL, NULL, NULL, NULL, NULL, NULL, NULL, NULL, NULL, NULL);
INSERT INTO public.content (id, "elementId", "siteId", title, "dateCreated", "dateUpdated", uid, field_body, field_excerpt, field_videohtml, field_faq, field_meta_titel, field_meta_description, field_person_firstname, field_person_lastname, field_person_salutation, field_person_position, field_email, field_phone, field_facebook, field_twitter, field_xing, field_linkedin, field_person_title, field_article_date_old, field_event_date_old, field_hall, field_booth, field_event_date, field_article_date, field_address_name, field_address_street, field_address_postalcode, field_address_city, field_address_country, field_website, field_fax, field_person_email, field_instagram, field_youtube, field_industryarena, field_vdw_id, field_vdw_auftrag, field_event_year, field_sektor_id, field_body_raw) VALUES (257, 188, 2, NULL, '2021-01-25 16:38:43', '2021-01-25 16:38:43', 'cf4606f0-f96e-4380-b536-1bf36acfd774', NULL, NULL, NULL, NULL, NULL, NULL, NULL, NULL, NULL, NULL, NULL, NULL, NULL, NULL, NULL, NULL, NULL, NULL, NULL, NULL, NULL, NULL, NULL, NULL, NULL, NULL, NULL, NULL, NULL, NULL, NULL, NULL, NULL, NULL, NULL, NULL, NULL, NULL, NULL);
INSERT INTO public.content (id, "elementId", "siteId", title, "dateCreated", "dateUpdated", uid, field_body, field_excerpt, field_videohtml, field_faq, field_meta_titel, field_meta_description, field_person_firstname, field_person_lastname, field_person_salutation, field_person_position, field_email, field_phone, field_facebook, field_twitter, field_xing, field_linkedin, field_person_title, field_article_date_old, field_event_date_old, field_hall, field_booth, field_event_date, field_article_date, field_address_name, field_address_street, field_address_postalcode, field_address_city, field_address_country, field_website, field_fax, field_person_email, field_instagram, field_youtube, field_industryarena, field_vdw_id, field_vdw_auftrag, field_event_year, field_sektor_id, field_body_raw) VALUES (288, 204, 1, '89', '2021-01-27 16:20:47', '2021-01-27 16:40:12', 'aa0b1240-0ca2-4afe-b443-8bcb0ba16820', NULL, NULL, NULL, NULL, NULL, NULL, NULL, NULL, NULL, NULL, NULL, NULL, NULL, NULL, NULL, NULL, NULL, NULL, NULL, NULL, NULL, NULL, NULL, NULL, NULL, NULL, NULL, NULL, NULL, NULL, NULL, NULL, NULL, NULL, NULL, NULL, NULL, NULL, NULL);
INSERT INTO public.content (id, "elementId", "siteId", title, "dateCreated", "dateUpdated", uid, field_body, field_excerpt, field_videohtml, field_faq, field_meta_titel, field_meta_description, field_person_firstname, field_person_lastname, field_person_salutation, field_person_position, field_email, field_phone, field_facebook, field_twitter, field_xing, field_linkedin, field_person_title, field_article_date_old, field_event_date_old, field_hall, field_booth, field_event_date, field_article_date, field_address_name, field_address_street, field_address_postalcode, field_address_city, field_address_country, field_website, field_fax, field_person_email, field_instagram, field_youtube, field_industryarena, field_vdw_id, field_vdw_auftrag, field_event_year, field_sektor_id, field_body_raw) VALUES (289, 204, 2, '89', '2021-01-27 16:20:47', '2021-01-27 16:40:12', '86936609-62c1-45af-b269-115ae6329ced', NULL, NULL, NULL, NULL, NULL, NULL, NULL, NULL, NULL, NULL, NULL, NULL, NULL, NULL, NULL, NULL, NULL, NULL, NULL, NULL, NULL, NULL, NULL, NULL, NULL, NULL, NULL, NULL, NULL, NULL, NULL, NULL, NULL, NULL, NULL, NULL, NULL, NULL, NULL);
INSERT INTO public.content (id, "elementId", "siteId", title, "dateCreated", "dateUpdated", uid, field_body, field_excerpt, field_videohtml, field_faq, field_meta_titel, field_meta_description, field_person_firstname, field_person_lastname, field_person_salutation, field_person_position, field_email, field_phone, field_facebook, field_twitter, field_xing, field_linkedin, field_person_title, field_article_date_old, field_event_date_old, field_hall, field_booth, field_event_date, field_article_date, field_address_name, field_address_street, field_address_postalcode, field_address_city, field_address_country, field_website, field_fax, field_person_email, field_instagram, field_youtube, field_industryarena, field_vdw_id, field_vdw_auftrag, field_event_year, field_sektor_id, field_body_raw) VALUES (260, 190, 1, '190', '2021-01-25 17:03:55', '2021-01-27 09:15:03', '0c543733-46e8-4a11-a04a-7e851ff94fda', NULL, NULL, NULL, NULL, NULL, NULL, NULL, NULL, NULL, NULL, NULL, NULL, NULL, NULL, NULL, NULL, NULL, NULL, NULL, NULL, NULL, NULL, NULL, NULL, NULL, NULL, NULL, NULL, NULL, NULL, NULL, NULL, NULL, NULL, NULL, NULL, NULL, NULL, NULL);
INSERT INTO public.content (id, "elementId", "siteId", title, "dateCreated", "dateUpdated", uid, field_body, field_excerpt, field_videohtml, field_faq, field_meta_titel, field_meta_description, field_person_firstname, field_person_lastname, field_person_salutation, field_person_position, field_email, field_phone, field_facebook, field_twitter, field_xing, field_linkedin, field_person_title, field_article_date_old, field_event_date_old, field_hall, field_booth, field_event_date, field_article_date, field_address_name, field_address_street, field_address_postalcode, field_address_city, field_address_country, field_website, field_fax, field_person_email, field_instagram, field_youtube, field_industryarena, field_vdw_id, field_vdw_auftrag, field_event_year, field_sektor_id, field_body_raw) VALUES (261, 190, 2, '190', '2021-01-25 17:03:55', '2021-01-27 09:15:03', '526c3bce-892d-4a9f-9d3e-76432688d1e9', NULL, NULL, NULL, NULL, NULL, NULL, NULL, NULL, NULL, NULL, NULL, NULL, NULL, NULL, NULL, NULL, NULL, NULL, NULL, NULL, NULL, NULL, NULL, NULL, NULL, NULL, NULL, NULL, NULL, NULL, NULL, NULL, NULL, NULL, NULL, NULL, NULL, NULL, NULL);
INSERT INTO public.content (id, "elementId", "siteId", title, "dateCreated", "dateUpdated", uid, field_body, field_excerpt, field_videohtml, field_faq, field_meta_titel, field_meta_description, field_person_firstname, field_person_lastname, field_person_salutation, field_person_position, field_email, field_phone, field_facebook, field_twitter, field_xing, field_linkedin, field_person_title, field_article_date_old, field_event_date_old, field_hall, field_booth, field_event_date, field_article_date, field_address_name, field_address_street, field_address_postalcode, field_address_city, field_address_country, field_website, field_fax, field_person_email, field_instagram, field_youtube, field_industryarena, field_vdw_id, field_vdw_auftrag, field_event_year, field_sektor_id, field_body_raw) VALUES (275, 197, 2, 'Drehmaschinen', '2021-01-27 15:42:26', '2021-01-27 15:42:26', '22b09c4b-c1fd-4144-9b72-11c15fb461f7', NULL, NULL, NULL, NULL, NULL, NULL, NULL, NULL, NULL, NULL, NULL, NULL, NULL, NULL, NULL, NULL, NULL, NULL, NULL, NULL, NULL, NULL, NULL, NULL, NULL, NULL, NULL, NULL, NULL, NULL, NULL, NULL, NULL, NULL, NULL, NULL, NULL, NULL, NULL);
INSERT INTO public.content (id, "elementId", "siteId", title, "dateCreated", "dateUpdated", uid, field_body, field_excerpt, field_videohtml, field_faq, field_meta_titel, field_meta_description, field_person_firstname, field_person_lastname, field_person_salutation, field_person_position, field_email, field_phone, field_facebook, field_twitter, field_xing, field_linkedin, field_person_title, field_article_date_old, field_event_date_old, field_hall, field_booth, field_event_date, field_article_date, field_address_name, field_address_street, field_address_postalcode, field_address_city, field_address_country, field_website, field_fax, field_person_email, field_instagram, field_youtube, field_industryarena, field_vdw_id, field_vdw_auftrag, field_event_year, field_sektor_id, field_body_raw) VALUES (262, 191, 1, NULL, '2021-01-27 08:49:43', '2021-01-27 08:50:12', '71abaf9c-b4ab-477a-9e2f-7128edaabc85', NULL, NULL, NULL, NULL, NULL, NULL, NULL, NULL, NULL, NULL, NULL, NULL, NULL, NULL, NULL, NULL, NULL, NULL, NULL, NULL, NULL, '2021-01-28 18:00:00', NULL, NULL, NULL, NULL, NULL, NULL, NULL, NULL, NULL, NULL, NULL, NULL, NULL, NULL, NULL, NULL, NULL);
INSERT INTO public.content (id, "elementId", "siteId", title, "dateCreated", "dateUpdated", uid, field_body, field_excerpt, field_videohtml, field_faq, field_meta_titel, field_meta_description, field_person_firstname, field_person_lastname, field_person_salutation, field_person_position, field_email, field_phone, field_facebook, field_twitter, field_xing, field_linkedin, field_person_title, field_article_date_old, field_event_date_old, field_hall, field_booth, field_event_date, field_article_date, field_address_name, field_address_street, field_address_postalcode, field_address_city, field_address_country, field_website, field_fax, field_person_email, field_instagram, field_youtube, field_industryarena, field_vdw_id, field_vdw_auftrag, field_event_year, field_sektor_id, field_body_raw) VALUES (263, 191, 2, NULL, '2021-01-27 08:49:43', '2021-01-27 08:50:12', '424fadaa-70ed-4dab-b169-bc196a28b30e', NULL, NULL, NULL, NULL, NULL, NULL, NULL, NULL, NULL, NULL, NULL, NULL, NULL, NULL, NULL, NULL, NULL, NULL, NULL, NULL, NULL, '2021-01-28 18:00:00', NULL, NULL, NULL, NULL, NULL, NULL, NULL, NULL, NULL, NULL, NULL, NULL, NULL, NULL, NULL, NULL, NULL);
INSERT INTO public.content (id, "elementId", "siteId", title, "dateCreated", "dateUpdated", uid, field_body, field_excerpt, field_videohtml, field_faq, field_meta_titel, field_meta_description, field_person_firstname, field_person_lastname, field_person_salutation, field_person_position, field_email, field_phone, field_facebook, field_twitter, field_xing, field_linkedin, field_person_title, field_article_date_old, field_event_date_old, field_hall, field_booth, field_event_date, field_article_date, field_address_name, field_address_street, field_address_postalcode, field_address_city, field_address_country, field_website, field_fax, field_person_email, field_instagram, field_youtube, field_industryarena, field_vdw_id, field_vdw_auftrag, field_event_year, field_sektor_id, field_body_raw) VALUES (266, 193, 1, NULL, '2021-01-27 13:28:18', '2021-01-27 13:28:18', '4c6e44dd-8778-48a0-9707-7e4fed7f05c0', NULL, NULL, NULL, NULL, NULL, NULL, NULL, NULL, NULL, NULL, NULL, NULL, NULL, NULL, NULL, NULL, NULL, NULL, NULL, NULL, NULL, NULL, NULL, NULL, NULL, NULL, NULL, NULL, NULL, NULL, NULL, NULL, NULL, NULL, NULL, NULL, NULL, NULL, NULL);
INSERT INTO public.content (id, "elementId", "siteId", title, "dateCreated", "dateUpdated", uid, field_body, field_excerpt, field_videohtml, field_faq, field_meta_titel, field_meta_description, field_person_firstname, field_person_lastname, field_person_salutation, field_person_position, field_email, field_phone, field_facebook, field_twitter, field_xing, field_linkedin, field_person_title, field_article_date_old, field_event_date_old, field_hall, field_booth, field_event_date, field_article_date, field_address_name, field_address_street, field_address_postalcode, field_address_city, field_address_country, field_website, field_fax, field_person_email, field_instagram, field_youtube, field_industryarena, field_vdw_id, field_vdw_auftrag, field_event_year, field_sektor_id, field_body_raw) VALUES (267, 193, 2, NULL, '2021-01-27 13:28:18', '2021-01-27 13:28:18', '9e822fbe-1f6b-4dc5-9ac3-3a61a66d424f', NULL, NULL, NULL, NULL, NULL, NULL, NULL, NULL, NULL, NULL, NULL, NULL, NULL, NULL, NULL, NULL, NULL, NULL, NULL, NULL, NULL, NULL, NULL, NULL, NULL, NULL, NULL, NULL, NULL, NULL, NULL, NULL, NULL, NULL, NULL, NULL, NULL, NULL, NULL);
INSERT INTO public.content (id, "elementId", "siteId", title, "dateCreated", "dateUpdated", uid, field_body, field_excerpt, field_videohtml, field_faq, field_meta_titel, field_meta_description, field_person_firstname, field_person_lastname, field_person_salutation, field_person_position, field_email, field_phone, field_facebook, field_twitter, field_xing, field_linkedin, field_person_title, field_article_date_old, field_event_date_old, field_hall, field_booth, field_event_date, field_article_date, field_address_name, field_address_street, field_address_postalcode, field_address_city, field_address_country, field_website, field_fax, field_person_email, field_instagram, field_youtube, field_industryarena, field_vdw_id, field_vdw_auftrag, field_event_year, field_sektor_id, field_body_raw) VALUES (268, 194, 1, NULL, '2021-01-27 15:27:35', '2021-01-27 15:27:35', '6b464657-2851-4d1d-9050-a5204fc5464b', NULL, NULL, NULL, NULL, NULL, NULL, NULL, NULL, 'mr', NULL, NULL, NULL, NULL, NULL, NULL, NULL, NULL, NULL, NULL, NULL, NULL, NULL, NULL, NULL, NULL, NULL, NULL, NULL, NULL, NULL, NULL, NULL, NULL, NULL, NULL, NULL, 2019, NULL, NULL);
INSERT INTO public.content (id, "elementId", "siteId", title, "dateCreated", "dateUpdated", uid, field_body, field_excerpt, field_videohtml, field_faq, field_meta_titel, field_meta_description, field_person_firstname, field_person_lastname, field_person_salutation, field_person_position, field_email, field_phone, field_facebook, field_twitter, field_xing, field_linkedin, field_person_title, field_article_date_old, field_event_date_old, field_hall, field_booth, field_event_date, field_article_date, field_address_name, field_address_street, field_address_postalcode, field_address_city, field_address_country, field_website, field_fax, field_person_email, field_instagram, field_youtube, field_industryarena, field_vdw_id, field_vdw_auftrag, field_event_year, field_sektor_id, field_body_raw) VALUES (272, 196, 1, NULL, '2021-01-27 15:42:08', '2021-01-27 15:42:30', '3246e2c2-a252-4a68-b7ea-8a37e54ae05c', NULL, NULL, NULL, NULL, NULL, NULL, NULL, NULL, NULL, NULL, NULL, NULL, NULL, NULL, NULL, NULL, NULL, NULL, NULL, NULL, NULL, NULL, NULL, NULL, NULL, NULL, NULL, NULL, NULL, NULL, NULL, NULL, NULL, NULL, NULL, NULL, NULL, NULL, NULL);
INSERT INTO public.content (id, "elementId", "siteId", title, "dateCreated", "dateUpdated", uid, field_body, field_excerpt, field_videohtml, field_faq, field_meta_titel, field_meta_description, field_person_firstname, field_person_lastname, field_person_salutation, field_person_position, field_email, field_phone, field_facebook, field_twitter, field_xing, field_linkedin, field_person_title, field_article_date_old, field_event_date_old, field_hall, field_booth, field_event_date, field_article_date, field_address_name, field_address_street, field_address_postalcode, field_address_city, field_address_country, field_website, field_fax, field_person_email, field_instagram, field_youtube, field_industryarena, field_vdw_id, field_vdw_auftrag, field_event_year, field_sektor_id, field_body_raw) VALUES (273, 196, 2, NULL, '2021-01-27 15:42:08', '2021-01-27 15:42:30', '22fbedb3-cb75-43fa-9544-4513e07bd56f', NULL, NULL, NULL, NULL, NULL, NULL, NULL, NULL, NULL, NULL, NULL, NULL, NULL, NULL, NULL, NULL, NULL, NULL, NULL, NULL, NULL, NULL, NULL, NULL, NULL, NULL, NULL, NULL, NULL, NULL, NULL, NULL, NULL, NULL, NULL, NULL, NULL, NULL, NULL);
INSERT INTO public.content (id, "elementId", "siteId", title, "dateCreated", "dateUpdated", uid, field_body, field_excerpt, field_videohtml, field_faq, field_meta_titel, field_meta_description, field_person_firstname, field_person_lastname, field_person_salutation, field_person_position, field_email, field_phone, field_facebook, field_twitter, field_xing, field_linkedin, field_person_title, field_article_date_old, field_event_date_old, field_hall, field_booth, field_event_date, field_article_date, field_address_name, field_address_street, field_address_postalcode, field_address_city, field_address_country, field_website, field_fax, field_person_email, field_instagram, field_youtube, field_industryarena, field_vdw_id, field_vdw_auftrag, field_event_year, field_sektor_id, field_body_raw) VALUES (250, 185, 1, '_mr___mr___mr___mr___mr___mr__', '2021-01-25 15:33:25', '2021-01-27 09:15:01', '21686551-c1d0-4b27-86f6-9fb40d9cdafe', NULL, NULL, NULL, NULL, NULL, NULL, NULL, NULL, 'mr', 'geschaeftsfuehrerVorstandsmitglied', NULL, NULL, NULL, NULL, NULL, NULL, NULL, NULL, NULL, NULL, NULL, NULL, NULL, NULL, NULL, NULL, NULL, NULL, NULL, NULL, NULL, NULL, NULL, NULL, NULL, NULL, NULL, NULL, NULL);
INSERT INTO public.content (id, "elementId", "siteId", title, "dateCreated", "dateUpdated", uid, field_body, field_excerpt, field_videohtml, field_faq, field_meta_titel, field_meta_description, field_person_firstname, field_person_lastname, field_person_salutation, field_person_position, field_email, field_phone, field_facebook, field_twitter, field_xing, field_linkedin, field_person_title, field_article_date_old, field_event_date_old, field_hall, field_booth, field_event_date, field_article_date, field_address_name, field_address_street, field_address_postalcode, field_address_city, field_address_country, field_website, field_fax, field_person_email, field_instagram, field_youtube, field_industryarena, field_vdw_id, field_vdw_auftrag, field_event_year, field_sektor_id, field_body_raw) VALUES (251, 185, 2, '_mr___mr___mr___mr___mr___mr___mr__', '2021-01-25 15:33:25', '2021-01-27 09:15:01', 'ab97cf86-2e55-41e5-8d18-21236cb14945', NULL, NULL, NULL, NULL, NULL, NULL, NULL, NULL, 'mr', 'geschaeftsfuehrerVorstandsmitglied', NULL, NULL, NULL, NULL, NULL, NULL, NULL, NULL, NULL, NULL, NULL, NULL, NULL, NULL, NULL, NULL, NULL, NULL, NULL, NULL, NULL, NULL, NULL, NULL, NULL, NULL, NULL, NULL, NULL);
INSERT INTO public.content (id, "elementId", "siteId", title, "dateCreated", "dateUpdated", uid, field_body, field_excerpt, field_videohtml, field_faq, field_meta_titel, field_meta_description, field_person_firstname, field_person_lastname, field_person_salutation, field_person_position, field_email, field_phone, field_facebook, field_twitter, field_xing, field_linkedin, field_person_title, field_article_date_old, field_event_date_old, field_hall, field_booth, field_event_date, field_article_date, field_address_name, field_address_street, field_address_postalcode, field_address_city, field_address_country, field_website, field_fax, field_person_email, field_instagram, field_youtube, field_industryarena, field_vdw_id, field_vdw_auftrag, field_event_year, field_sektor_id, field_body_raw) VALUES (269, 194, 2, NULL, '2021-01-27 15:27:35', '2021-01-27 15:27:35', 'd050889b-14fc-4066-a7d5-046023410788', NULL, NULL, NULL, NULL, NULL, NULL, NULL, NULL, 'mr', NULL, NULL, NULL, NULL, NULL, NULL, NULL, NULL, NULL, NULL, NULL, NULL, NULL, NULL, NULL, NULL, NULL, NULL, NULL, NULL, NULL, NULL, NULL, NULL, NULL, NULL, NULL, 2019, NULL, NULL);
INSERT INTO public.content (id, "elementId", "siteId", title, "dateCreated", "dateUpdated", uid, field_body, field_excerpt, field_videohtml, field_faq, field_meta_titel, field_meta_description, field_person_firstname, field_person_lastname, field_person_salutation, field_person_position, field_email, field_phone, field_facebook, field_twitter, field_xing, field_linkedin, field_person_title, field_article_date_old, field_event_date_old, field_hall, field_booth, field_event_date, field_article_date, field_address_name, field_address_street, field_address_postalcode, field_address_city, field_address_country, field_website, field_fax, field_person_email, field_instagram, field_youtube, field_industryarena, field_vdw_id, field_vdw_auftrag, field_event_year, field_sektor_id, field_body_raw) VALUES (270, 195, 1, NULL, '2021-01-27 15:28:46', '2021-01-27 15:28:46', '701539fd-ea88-4d90-8495-80d39a861ca6', NULL, NULL, NULL, NULL, NULL, NULL, NULL, NULL, NULL, NULL, NULL, NULL, NULL, NULL, NULL, NULL, NULL, NULL, NULL, NULL, NULL, NULL, NULL, NULL, NULL, NULL, NULL, NULL, NULL, NULL, NULL, NULL, NULL, NULL, NULL, NULL, NULL, NULL, NULL);
INSERT INTO public.content (id, "elementId", "siteId", title, "dateCreated", "dateUpdated", uid, field_body, field_excerpt, field_videohtml, field_faq, field_meta_titel, field_meta_description, field_person_firstname, field_person_lastname, field_person_salutation, field_person_position, field_email, field_phone, field_facebook, field_twitter, field_xing, field_linkedin, field_person_title, field_article_date_old, field_event_date_old, field_hall, field_booth, field_event_date, field_article_date, field_address_name, field_address_street, field_address_postalcode, field_address_city, field_address_country, field_website, field_fax, field_person_email, field_instagram, field_youtube, field_industryarena, field_vdw_id, field_vdw_auftrag, field_event_year, field_sektor_id, field_body_raw) VALUES (271, 195, 2, NULL, '2021-01-27 15:28:46', '2021-01-27 15:28:46', '0c3d7fc5-55e8-43c6-b4e5-7973cebb28d8', NULL, NULL, NULL, NULL, NULL, NULL, NULL, NULL, NULL, NULL, NULL, NULL, NULL, NULL, NULL, NULL, NULL, NULL, NULL, NULL, NULL, NULL, NULL, NULL, NULL, NULL, NULL, NULL, NULL, NULL, NULL, NULL, NULL, NULL, NULL, NULL, NULL, NULL, NULL);
INSERT INTO public.content (id, "elementId", "siteId", title, "dateCreated", "dateUpdated", uid, field_body, field_excerpt, field_videohtml, field_faq, field_meta_titel, field_meta_description, field_person_firstname, field_person_lastname, field_person_salutation, field_person_position, field_email, field_phone, field_facebook, field_twitter, field_xing, field_linkedin, field_person_title, field_article_date_old, field_event_date_old, field_hall, field_booth, field_event_date, field_article_date, field_address_name, field_address_street, field_address_postalcode, field_address_city, field_address_country, field_website, field_fax, field_person_email, field_instagram, field_youtube, field_industryarena, field_vdw_id, field_vdw_auftrag, field_event_year, field_sektor_id, field_body_raw) VALUES (274, 197, 1, 'Drehmaschinen', '2021-01-27 15:42:26', '2021-01-27 15:42:26', 'e8f94c99-2c9f-4f6c-a6c3-7f12af52338f', NULL, NULL, NULL, NULL, NULL, NULL, NULL, NULL, NULL, NULL, NULL, NULL, NULL, NULL, NULL, NULL, NULL, NULL, NULL, NULL, NULL, NULL, NULL, NULL, NULL, NULL, NULL, NULL, NULL, NULL, NULL, NULL, NULL, NULL, NULL, NULL, NULL, NULL, NULL);
INSERT INTO public.content (id, "elementId", "siteId", title, "dateCreated", "dateUpdated", uid, field_body, field_excerpt, field_videohtml, field_faq, field_meta_titel, field_meta_description, field_person_firstname, field_person_lastname, field_person_salutation, field_person_position, field_email, field_phone, field_facebook, field_twitter, field_xing, field_linkedin, field_person_title, field_article_date_old, field_event_date_old, field_hall, field_booth, field_event_date, field_article_date, field_address_name, field_address_street, field_address_postalcode, field_address_city, field_address_country, field_website, field_fax, field_person_email, field_instagram, field_youtube, field_industryarena, field_vdw_id, field_vdw_auftrag, field_event_year, field_sektor_id, field_body_raw) VALUES (276, 198, 1, NULL, '2021-01-27 15:51:04', '2021-01-27 15:51:04', '2de7f34d-78fe-4d62-808a-62d1f4b7ec1f', NULL, NULL, NULL, NULL, NULL, NULL, NULL, NULL, NULL, NULL, NULL, NULL, NULL, NULL, NULL, NULL, NULL, NULL, NULL, NULL, NULL, NULL, NULL, NULL, NULL, NULL, NULL, NULL, NULL, NULL, NULL, NULL, NULL, NULL, NULL, NULL, NULL, NULL, NULL);
INSERT INTO public.content (id, "elementId", "siteId", title, "dateCreated", "dateUpdated", uid, field_body, field_excerpt, field_videohtml, field_faq, field_meta_titel, field_meta_description, field_person_firstname, field_person_lastname, field_person_salutation, field_person_position, field_email, field_phone, field_facebook, field_twitter, field_xing, field_linkedin, field_person_title, field_article_date_old, field_event_date_old, field_hall, field_booth, field_event_date, field_article_date, field_address_name, field_address_street, field_address_postalcode, field_address_city, field_address_country, field_website, field_fax, field_person_email, field_instagram, field_youtube, field_industryarena, field_vdw_id, field_vdw_auftrag, field_event_year, field_sektor_id, field_body_raw) VALUES (277, 198, 2, NULL, '2021-01-27 15:51:04', '2021-01-27 15:51:04', '2036ff1c-10f5-44b9-8288-d409b302c4bf', NULL, NULL, NULL, NULL, NULL, NULL, NULL, NULL, NULL, NULL, NULL, NULL, NULL, NULL, NULL, NULL, NULL, NULL, NULL, NULL, NULL, NULL, NULL, NULL, NULL, NULL, NULL, NULL, NULL, NULL, NULL, NULL, NULL, NULL, NULL, NULL, NULL, NULL, NULL);
INSERT INTO public.content (id, "elementId", "siteId", title, "dateCreated", "dateUpdated", uid, field_body, field_excerpt, field_videohtml, field_faq, field_meta_titel, field_meta_description, field_person_firstname, field_person_lastname, field_person_salutation, field_person_position, field_email, field_phone, field_facebook, field_twitter, field_xing, field_linkedin, field_person_title, field_article_date_old, field_event_date_old, field_hall, field_booth, field_event_date, field_article_date, field_address_name, field_address_street, field_address_postalcode, field_address_city, field_address_country, field_website, field_fax, field_person_email, field_instagram, field_youtube, field_industryarena, field_vdw_id, field_vdw_auftrag, field_event_year, field_sektor_id, field_body_raw) VALUES (278, 199, 1, NULL, '2021-01-27 15:51:07', '2021-01-27 15:51:07', '6308b041-4ff3-480a-984b-85454433bc31', NULL, NULL, NULL, NULL, NULL, NULL, NULL, NULL, NULL, NULL, NULL, NULL, NULL, NULL, NULL, NULL, NULL, NULL, NULL, NULL, NULL, NULL, NULL, NULL, NULL, NULL, NULL, NULL, NULL, NULL, NULL, NULL, NULL, NULL, NULL, NULL, NULL, NULL, NULL);
INSERT INTO public.content (id, "elementId", "siteId", title, "dateCreated", "dateUpdated", uid, field_body, field_excerpt, field_videohtml, field_faq, field_meta_titel, field_meta_description, field_person_firstname, field_person_lastname, field_person_salutation, field_person_position, field_email, field_phone, field_facebook, field_twitter, field_xing, field_linkedin, field_person_title, field_article_date_old, field_event_date_old, field_hall, field_booth, field_event_date, field_article_date, field_address_name, field_address_street, field_address_postalcode, field_address_city, field_address_country, field_website, field_fax, field_person_email, field_instagram, field_youtube, field_industryarena, field_vdw_id, field_vdw_auftrag, field_event_year, field_sektor_id, field_body_raw) VALUES (279, 199, 2, NULL, '2021-01-27 15:51:07', '2021-01-27 15:51:07', '1a6b021b-ccd3-42e2-b716-e0f3972cee3e', NULL, NULL, NULL, NULL, NULL, NULL, NULL, NULL, NULL, NULL, NULL, NULL, NULL, NULL, NULL, NULL, NULL, NULL, NULL, NULL, NULL, NULL, NULL, NULL, NULL, NULL, NULL, NULL, NULL, NULL, NULL, NULL, NULL, NULL, NULL, NULL, NULL, NULL, NULL);


--
-- Data for Name: craftidtokens; Type: TABLE DATA; Schema: public; Owner: -
--

INSERT INTO public.craftidtokens (id, "userId", "accessToken", "expiryDate", "dateCreated", "dateUpdated", uid) VALUES (1, 16, 'eyJ0eXAiOiJKV1QiLCJhbGciOiJSUzI1NiIsImp0aSI6IjMxNzhmYjkzMWU2NTEwZGYwYmExOTQ3ZDQ5YWNhYWM2NjgyYTUyN2JhNDEwMGQyM2ZjYTI5Njk5MDQwMGZiMjBhMjBkMjYzYTVhMWZiNzBlIn0.eyJhdWQiOiI2RHZFcmE3ZXFSS0xZaWM5Zm92eUQyRldGall4UndabiIsImp0aSI6IjMxNzhmYjkzMWU2NTEwZGYwYmExOTQ3ZDQ5YWNhYWM2NjgyYTUyN2JhNDEwMGQyM2ZjYTI5Njk5MDQwMGZiMjBhMjBkMjYzYTVhMWZiNzBlIiwiaWF0IjoxNjExNzY1Njg3LCJuYmYiOjE2MTE3NjU2ODcsImV4cCI6MTYxNDM1NzY4Nywic3ViIjoiNDI3MDY2Iiwic2NvcGVzIjpbInB1cmNoYXNlUGx1Z2lucyIsImV4aXN0aW5nUGx1Z2lucyIsInRyYW5zZmVyUGx1Z2luTGljZW5zZSIsImRlYXNzb2NpYXRlUGx1Z2luTGljZW5zZSJdfQ.XNXGp8rb-gmbbo_65cGMLlSFyOE8yScPs9G8zsyA29c-C4hihr4Oozo_kI-FcJUqyU3fbvj6uDBoKIKgNf4yYqJWkZRx8AslIGSdUVrC0x6Dkhd4OC6LFgM3dcSLyY1y_cG8c11_I87yKhvoA733FHy_uN2pleTMTgLyALuujlQ', '2021-02-26 16:41:29', '2021-01-27 16:41:29', '2021-01-27 16:41:29', '45a04924-a08b-4083-80f9-5c31e5c2109f');


--
-- Data for Name: deprecationerrors; Type: TABLE DATA; Schema: public; Owner: -
--



--
-- Data for Name: drafts; Type: TABLE DATA; Schema: public; Owner: -
--

INSERT INTO public.drafts (id, "sourceId", "creatorId", name, notes, "trackChanges", "dateLastMerged") VALUES (27, NULL, 16, 'Erster Entwurf', NULL, false, NULL);
INSERT INTO public.drafts (id, "sourceId", "creatorId", name, notes, "trackChanges", "dateLastMerged") VALUES (28, NULL, 16, 'Erster Entwurf', NULL, false, NULL);
INSERT INTO public.drafts (id, "sourceId", "creatorId", name, notes, "trackChanges", "dateLastMerged") VALUES (29, NULL, 16, 'Erster Entwurf', NULL, false, NULL);
INSERT INTO public.drafts (id, "sourceId", "creatorId", name, notes, "trackChanges", "dateLastMerged") VALUES (19, NULL, 16, 'Erster Entwurf', NULL, false, NULL);
INSERT INTO public.drafts (id, "sourceId", "creatorId", name, notes, "trackChanges", "dateLastMerged") VALUES (32, NULL, 16, 'Erster Entwurf', NULL, false, NULL);
INSERT INTO public.drafts (id, "sourceId", "creatorId", name, notes, "trackChanges", "dateLastMerged") VALUES (26, NULL, 16, 'Erster Entwurf', NULL, false, NULL);
INSERT INTO public.drafts (id, "sourceId", "creatorId", name, notes, "trackChanges", "dateLastMerged") VALUES (20, NULL, 16, 'Erster Entwurf', NULL, false, NULL);
INSERT INTO public.drafts (id, "sourceId", "creatorId", name, notes, "trackChanges", "dateLastMerged") VALUES (5, NULL, 16, 'Erster Entwurf', NULL, false, NULL);
INSERT INTO public.drafts (id, "sourceId", "creatorId", name, notes, "trackChanges", "dateLastMerged") VALUES (30, NULL, 16, 'Erster Entwurf', NULL, false, NULL);
INSERT INTO public.drafts (id, "sourceId", "creatorId", name, notes, "trackChanges", "dateLastMerged") VALUES (31, NULL, 16, 'Erster Entwurf', NULL, false, NULL);
INSERT INTO public.drafts (id, "sourceId", "creatorId", name, notes, "trackChanges", "dateLastMerged") VALUES (33, NULL, 16, 'Erster Entwurf', NULL, false, NULL);
INSERT INTO public.drafts (id, "sourceId", "creatorId", name, notes, "trackChanges", "dateLastMerged") VALUES (34, NULL, 16, 'Erster Entwurf', NULL, false, NULL);
INSERT INTO public.drafts (id, "sourceId", "creatorId", name, notes, "trackChanges", "dateLastMerged") VALUES (35, NULL, 16, 'Erster Entwurf', NULL, false, NULL);
INSERT INTO public.drafts (id, "sourceId", "creatorId", name, notes, "trackChanges", "dateLastMerged") VALUES (21, NULL, 16, 'Erster Entwurf', NULL, false, NULL);
INSERT INTO public.drafts (id, "sourceId", "creatorId", name, notes, "trackChanges", "dateLastMerged") VALUES (22, NULL, 16, 'Erster Entwurf', NULL, false, NULL);
INSERT INTO public.drafts (id, "sourceId", "creatorId", name, notes, "trackChanges", "dateLastMerged") VALUES (14, NULL, 16, 'Erster Entwurf', NULL, false, NULL);
INSERT INTO public.drafts (id, "sourceId", "creatorId", name, notes, "trackChanges", "dateLastMerged") VALUES (15, NULL, 16, 'Erster Entwurf', NULL, false, NULL);
INSERT INTO public.drafts (id, "sourceId", "creatorId", name, notes, "trackChanges", "dateLastMerged") VALUES (36, NULL, 16, 'Erster Entwurf', NULL, false, NULL);
INSERT INTO public.drafts (id, "sourceId", "creatorId", name, notes, "trackChanges", "dateLastMerged") VALUES (16, NULL, 16, 'Erster Entwurf', NULL, false, NULL);
INSERT INTO public.drafts (id, "sourceId", "creatorId", name, notes, "trackChanges", "dateLastMerged") VALUES (17, NULL, 16, 'Erster Entwurf', NULL, false, NULL);
INSERT INTO public.drafts (id, "sourceId", "creatorId", name, notes, "trackChanges", "dateLastMerged") VALUES (23, NULL, 16, 'Erster Entwurf', NULL, false, NULL);
INSERT INTO public.drafts (id, "sourceId", "creatorId", name, notes, "trackChanges", "dateLastMerged") VALUES (24, NULL, 16, 'Erster Entwurf', NULL, false, NULL);
INSERT INTO public.drafts (id, "sourceId", "creatorId", name, notes, "trackChanges", "dateLastMerged") VALUES (25, NULL, 16, 'Erster Entwurf', NULL, false, NULL);
INSERT INTO public.drafts (id, "sourceId", "creatorId", name, notes, "trackChanges", "dateLastMerged") VALUES (37, NULL, 16, 'Erster Entwurf', NULL, false, NULL);
INSERT INTO public.drafts (id, "sourceId", "creatorId", name, notes, "trackChanges", "dateLastMerged") VALUES (18, NULL, 16, 'Erster Entwurf', NULL, false, NULL);
INSERT INTO public.drafts (id, "sourceId", "creatorId", name, notes, "trackChanges", "dateLastMerged") VALUES (38, NULL, 16, 'Erster Entwurf', NULL, false, NULL);
INSERT INTO public.drafts (id, "sourceId", "creatorId", name, notes, "trackChanges", "dateLastMerged") VALUES (39, NULL, 16, 'Erster Entwurf', NULL, false, NULL);
INSERT INTO public.drafts (id, "sourceId", "creatorId", name, notes, "trackChanges", "dateLastMerged") VALUES (40, NULL, 16, 'Erster Entwurf', NULL, false, NULL);


--
-- Data for Name: elementindexsettings; Type: TABLE DATA; Schema: public; Owner: -
--

INSERT INTO public.elementindexsettings (id, type, settings, "dateCreated", "dateUpdated", uid) VALUES (1, 'craft\elements\User', '{"sources":{"*":{"tableAttributes":{"1":"id","2":"fullName","3":"email","4":"dateCreated","5":"lastLoginDate","6":"preferredLanguage"}},"group:b3ebc429-1aaf-4077-9b55-732d13785f99":{"tableAttributes":{"1":"id","2":"fullName","3":"email","4":"dateCreated","5":"lastLoginDate"}}}}', '2020-12-04 09:30:00', '2020-12-04 09:30:00', '878a7cbe-b2fe-45ba-94c7-8e2d1dcdb3c8');
INSERT INTO public.elementindexsettings (id, type, settings, "dateCreated", "dateUpdated", uid) VALUES (8, 'craft\elements\Category', '{"sources":{"group:61b9cdf6-219a-4096-b35b-538d624e1ba9":{"tableAttributes":[]},"group:68aee50b-ea3a-4325-aed3-211fef3f4db3":{"tableAttributes":[]}}}', '2021-01-25 15:11:07', '2021-01-25 15:11:07', '359b4428-8bb3-413e-8bfe-932dd83b075d');
INSERT INTO public.elementindexsettings (id, type, settings, "dateCreated", "dateUpdated", uid) VALUES (3, 'craft\elements\Entry', '{"sources":{"*":{"tableAttributes":{"1":"section","2":"postDate","3":"expiryDate","4":"author","5":"link"}},"section:ea25caf0-a9ce-415f-91f4-7c047d9b1933":{"tableAttributes":{"1":"postDate","2":"expiryDate","3":"author","4":"link","5":"field:9","6":"field:14"}},"section:f65cbcf7-3ede-40b8-b09e-b3a8e1a4674c":{"tableAttributes":{"1":"postDate","2":"expiryDate","3":"author","4":"link"}},"section:0daaa545-d1a0-4655-a507-2bac8b560f1d":{"tableAttributes":{"1":"postDate","2":"expiryDate","3":"author","4":"link"}},"section:2a038e37-6c48-4746-8b6d-b27fabf7972f":{"tableAttributes":{"1":"postDate","2":"expiryDate","3":"author","4":"link"}}},"sourceOrder":[["key","*"],["heading","Inhalt"],["key","section:9b5bd243-bb29-4fea-81a4-e597852129b7"],["key","section:ea25caf0-a9ce-415f-91f4-7c047d9b1933"],["heading","Sonstiges"],["key","section:f65cbcf7-3ede-40b8-b09e-b3a8e1a4674c"],["key","section:0daaa545-d1a0-4655-a507-2bac8b560f1d"],["key","section:06745480-8d8c-4976-934e-dc80b2ab5632"],["key","section:1b0aae41-58ef-4c4b-8749-6e8a8c98221d"],["key","section:2a038e37-6c48-4746-8b6d-b27fabf7972f"]]}', '2021-01-27 15:29:15', '2021-01-27 15:29:15', 'be493dac-e388-489b-a0b1-2f72d4b01a7c');


--
-- Data for Name: elements; Type: TABLE DATA; Schema: public; Owner: -
--

INSERT INTO public.elements (id, "draftId", "revisionId", "fieldLayoutId", type, enabled, archived, "dateCreated", "dateUpdated", "dateDeleted", uid) VALUES (183, 24, NULL, 9, 'craft\elements\Entry', true, false, '2021-01-25 15:12:17', '2021-01-25 15:12:17', NULL, '7784e9b6-0ede-4df6-9f8f-e41c13db77a1');
INSERT INTO public.elements (id, "draftId", "revisionId", "fieldLayoutId", type, enabled, archived, "dateCreated", "dateUpdated", "dateDeleted", uid) VALUES (187, 28, NULL, 16, 'craft\elements\Entry', true, false, '2021-01-25 16:34:20', '2021-01-25 16:34:20', NULL, '523bbc80-4474-4329-8122-f1c90a5e345d');
INSERT INTO public.elements (id, "draftId", "revisionId", "fieldLayoutId", type, enabled, archived, "dateCreated", "dateUpdated", "dateDeleted", uid) VALUES (204, NULL, NULL, 2, 'craft\elements\Asset', true, false, '2021-01-27 16:20:47', '2021-01-27 16:40:12', NULL, '5f1849b5-4781-4989-bba8-3992047f9c81');
INSERT INTO public.elements (id, "draftId", "revisionId", "fieldLayoutId", type, enabled, archived, "dateCreated", "dateUpdated", "dateDeleted", uid) VALUES (200, NULL, NULL, 2, 'craft\elements\Asset', true, false, '2021-01-27 16:20:43', '2021-01-27 16:40:12', NULL, '3c066f69-ad70-4116-9a6d-2955666ebf8a');
INSERT INTO public.elements (id, "draftId", "revisionId", "fieldLayoutId", type, enabled, archived, "dateCreated", "dateUpdated", "dateDeleted", uid) VALUES (1, NULL, NULL, NULL, 'craft\elements\User', true, false, '2020-11-25 10:32:44', '2020-12-11 15:04:23', '2021-01-29 13:21:50', '1641c826-c3d9-4115-a69e-3767b9bf8b51');
INSERT INTO public.elements (id, "draftId", "revisionId", "fieldLayoutId", type, enabled, archived, "dateCreated", "dateUpdated", "dateDeleted", uid) VALUES (208, 40, NULL, 20, 'craft\elements\Entry', true, false, '2021-01-29 15:14:25', '2021-01-29 15:14:25', NULL, '93aa4774-23db-413b-81c9-4ee7f3807e53');
INSERT INTO public.elements (id, "draftId", "revisionId", "fieldLayoutId", type, enabled, archived, "dateCreated", "dateUpdated", "dateDeleted", uid) VALUES (212, NULL, NULL, 21, 'craft\elements\Entry', true, false, '2021-02-01 16:02:06', '2021-02-01 16:02:06', NULL, '93ab84a7-7a9b-4e47-adc8-b10a02ca1e16');
INSERT INTO public.elements (id, "draftId", "revisionId", "fieldLayoutId", type, enabled, archived, "dateCreated", "dateUpdated", "dateDeleted", uid) VALUES (191, 32, NULL, 17, 'craft\elements\Entry', true, false, '2021-01-27 08:49:43', '2021-01-27 08:50:12', NULL, 'a10362e2-e7c5-428a-8584-bff2c84b4571');
INSERT INTO public.elements (id, "draftId", "revisionId", "fieldLayoutId", type, enabled, archived, "dateCreated", "dateUpdated", "dateDeleted", uid) VALUES (195, 35, NULL, 21, 'craft\elements\Entry', true, false, '2021-01-27 15:28:46', '2021-01-27 15:28:46', NULL, '9b105f6a-bca9-4ff6-a544-e9e5598823f6');
INSERT INTO public.elements (id, "draftId", "revisionId", "fieldLayoutId", type, enabled, archived, "dateCreated", "dateUpdated", "dateDeleted", uid) VALUES (198, 37, NULL, 21, 'craft\elements\Entry', true, false, '2021-01-27 15:51:04', '2021-01-27 15:51:04', NULL, '5f15e368-7c39-4037-b142-a0f7b237b7d7');
INSERT INTO public.elements (id, "draftId", "revisionId", "fieldLayoutId", type, enabled, archived, "dateCreated", "dateUpdated", "dateDeleted", uid) VALUES (25, 5, NULL, NULL, 'craft\elements\Entry', true, false, '2020-11-25 12:17:58', '2020-11-25 12:17:58', NULL, 'b8e0e652-827c-4ab9-b2a6-78dc94069531');
INSERT INTO public.elements (id, "draftId", "revisionId", "fieldLayoutId", type, enabled, archived, "dateCreated", "dateUpdated", "dateDeleted", uid) VALUES (184, 25, NULL, 9, 'craft\elements\Entry', true, false, '2021-01-25 15:13:22', '2021-01-25 15:13:22', NULL, '0c887b2e-d287-4629-aaeb-de8be4267507');
INSERT INTO public.elements (id, "draftId", "revisionId", "fieldLayoutId", type, enabled, archived, "dateCreated", "dateUpdated", "dateDeleted", uid) VALUES (188, 29, NULL, 14, 'craft\elements\Entry', true, false, '2021-01-25 16:38:43', '2021-01-25 16:38:43', NULL, '29230dac-dbab-4b29-8f6e-ce2d6d8eb708');
INSERT INTO public.elements (id, "draftId", "revisionId", "fieldLayoutId", type, enabled, archived, "dateCreated", "dateUpdated", "dateDeleted", uid) VALUES (201, NULL, NULL, 2, 'craft\elements\Asset', true, false, '2021-01-27 16:20:44', '2021-01-27 16:40:10', NULL, 'cf3da541-0421-4629-b3ed-fb04e55c621f');
INSERT INTO public.elements (id, "draftId", "revisionId", "fieldLayoutId", type, enabled, archived, "dateCreated", "dateUpdated", "dateDeleted", uid) VALUES (205, 39, NULL, 20, 'craft\elements\Entry', true, false, '2021-01-27 17:12:06', '2021-01-27 17:12:06', NULL, '9977fcd4-d12a-49d9-a89a-08042dadd799');
INSERT INTO public.elements (id, "draftId", "revisionId", "fieldLayoutId", type, enabled, archived, "dateCreated", "dateUpdated", "dateDeleted", uid) VALUES (196, 36, NULL, 21, 'craft\elements\Entry', true, false, '2021-01-27 15:42:08', '2021-01-27 15:42:30', NULL, '45bf87aa-4411-4c94-9133-da5cabb852c4');
INSERT INTO public.elements (id, "draftId", "revisionId", "fieldLayoutId", type, enabled, archived, "dateCreated", "dateUpdated", "dateDeleted", uid) VALUES (199, 38, NULL, 21, 'craft\elements\Entry', true, false, '2021-01-27 15:51:07', '2021-01-27 15:51:07', NULL, 'd800908b-faba-49b1-b88e-01aa2a59d9f1');
INSERT INTO public.elements (id, "draftId", "revisionId", "fieldLayoutId", type, enabled, archived, "dateCreated", "dateUpdated", "dateDeleted", uid) VALUES (16, NULL, NULL, NULL, 'craft\elements\User', true, false, '2020-11-25 10:51:51', '2021-01-18 15:01:55', NULL, '11973cb3-e047-4c36-831e-6c4d776dde28');
INSERT INTO public.elements (id, "draftId", "revisionId", "fieldLayoutId", type, enabled, archived, "dateCreated", "dateUpdated", "dateDeleted", uid) VALUES (193, 33, NULL, 20, 'craft\elements\Entry', true, false, '2021-01-27 13:28:18', '2021-01-27 13:28:18', NULL, '043a8901-d995-4cdb-912e-176c02516998');
INSERT INTO public.elements (id, "draftId", "revisionId", "fieldLayoutId", type, enabled, archived, "dateCreated", "dateUpdated", "dateDeleted", uid) VALUES (202, NULL, NULL, 2, 'craft\elements\Asset', true, false, '2021-01-27 16:20:45', '2021-01-27 16:40:11', NULL, '65ddbad2-0eea-4121-b6b0-45fea1441f1b');
INSERT INTO public.elements (id, "draftId", "revisionId", "fieldLayoutId", type, enabled, archived, "dateCreated", "dateUpdated", "dateDeleted", uid) VALUES (206, NULL, NULL, NULL, 'craft\elements\User', true, false, '2021-01-29 13:25:13', '2021-01-29 13:25:13', NULL, 'cedbadac-c847-453a-b57d-06ac797991b3');
INSERT INTO public.elements (id, "draftId", "revisionId", "fieldLayoutId", type, enabled, archived, "dateCreated", "dateUpdated", "dateDeleted", uid) VALUES (210, NULL, NULL, 21, 'craft\elements\Entry', true, false, '2021-02-01 15:49:53', '2021-02-01 15:49:53', NULL, '30a53c9c-ebad-4c98-aaf1-463296ef53c6');
INSERT INTO public.elements (id, "draftId", "revisionId", "fieldLayoutId", type, enabled, archived, "dateCreated", "dateUpdated", "dateDeleted", uid) VALUES (185, 26, NULL, 15, 'craft\elements\Entry', true, false, '2021-01-25 15:33:25', '2021-01-27 09:15:01', NULL, 'adbdf4da-0e9a-4968-b536-678fcc0d8519');
INSERT INTO public.elements (id, "draftId", "revisionId", "fieldLayoutId", type, enabled, archived, "dateCreated", "dateUpdated", "dateDeleted", uid) VALUES (189, 30, NULL, 17, 'craft\elements\Entry', true, false, '2021-01-25 17:01:32', '2021-01-27 09:15:03', NULL, '7d099584-b9b5-464e-807e-1dbe5f6672b5');
INSERT INTO public.elements (id, "draftId", "revisionId", "fieldLayoutId", type, enabled, archived, "dateCreated", "dateUpdated", "dateDeleted", uid) VALUES (136, 14, NULL, NULL, 'craft\elements\Entry', true, false, '2021-01-22 14:24:09', '2021-01-22 14:24:09', NULL, 'f9fa50fd-6a09-4d47-afce-2012c8e42a41');
INSERT INTO public.elements (id, "draftId", "revisionId", "fieldLayoutId", type, enabled, archived, "dateCreated", "dateUpdated", "dateDeleted", uid) VALUES (137, 15, NULL, NULL, 'craft\elements\Entry', true, false, '2021-01-22 14:26:15', '2021-01-22 14:26:15', NULL, 'db858b59-c4ef-462c-9df1-b8dec2c8c82b');
INSERT INTO public.elements (id, "draftId", "revisionId", "fieldLayoutId", type, enabled, archived, "dateCreated", "dateUpdated", "dateDeleted", uid) VALUES (151, 16, NULL, NULL, 'craft\elements\Entry', true, false, '2021-01-22 14:57:13', '2021-01-22 14:57:44', NULL, '477a5654-2436-4b78-9169-8d3c084f7466');
INSERT INTO public.elements (id, "draftId", "revisionId", "fieldLayoutId", type, enabled, archived, "dateCreated", "dateUpdated", "dateDeleted", uid) VALUES (138, NULL, NULL, 8, 'craft\elements\Category', true, false, '2021-01-22 14:35:35', '2021-01-22 14:36:16', NULL, 'ae71d544-42f2-4d73-bed2-49e578fe264b');
INSERT INTO public.elements (id, "draftId", "revisionId", "fieldLayoutId", type, enabled, archived, "dateCreated", "dateUpdated", "dateDeleted", uid) VALUES (139, NULL, NULL, 8, 'craft\elements\Category', true, false, '2021-01-22 14:36:57', '2021-01-22 14:36:57', NULL, '10c5e985-48b2-48ab-9126-2ef1e9a7e579');
INSERT INTO public.elements (id, "draftId", "revisionId", "fieldLayoutId", type, enabled, archived, "dateCreated", "dateUpdated", "dateDeleted", uid) VALUES (140, NULL, NULL, 8, 'craft\elements\Category', true, false, '2021-01-22 14:37:31', '2021-01-22 14:37:31', NULL, '704407ab-fac2-4340-b96d-3b99921fc2df');
INSERT INTO public.elements (id, "draftId", "revisionId", "fieldLayoutId", type, enabled, archived, "dateCreated", "dateUpdated", "dateDeleted", uid) VALUES (141, NULL, NULL, 8, 'craft\elements\Category', true, false, '2021-01-22 14:37:36', '2021-01-22 14:37:36', NULL, 'd9252db9-5ba8-4c50-b927-625f4e989166');
INSERT INTO public.elements (id, "draftId", "revisionId", "fieldLayoutId", type, enabled, archived, "dateCreated", "dateUpdated", "dateDeleted", uid) VALUES (142, NULL, NULL, 8, 'craft\elements\Category', true, false, '2021-01-22 14:37:42', '2021-01-22 14:37:42', NULL, '8f2ca7a2-1551-423b-826f-2ca3adc9d02b');
INSERT INTO public.elements (id, "draftId", "revisionId", "fieldLayoutId", type, enabled, archived, "dateCreated", "dateUpdated", "dateDeleted", uid) VALUES (143, NULL, NULL, 8, 'craft\elements\Category', true, false, '2021-01-22 14:37:51', '2021-01-22 14:37:51', NULL, '26a2b594-5136-47b4-affb-015cc56dc3a7');
INSERT INTO public.elements (id, "draftId", "revisionId", "fieldLayoutId", type, enabled, archived, "dateCreated", "dateUpdated", "dateDeleted", uid) VALUES (144, NULL, NULL, 8, 'craft\elements\Category', true, false, '2021-01-22 14:37:54', '2021-01-22 14:37:54', NULL, 'b1d2ff7a-314b-45b9-8b37-7ee23be0e31e');
INSERT INTO public.elements (id, "draftId", "revisionId", "fieldLayoutId", type, enabled, archived, "dateCreated", "dateUpdated", "dateDeleted", uid) VALUES (145, NULL, NULL, 8, 'craft\elements\Category', true, false, '2021-01-22 14:37:57', '2021-01-22 14:37:57', NULL, '4212edff-dba4-4046-aa7b-0dc4b6c17a7a');
INSERT INTO public.elements (id, "draftId", "revisionId", "fieldLayoutId", type, enabled, archived, "dateCreated", "dateUpdated", "dateDeleted", uid) VALUES (146, NULL, NULL, 8, 'craft\elements\Category', true, false, '2021-01-22 14:38:01', '2021-01-22 14:38:01', NULL, '5264b664-2d6a-4707-8085-5d29d8b0a24e');
INSERT INTO public.elements (id, "draftId", "revisionId", "fieldLayoutId", type, enabled, archived, "dateCreated", "dateUpdated", "dateDeleted", uid) VALUES (153, 17, NULL, 9, 'craft\elements\Entry', true, false, '2021-01-22 15:08:41', '2021-01-22 15:08:41', NULL, '7e4f40f2-688e-4141-996c-ab9f076cc7f2');
INSERT INTO public.elements (id, "draftId", "revisionId", "fieldLayoutId", type, enabled, archived, "dateCreated", "dateUpdated", "dateDeleted", uid) VALUES (154, 18, NULL, 9, 'craft\elements\Entry', true, false, '2021-01-22 15:25:58', '2021-01-22 15:26:30', NULL, '4323fca9-707a-4ca6-a6b2-c3b6b9793043');
INSERT INTO public.elements (id, "draftId", "revisionId", "fieldLayoutId", type, enabled, archived, "dateCreated", "dateUpdated", "dateDeleted", uid) VALUES (167, NULL, NULL, 8, 'craft\elements\Category', true, false, '2021-01-25 14:33:02', '2021-01-25 14:33:02', NULL, '3a53bf36-2442-49fc-a4cd-3433b169aae2');
INSERT INTO public.elements (id, "draftId", "revisionId", "fieldLayoutId", type, enabled, archived, "dateCreated", "dateUpdated", "dateDeleted", uid) VALUES (161, 21, NULL, 9, 'craft\elements\Entry', true, false, '2021-01-22 16:27:22', '2021-01-22 16:28:26', NULL, '3b400f88-6abd-455b-bfce-34b0b8ffc285');
INSERT INTO public.elements (id, "draftId", "revisionId", "fieldLayoutId", type, enabled, archived, "dateCreated", "dateUpdated", "dateDeleted", uid) VALUES (160, 20, NULL, 9, 'craft\elements\Entry', true, false, '2021-01-22 15:57:12', '2021-01-22 16:05:04', NULL, '93862a84-3b35-4a59-baf7-e89a48640585');
INSERT INTO public.elements (id, "draftId", "revisionId", "fieldLayoutId", type, enabled, archived, "dateCreated", "dateUpdated", "dateDeleted", uid) VALUES (162, 22, NULL, 9, 'craft\elements\Entry', true, false, '2021-01-22 16:41:40', '2021-01-22 16:41:40', NULL, '9cb6dc0d-4b71-41de-8203-dd9ad408751c');
INSERT INTO public.elements (id, "draftId", "revisionId", "fieldLayoutId", type, enabled, archived, "dateCreated", "dateUpdated", "dateDeleted", uid) VALUES (163, NULL, NULL, 8, 'craft\elements\Category', true, false, '2021-01-25 14:32:37', '2021-01-25 14:32:37', NULL, 'ad72a179-98b0-465b-9e3c-385d6c053d63');
INSERT INTO public.elements (id, "draftId", "revisionId", "fieldLayoutId", type, enabled, archived, "dateCreated", "dateUpdated", "dateDeleted", uid) VALUES (168, NULL, NULL, 8, 'craft\elements\Category', true, false, '2021-01-25 14:33:18', '2021-01-25 14:33:18', NULL, '7f0622c5-1e48-4a3b-ace7-07bc63569d55');
INSERT INTO public.elements (id, "draftId", "revisionId", "fieldLayoutId", type, enabled, archived, "dateCreated", "dateUpdated", "dateDeleted", uid) VALUES (155, 19, NULL, 9, 'craft\elements\Entry', true, false, '2021-01-22 15:31:12', '2021-01-22 15:50:27', NULL, 'a06323d5-f1db-4e91-8bc1-09008a305feb');
INSERT INTO public.elements (id, "draftId", "revisionId", "fieldLayoutId", type, enabled, archived, "dateCreated", "dateUpdated", "dateDeleted", uid) VALUES (164, NULL, NULL, 8, 'craft\elements\Category', true, false, '2021-01-25 14:32:52', '2021-01-25 14:32:52', NULL, '90e11ca0-3d92-4676-8105-43491db93166');
INSERT INTO public.elements (id, "draftId", "revisionId", "fieldLayoutId", type, enabled, archived, "dateCreated", "dateUpdated", "dateDeleted", uid) VALUES (165, NULL, NULL, 8, 'craft\elements\Category', true, false, '2021-01-25 14:32:55', '2021-01-25 14:32:55', NULL, 'e3ff90fb-d805-4d70-a266-9306444f1fd1');
INSERT INTO public.elements (id, "draftId", "revisionId", "fieldLayoutId", type, enabled, archived, "dateCreated", "dateUpdated", "dateDeleted", uid) VALUES (169, NULL, NULL, 8, 'craft\elements\Category', true, false, '2021-01-25 14:33:21', '2021-01-25 14:33:21', NULL, 'b9740a0c-75e8-4e09-9e84-07c531e90a8c');
INSERT INTO public.elements (id, "draftId", "revisionId", "fieldLayoutId", type, enabled, archived, "dateCreated", "dateUpdated", "dateDeleted", uid) VALUES (166, NULL, NULL, 8, 'craft\elements\Category', true, false, '2021-01-25 14:32:59', '2021-01-25 14:32:59', NULL, '4047383d-691a-4597-a409-e8b2159567cb');
INSERT INTO public.elements (id, "draftId", "revisionId", "fieldLayoutId", type, enabled, archived, "dateCreated", "dateUpdated", "dateDeleted", uid) VALUES (170, NULL, NULL, 8, 'craft\elements\Category', true, false, '2021-01-25 14:33:25', '2021-01-25 14:33:25', NULL, 'dc97c4a5-85f7-4a0c-a6dc-c505bffb155e');
INSERT INTO public.elements (id, "draftId", "revisionId", "fieldLayoutId", type, enabled, archived, "dateCreated", "dateUpdated", "dateDeleted", uid) VALUES (171, NULL, NULL, 8, 'craft\elements\Category', true, false, '2021-01-25 14:33:27', '2021-01-25 14:33:27', NULL, 'c1221b07-be57-46a6-b93e-05827f7a77f3');
INSERT INTO public.elements (id, "draftId", "revisionId", "fieldLayoutId", type, enabled, archived, "dateCreated", "dateUpdated", "dateDeleted", uid) VALUES (172, NULL, NULL, 8, 'craft\elements\Category', true, false, '2021-01-25 14:33:30', '2021-01-25 14:33:30', NULL, '7735ff2a-c261-49bd-8582-9346aa59019b');
INSERT INTO public.elements (id, "draftId", "revisionId", "fieldLayoutId", type, enabled, archived, "dateCreated", "dateUpdated", "dateDeleted", uid) VALUES (173, NULL, NULL, 8, 'craft\elements\Category', true, false, '2021-01-25 14:33:33', '2021-01-25 14:33:33', NULL, '9119b403-706d-4450-9f7b-c3a65fea1a6a');
INSERT INTO public.elements (id, "draftId", "revisionId", "fieldLayoutId", type, enabled, archived, "dateCreated", "dateUpdated", "dateDeleted", uid) VALUES (174, NULL, NULL, 13, 'craft\elements\Category', true, false, '2021-01-25 14:34:47', '2021-01-25 14:34:47', NULL, 'cd76c1d2-bdec-4d09-9323-9489d807a72d');
INSERT INTO public.elements (id, "draftId", "revisionId", "fieldLayoutId", type, enabled, archived, "dateCreated", "dateUpdated", "dateDeleted", uid) VALUES (175, NULL, NULL, 13, 'craft\elements\Category', true, false, '2021-01-25 14:34:50', '2021-01-25 14:34:50', NULL, 'bef5f177-4eb2-481e-a5c3-68f3c1ee4c52');
INSERT INTO public.elements (id, "draftId", "revisionId", "fieldLayoutId", type, enabled, archived, "dateCreated", "dateUpdated", "dateDeleted", uid) VALUES (176, NULL, NULL, 13, 'craft\elements\Category', true, false, '2021-01-25 14:34:52', '2021-01-25 14:34:52', NULL, '78d49c07-ae3b-4d13-b6fa-d63a3f265a23');
INSERT INTO public.elements (id, "draftId", "revisionId", "fieldLayoutId", type, enabled, archived, "dateCreated", "dateUpdated", "dateDeleted", uid) VALUES (177, NULL, NULL, 13, 'craft\elements\Category', true, false, '2021-01-25 14:34:55', '2021-01-25 14:34:55', NULL, 'ab51bf08-007d-4404-8654-9f21bc79e765');
INSERT INTO public.elements (id, "draftId", "revisionId", "fieldLayoutId", type, enabled, archived, "dateCreated", "dateUpdated", "dateDeleted", uid) VALUES (178, NULL, NULL, 13, 'craft\elements\Category', true, false, '2021-01-25 14:34:58', '2021-01-25 14:34:58', NULL, '8527b2a6-a709-45d4-a6a3-36be5859da97');
INSERT INTO public.elements (id, "draftId", "revisionId", "fieldLayoutId", type, enabled, archived, "dateCreated", "dateUpdated", "dateDeleted", uid) VALUES (179, NULL, NULL, 13, 'craft\elements\Category', true, false, '2021-01-25 14:35:01', '2021-01-25 14:35:01', NULL, '76ec4b38-fe40-402c-97f7-f400989a663b');
INSERT INTO public.elements (id, "draftId", "revisionId", "fieldLayoutId", type, enabled, archived, "dateCreated", "dateUpdated", "dateDeleted", uid) VALUES (180, NULL, NULL, 13, 'craft\elements\Category', true, false, '2021-01-25 14:35:03', '2021-01-25 14:35:03', NULL, '4cea8411-18f0-4eaa-9af6-3f9f3a3cc1a5');
INSERT INTO public.elements (id, "draftId", "revisionId", "fieldLayoutId", type, enabled, archived, "dateCreated", "dateUpdated", "dateDeleted", uid) VALUES (181, NULL, NULL, 13, 'craft\elements\Category', true, false, '2021-01-25 14:35:08', '2021-01-25 14:35:08', NULL, 'd0a76e12-556b-4c69-9edc-573b9c55fc63');
INSERT INTO public.elements (id, "draftId", "revisionId", "fieldLayoutId", type, enabled, archived, "dateCreated", "dateUpdated", "dateDeleted", uid) VALUES (186, 27, NULL, 16, 'craft\elements\Entry', true, false, '2021-01-25 16:29:28', '2021-01-25 16:29:28', NULL, 'c1206fa3-106f-42f1-a845-5a18c1d75c51');
INSERT INTO public.elements (id, "draftId", "revisionId", "fieldLayoutId", type, enabled, archived, "dateCreated", "dateUpdated", "dateDeleted", uid) VALUES (182, 23, NULL, 9, 'craft\elements\Entry', true, false, '2021-01-25 14:39:06', '2021-01-25 14:39:26', NULL, '0760a742-f961-443f-b7b3-2897168d9129');
INSERT INTO public.elements (id, "draftId", "revisionId", "fieldLayoutId", type, enabled, archived, "dateCreated", "dateUpdated", "dateDeleted", uid) VALUES (203, NULL, NULL, 2, 'craft\elements\Asset', true, false, '2021-01-27 16:20:46', '2021-01-27 16:40:11', NULL, '24c6ac52-f409-42b9-a9c5-91099388b31c');
INSERT INTO public.elements (id, "draftId", "revisionId", "fieldLayoutId", type, enabled, archived, "dateCreated", "dateUpdated", "dateDeleted", uid) VALUES (207, NULL, NULL, NULL, 'craft\elements\User', true, false, '2021-01-29 13:25:49', '2021-01-29 13:25:49', NULL, 'c41357be-6e27-4bf7-bda8-29d23f370b1a');
INSERT INTO public.elements (id, "draftId", "revisionId", "fieldLayoutId", type, enabled, archived, "dateCreated", "dateUpdated", "dateDeleted", uid) VALUES (211, NULL, NULL, 21, 'craft\elements\Entry', true, false, '2021-02-01 15:55:26', '2021-02-01 16:00:58', NULL, '20a96b60-5e47-4d6b-a78e-7e2c3ec91825');
INSERT INTO public.elements (id, "draftId", "revisionId", "fieldLayoutId", type, enabled, archived, "dateCreated", "dateUpdated", "dateDeleted", uid) VALUES (190, 31, NULL, 17, 'craft\elements\Entry', true, false, '2021-01-25 17:03:55', '2021-01-27 09:15:03', NULL, '923364ff-8e47-4058-8c1f-05f0bbfb6b73');
INSERT INTO public.elements (id, "draftId", "revisionId", "fieldLayoutId", type, enabled, archived, "dateCreated", "dateUpdated", "dateDeleted", uid) VALUES (194, 34, NULL, 20, 'craft\elements\Entry', true, false, '2021-01-27 15:27:35', '2021-01-27 15:27:35', NULL, 'aa21bd54-6330-4e78-8817-f4f6580f500e');
INSERT INTO public.elements (id, "draftId", "revisionId", "fieldLayoutId", type, enabled, archived, "dateCreated", "dateUpdated", "dateDeleted", uid) VALUES (197, NULL, NULL, 22, 'craft\elements\Category', true, false, '2021-01-27 15:42:26', '2021-01-27 15:42:26', NULL, '594e0f92-e305-4475-9a55-f3288fc49b58');


--
-- Data for Name: elements_sites; Type: TABLE DATA; Schema: public; Owner: -
--

INSERT INTO public.elements_sites (id, "elementId", "siteId", slug, uri, enabled, "dateCreated", "dateUpdated", uid) VALUES (1, 1, 1, NULL, NULL, true, '2020-11-25 10:32:44', '2020-11-25 10:32:44', '2b6143d8-7a2f-4e29-b7a6-0e0aeed250fc');
INSERT INTO public.elements_sites (id, "elementId", "siteId", slug, uri, enabled, "dateCreated", "dateUpdated", uid) VALUES (342, 200, 1, NULL, NULL, true, '2021-01-27 16:20:43', '2021-01-27 16:20:43', '36984618-6694-412c-98b6-cf56df33ad2b');
INSERT INTO public.elements_sites (id, "elementId", "siteId", slug, uri, enabled, "dateCreated", "dateUpdated", uid) VALUES (343, 200, 2, NULL, NULL, true, '2021-01-27 16:20:44', '2021-01-27 16:20:44', '116a1294-5d55-4877-9efd-9f9f18e9d282');
INSERT INTO public.elements_sites (id, "elementId", "siteId", slug, uri, enabled, "dateCreated", "dateUpdated", uid) VALUES (354, 206, 1, NULL, NULL, true, '2021-01-29 13:25:13', '2021-01-29 13:25:13', 'c8ed4233-3d18-4f4f-921f-3a65d5c99954');
INSERT INTO public.elements_sites (id, "elementId", "siteId", slug, uri, enabled, "dateCreated", "dateUpdated", uid) VALUES (364, 212, 1, 'craft-graphql-mutations-1', 'produkte/craft-graphql-mutations-1', true, '2021-02-01 16:02:06', '2021-02-01 16:02:06', '5a45df54-9578-46ae-ad59-4cd7979305ce');
INSERT INTO public.elements_sites (id, "elementId", "siteId", slug, uri, enabled, "dateCreated", "dateUpdated", uid) VALUES (365, 212, 2, 'craft-graphql-mutations-1', 'products/craft-graphql-mutations-1', true, '2021-02-01 16:02:07', '2021-02-01 16:02:07', 'f161605b-49f7-45f9-9d17-ca71ebae292e');
INSERT INTO public.elements_sites (id, "elementId", "siteId", slug, uri, enabled, "dateCreated", "dateUpdated", uid) VALUES (16, 16, 1, NULL, NULL, true, '2020-11-25 10:51:51', '2020-11-25 10:51:51', 'cc61b6e0-f149-42e2-9375-94a232fc77ea');
INSERT INTO public.elements_sites (id, "elementId", "siteId", slug, uri, enabled, "dateCreated", "dateUpdated", uid) VALUES (25, 25, 1, '__temp_ilaxhlnbwwppqbhvibdgzcjzmezbpegndldm', 'blogs/__temp_ilaxhlnbwwppqbhvibdgzcjzmezbpegndldm', true, '2020-11-25 12:17:58', '2020-11-25 12:17:58', 'a5c527da-ecbd-4d6c-b017-c3db54a648ee');
INSERT INTO public.elements_sites (id, "elementId", "siteId", slug, uri, enabled, "dateCreated", "dateUpdated", uid) VALUES (344, 201, 1, NULL, NULL, true, '2021-01-27 16:20:44', '2021-01-27 16:20:44', '074daaa4-2752-4edb-9fcb-58c0e438d9b5');
INSERT INTO public.elements_sites (id, "elementId", "siteId", slug, uri, enabled, "dateCreated", "dateUpdated", uid) VALUES (345, 201, 2, NULL, NULL, true, '2021-01-27 16:20:44', '2021-01-27 16:20:44', 'd7221ec7-0a24-4929-b354-0d3a18bafc6c');
INSERT INTO public.elements_sites (id, "elementId", "siteId", slug, uri, enabled, "dateCreated", "dateUpdated", uid) VALUES (355, 207, 1, NULL, NULL, true, '2021-01-29 13:25:49', '2021-01-29 13:25:49', '252ced1d-cc6e-49de-be35-8a9aa5a8d69b');
INSERT INTO public.elements_sites (id, "elementId", "siteId", slug, uri, enabled, "dateCreated", "dateUpdated", uid) VALUES (346, 202, 1, NULL, NULL, true, '2021-01-27 16:20:45', '2021-01-27 16:20:45', '42440984-7783-42a9-9895-ebdc76b70320');
INSERT INTO public.elements_sites (id, "elementId", "siteId", slug, uri, enabled, "dateCreated", "dateUpdated", uid) VALUES (347, 202, 2, NULL, NULL, true, '2021-01-27 16:20:45', '2021-01-27 16:20:45', '31332904-8beb-42d9-a187-760fb5117b69');
INSERT INTO public.elements_sites (id, "elementId", "siteId", slug, uri, enabled, "dateCreated", "dateUpdated", uid) VALUES (356, 208, 1, '__temp_arhqwoxeswypwifozpgfrhesbpgjzhyxcevn', 'aussteller/__temp_arhqwoxeswypwifozpgfrhesbpgjzhyxcevn', true, '2021-01-29 15:14:25', '2021-01-29 15:14:25', '667c565e-a9b6-4441-88d1-c2b19c68f143');
INSERT INTO public.elements_sites (id, "elementId", "siteId", slug, uri, enabled, "dateCreated", "dateUpdated", uid) VALUES (357, 208, 2, '__temp_arhqwoxeswypwifozpgfrhesbpgjzhyxcevn', 'exhibitors/__temp_arhqwoxeswypwifozpgfrhesbpgjzhyxcevn', true, '2021-01-29 15:14:25', '2021-01-29 15:14:25', 'f2b7c0bf-3e6c-4c74-ad77-8bf4518e470e');
INSERT INTO public.elements_sites (id, "elementId", "siteId", slug, uri, enabled, "dateCreated", "dateUpdated", uid) VALUES (213, 136, 1, '__temp_fzqhhlgffvyokjtdscbeachnkjfeykxpridu', 'blog_categories/__temp_fzqhhlgffvyokjtdscbeachnkjfeykxpridu', true, '2021-01-22 14:24:09', '2021-01-22 14:24:09', '2614d932-fd7f-4920-8fc3-8eb7fba6dec6');
INSERT INTO public.elements_sites (id, "elementId", "siteId", slug, uri, enabled, "dateCreated", "dateUpdated", uid) VALUES (214, 137, 1, '__temp_kntcwvtdubbdrahyyoxyzbcitzzlgzbwlpsw', 'blog/__temp_kntcwvtdubbdrahyyoxyzbcitzzlgzbwlpsw', false, '2021-01-22 14:26:15', '2021-01-22 14:26:15', 'bcb093c7-b223-472c-bee7-5fd391af5aa4');
INSERT INTO public.elements_sites (id, "elementId", "siteId", slug, uri, enabled, "dateCreated", "dateUpdated", uid) VALUES (215, 137, 2, '__temp_kntcwvtdubbdrahyyoxyzbcitzzlgzbwlpsw', 'eng_blog/__temp_kntcwvtdubbdrahyyoxyzbcitzzlgzbwlpsw', false, '2021-01-22 14:26:15', '2021-01-22 14:26:15', '4ee8c432-7692-4356-b905-efe1fc975222');
INSERT INTO public.elements_sites (id, "elementId", "siteId", slug, uri, enabled, "dateCreated", "dateUpdated", uid) VALUES (348, 203, 1, NULL, NULL, true, '2021-01-27 16:20:46', '2021-01-27 16:20:46', '2c72064d-f728-4d34-8402-7ac06674a332');
INSERT INTO public.elements_sites (id, "elementId", "siteId", slug, uri, enabled, "dateCreated", "dateUpdated", uid) VALUES (349, 203, 2, NULL, NULL, true, '2021-01-27 16:20:46', '2021-01-27 16:20:46', '7ac5f534-77fb-4fd1-bc98-f51d188c80c1');
INSERT INTO public.elements_sites (id, "elementId", "siteId", slug, uri, enabled, "dateCreated", "dateUpdated", uid) VALUES (350, 204, 1, NULL, NULL, true, '2021-01-27 16:20:47', '2021-01-27 16:20:47', '28497ab6-80e8-4893-82b1-fa5f83e958f5');
INSERT INTO public.elements_sites (id, "elementId", "siteId", slug, uri, enabled, "dateCreated", "dateUpdated", uid) VALUES (351, 204, 2, NULL, NULL, true, '2021-01-27 16:20:47', '2021-01-27 16:20:47', 'a820a321-416a-4ebd-9db0-4ed35d612bc1');
INSERT INTO public.elements_sites (id, "elementId", "siteId", slug, uri, enabled, "dateCreated", "dateUpdated", uid) VALUES (217, 138, 1, 'zielgruppen', 'kategorie/zielgruppen', true, '2021-01-22 14:35:35', '2021-01-22 14:35:37', '5d3f1f26-944e-4d41-93e8-500ab07a493c');
INSERT INTO public.elements_sites (id, "elementId", "siteId", slug, uri, enabled, "dateCreated", "dateUpdated", uid) VALUES (360, 210, 1, 'bbb', 'produkte/bbb', true, '2021-02-01 15:49:53', '2021-02-01 15:49:53', '22393239-4b12-40d1-acbc-c99bd8f5737a');
INSERT INTO public.elements_sites (id, "elementId", "siteId", slug, uri, enabled, "dateCreated", "dateUpdated", uid) VALUES (361, 210, 2, 'bbb', 'products/bbb', true, '2021-02-01 15:49:53', '2021-02-01 15:49:53', '52c99137-f490-4b9b-afc9-9969c387ac40');
INSERT INTO public.elements_sites (id, "elementId", "siteId", slug, uri, enabled, "dateCreated", "dateUpdated", uid) VALUES (218, 138, 2, 'target-groups', 'kategorie/target-groups', true, '2021-01-22 14:35:35', '2021-01-22 14:36:16', '5a6880d2-e357-4071-9d35-195274e64cae');
INSERT INTO public.elements_sites (id, "elementId", "siteId", slug, uri, enabled, "dateCreated", "dateUpdated", uid) VALUES (220, 139, 1, 'journalisten', 'kategorie/journalisten', true, '2021-01-22 14:36:57', '2021-01-22 14:36:59', '6661a18a-4cc2-497a-9767-3162918c62a0');
INSERT INTO public.elements_sites (id, "elementId", "siteId", slug, uri, enabled, "dateCreated", "dateUpdated", uid) VALUES (221, 139, 2, 'journalisten', 'kategorie/journalisten', true, '2021-01-22 14:36:57', '2021-01-22 14:36:59', '06efbb70-2224-4e65-9449-2fe0f3587d3a');
INSERT INTO public.elements_sites (id, "elementId", "siteId", slug, uri, enabled, "dateCreated", "dateUpdated", uid) VALUES (253, 151, 2, '__temp_enqdmvvehlclakbzkpsxsdonmbokjcbaltst', 'eng_blog/__temp_enqdmvvehlclakbzkpsxsdonmbokjcbaltst', false, '2021-01-22 14:57:13', '2021-01-22 14:57:13', 'd09f5393-134c-4dc1-9ffa-abdb7f43fe70');
INSERT INTO public.elements_sites (id, "elementId", "siteId", slug, uri, enabled, "dateCreated", "dateUpdated", uid) VALUES (254, 151, 1, '__temp_enqdmvvehlclakbzkpsxsdonmbokjcbaltst', 'blog/__temp_enqdmvvehlclakbzkpsxsdonmbokjcbaltst', false, '2021-01-22 14:57:13', '2021-01-22 14:57:13', '6fc8bf27-3707-42c9-a373-d52c8dbc5c32');
INSERT INTO public.elements_sites (id, "elementId", "siteId", slug, uri, enabled, "dateCreated", "dateUpdated", uid) VALUES (257, 153, 1, '__temp_sjvaljmjugwmouojbtkanetznxmlgsioiidq', 'p/__temp_sjvaljmjugwmouojbtkanetznxmlgsioiidq', true, '2021-01-22 15:08:41', '2021-01-22 15:08:41', 'da5ca342-89ba-49ab-a2b4-f9f469234bad');
INSERT INTO public.elements_sites (id, "elementId", "siteId", slug, uri, enabled, "dateCreated", "dateUpdated", uid) VALUES (258, 154, 1, '__temp_cbpdgixhqhccanipskzffffdtevknjlpihyo', 'p/__temp_cbpdgixhqhccanipskzffffdtevknjlpihyo', true, '2021-01-22 15:25:58', '2021-01-22 15:25:58', '12054455-1f79-4159-9eec-a2fe33e10902');
INSERT INTO public.elements_sites (id, "elementId", "siteId", slug, uri, enabled, "dateCreated", "dateUpdated", uid) VALUES (259, 155, 1, '__temp_gpydjuppekfhloveqssqxrveokpkpsptbqck', 'p/__temp_gpydjuppekfhloveqssqxrveokpkpsptbqck', true, '2021-01-22 15:31:12', '2021-01-22 15:31:12', '08d4259b-eadb-497d-be31-3160956c3761');
INSERT INTO public.elements_sites (id, "elementId", "siteId", slug, uri, enabled, "dateCreated", "dateUpdated", uid) VALUES (268, 160, 1, '__temp_zuisjezkgrkibixdawajjazzlpkldqgniueu', 'p/__temp_zuisjezkgrkibixdawajjazzlpkldqgniueu', true, '2021-01-22 15:57:12', '2021-01-22 15:57:12', '175d2953-d1fd-458e-9b5f-ac3af6ab9937');
INSERT INTO public.elements_sites (id, "elementId", "siteId", slug, uri, enabled, "dateCreated", "dateUpdated", uid) VALUES (269, 161, 1, '__temp_rtdiaciazbividvjmqzrtuiimrtkulkbhgvj', 'p/__temp_rtdiaciazbividvjmqzrtuiimrtkulkbhgvj', true, '2021-01-22 16:27:22', '2021-01-22 16:27:22', 'dc3e4367-6b4b-434d-b88b-79f42eb9fc8c');
INSERT INTO public.elements_sites (id, "elementId", "siteId", slug, uri, enabled, "dateCreated", "dateUpdated", uid) VALUES (270, 162, 1, '__temp_iqyiyvoqlppywqgtvsweqknxnxgxucovlltz', 'p/__temp_iqyiyvoqlppywqgtvsweqknxnxgxucovlltz', true, '2021-01-22 16:41:40', '2021-01-22 16:41:40', '4dc2e31a-cbf8-4333-9e9e-78bbd29f024d');
INSERT INTO public.elements_sites (id, "elementId", "siteId", slug, uri, enabled, "dateCreated", "dateUpdated", uid) VALUES (226, 141, 1, 'aussteller', 'kategorie/aussteller', true, '2021-01-22 14:37:36', '2021-01-22 14:38:16', 'd60b8e8d-1778-4024-b658-9da818638e96');
INSERT INTO public.elements_sites (id, "elementId", "siteId", slug, uri, enabled, "dateCreated", "dateUpdated", uid) VALUES (227, 141, 2, 'aussteller', 'kategorie/aussteller', true, '2021-01-22 14:37:36', '2021-01-22 14:38:16', 'f84990fa-0e00-4dbb-a7fe-65ee30f5fdd3');
INSERT INTO public.elements_sites (id, "elementId", "siteId", slug, uri, enabled, "dateCreated", "dateUpdated", uid) VALUES (232, 143, 1, 'veranstaltungsart', 'kategorie/veranstaltungsart', true, '2021-01-22 14:37:51', '2021-01-22 14:38:30', '9bc63cb0-4edc-4e4c-8fe2-420995240ec7');
INSERT INTO public.elements_sites (id, "elementId", "siteId", slug, uri, enabled, "dateCreated", "dateUpdated", uid) VALUES (233, 143, 2, 'veranstaltungsart', 'kategorie/veranstaltungsart', true, '2021-01-22 14:37:51', '2021-01-22 14:38:30', '79742f07-b522-4973-a2fb-fcf2fee79e56');
INSERT INTO public.elements_sites (id, "elementId", "siteId", slug, uri, enabled, "dateCreated", "dateUpdated", uid) VALUES (235, 144, 1, 'konferrenz', 'kategorie/konferrenz', true, '2021-01-22 14:37:54', '2021-01-22 14:38:37', '53f25a6c-b6de-4716-ad9a-f87a33d991b1');
INSERT INTO public.elements_sites (id, "elementId", "siteId", slug, uri, enabled, "dateCreated", "dateUpdated", uid) VALUES (236, 144, 2, 'konferrenz', 'kategorie/konferrenz', true, '2021-01-22 14:37:54', '2021-01-22 14:38:37', '5a5a0751-bee5-4073-9c5b-172d8f1518bc');
INSERT INTO public.elements_sites (id, "elementId", "siteId", slug, uri, enabled, "dateCreated", "dateUpdated", uid) VALUES (238, 145, 1, 'foren', 'kategorie/foren', true, '2021-01-22 14:37:57', '2021-01-22 14:38:42', 'cb66a8b5-4255-4840-a36a-777d36aec9b9');
INSERT INTO public.elements_sites (id, "elementId", "siteId", slug, uri, enabled, "dateCreated", "dateUpdated", uid) VALUES (239, 145, 2, 'foren', 'kategorie/foren', true, '2021-01-22 14:37:57', '2021-01-22 14:38:42', 'b1c03ab9-46cf-471c-98dc-d4b99272ae0a');
INSERT INTO public.elements_sites (id, "elementId", "siteId", slug, uri, enabled, "dateCreated", "dateUpdated", uid) VALUES (241, 146, 1, 'sonderschau', 'kategorie/sonderschau', true, '2021-01-22 14:38:01', '2021-01-22 14:38:45', '756dafed-8f37-4277-9bcd-42694b20d327');
INSERT INTO public.elements_sites (id, "elementId", "siteId", slug, uri, enabled, "dateCreated", "dateUpdated", uid) VALUES (242, 146, 2, 'sonderschau', 'kategorie/sonderschau', true, '2021-01-22 14:38:01', '2021-01-22 14:38:45', 'a050c79b-a7bf-45b9-bb69-60b0b922e25e');
INSERT INTO public.elements_sites (id, "elementId", "siteId", slug, uri, enabled, "dateCreated", "dateUpdated", uid) VALUES (223, 140, 1, 'besucher', 'kategorie/besucher', true, '2021-01-22 14:37:31', '2021-01-22 14:38:49', 'b3c80149-64b0-49fd-868f-77fd4a317eab');
INSERT INTO public.elements_sites (id, "elementId", "siteId", slug, uri, enabled, "dateCreated", "dateUpdated", uid) VALUES (224, 140, 2, 'besucher', 'kategorie/besucher', true, '2021-01-22 14:37:31', '2021-01-22 14:38:49', '155768ea-ce67-45df-9682-156771698ce1');
INSERT INTO public.elements_sites (id, "elementId", "siteId", slug, uri, enabled, "dateCreated", "dateUpdated", uid) VALUES (229, 142, 1, 'dienstleister', 'kategorie/dienstleister', true, '2021-01-22 14:37:42', '2021-01-22 14:38:55', 'b35ce35a-9a8c-4fb1-950a-e6b07ff16712');
INSERT INTO public.elements_sites (id, "elementId", "siteId", slug, uri, enabled, "dateCreated", "dateUpdated", uid) VALUES (230, 142, 2, 'dienstleister', 'kategorie/dienstleister', true, '2021-01-22 14:37:42', '2021-01-22 14:38:55', 'deaa14e1-c884-4fce-80ce-73d7b8e3e855');
INSERT INTO public.elements_sites (id, "elementId", "siteId", slug, uri, enabled, "dateCreated", "dateUpdated", uid) VALUES (271, 163, 1, 'themengebiete', 'kategorie/themengebiete', true, '2021-01-25 14:32:37', '2021-01-25 14:32:40', '1d62a347-39bd-42e4-9d79-243fc9ab4346');
INSERT INTO public.elements_sites (id, "elementId", "siteId", slug, uri, enabled, "dateCreated", "dateUpdated", uid) VALUES (272, 163, 2, 'themengebiete', 'kategorie/themengebiete', true, '2021-01-25 14:32:38', '2021-01-25 14:32:40', '1222218b-2183-4f50-abca-2d79595c83f0');
INSERT INTO public.elements_sites (id, "elementId", "siteId", slug, uri, enabled, "dateCreated", "dateUpdated", uid) VALUES (284, 169, 2, 'moderator', 'kategorie/moderator', true, '2021-01-25 14:33:22', '2021-01-25 14:33:40', '9e006441-a2cd-4a32-9bbc-eb6d9ab9f7a0');
INSERT INTO public.elements_sites (id, "elementId", "siteId", slug, uri, enabled, "dateCreated", "dateUpdated", uid) VALUES (285, 170, 1, 'speaker', 'kategorie/speaker', true, '2021-01-25 14:33:25', '2021-01-25 14:33:42', 'cb3d2ab3-4e39-4fea-8d5c-d7c4d79c85c5');
INSERT INTO public.elements_sites (id, "elementId", "siteId", slug, uri, enabled, "dateCreated", "dateUpdated", uid) VALUES (286, 170, 2, 'speaker', 'kategorie/speaker', true, '2021-01-25 14:33:25', '2021-01-25 14:33:42', 'b6e60184-ab1f-423d-92fc-1cfa0c6f80d8');
INSERT INTO public.elements_sites (id, "elementId", "siteId", slug, uri, enabled, "dateCreated", "dateUpdated", uid) VALUES (287, 171, 1, 'anprechpartner', 'kategorie/anprechpartner', true, '2021-01-25 14:33:28', '2021-01-25 14:33:43', 'b90dd95c-71b7-4d8d-8cc2-8708336a2ced');
INSERT INTO public.elements_sites (id, "elementId", "siteId", slug, uri, enabled, "dateCreated", "dateUpdated", uid) VALUES (288, 171, 2, 'anprechpartner', 'kategorie/anprechpartner', true, '2021-01-25 14:33:28', '2021-01-25 14:33:44', '4aa6a571-51c3-47c9-96ce-63b1dcab87e3');
INSERT INTO public.elements_sites (id, "elementId", "siteId", slug, uri, enabled, "dateCreated", "dateUpdated", uid) VALUES (289, 172, 1, 'redakteur', 'kategorie/redakteur', true, '2021-01-25 14:33:30', '2021-01-25 14:33:45', '72255a65-8c1d-4537-b288-43a0c1eca172');
INSERT INTO public.elements_sites (id, "elementId", "siteId", slug, uri, enabled, "dateCreated", "dateUpdated", uid) VALUES (290, 172, 2, 'redakteur', 'kategorie/redakteur', true, '2021-01-25 14:33:30', '2021-01-25 14:33:45', '3421213a-c9e3-42a5-b710-72670179f693');
INSERT INTO public.elements_sites (id, "elementId", "siteId", slug, uri, enabled, "dateCreated", "dateUpdated", uid) VALUES (273, 164, 1, 'elektrotechnik-und-elektronik', 'kategorie/elektrotechnik-und-elektronik', true, '2021-01-25 14:32:52', '2021-01-25 14:33:10', '9445bdaa-188c-4853-9c06-24210d7556c2');
INSERT INTO public.elements_sites (id, "elementId", "siteId", slug, uri, enabled, "dateCreated", "dateUpdated", uid) VALUES (274, 164, 2, 'elektrotechnik-und-elektronik', 'kategorie/elektrotechnik-und-elektronik', true, '2021-01-25 14:32:52', '2021-01-25 14:33:10', '077d8a7d-6c8a-4771-a0a2-fdad36eef31d');
INSERT INTO public.elements_sites (id, "elementId", "siteId", slug, uri, enabled, "dateCreated", "dateUpdated", uid) VALUES (275, 165, 1, 'automobilindustrie-und-zulieferer', 'kategorie/automobilindustrie-und-zulieferer', true, '2021-01-25 14:32:55', '2021-01-25 14:33:12', 'b311b7dc-f21c-4fd6-8c41-7618bddb489b');
INSERT INTO public.elements_sites (id, "elementId", "siteId", slug, uri, enabled, "dateCreated", "dateUpdated", uid) VALUES (276, 165, 2, 'automobilindustrie-und-zulieferer', 'kategorie/automobilindustrie-und-zulieferer', true, '2021-01-25 14:32:55', '2021-01-25 14:33:12', '794c98d4-8fd0-40af-ac5a-9f243b88439d');
INSERT INTO public.elements_sites (id, "elementId", "siteId", slug, uri, enabled, "dateCreated", "dateUpdated", uid) VALUES (277, 166, 1, 'bearbeitung-und-verarbeitung-neuer-werkstoffe', 'kategorie/bearbeitung-und-verarbeitung-neuer-werkstoffe', true, '2021-01-25 14:32:59', '2021-01-25 14:33:13', 'f740f5e6-acc0-493d-aca0-b20ec2ae6b76');
INSERT INTO public.elements_sites (id, "elementId", "siteId", slug, uri, enabled, "dateCreated", "dateUpdated", uid) VALUES (278, 166, 2, 'bearbeitung-und-verarbeitung-neuer-werkstoffe', 'kategorie/bearbeitung-und-verarbeitung-neuer-werkstoffe', true, '2021-01-25 14:32:59', '2021-01-25 14:33:13', '1c639249-3a38-4196-8020-4f9c166b3f35');
INSERT INTO public.elements_sites (id, "elementId", "siteId", slug, uri, enabled, "dateCreated", "dateUpdated", uid) VALUES (279, 167, 1, 'feinmechanik-und-optik', 'kategorie/feinmechanik-und-optik', true, '2021-01-25 14:33:02', '2021-01-25 14:33:14', '39a39e1a-7b5f-4644-a273-bd0d38611816');
INSERT INTO public.elements_sites (id, "elementId", "siteId", slug, uri, enabled, "dateCreated", "dateUpdated", uid) VALUES (280, 167, 2, 'feinmechanik-und-optik', 'kategorie/feinmechanik-und-optik', true, '2021-01-25 14:33:02', '2021-01-25 14:33:14', '92b223c4-9ef0-47ef-b821-910e9d737d4a');
INSERT INTO public.elements_sites (id, "elementId", "siteId", slug, uri, enabled, "dateCreated", "dateUpdated", uid) VALUES (281, 168, 1, 'persona', 'kategorie/persona', true, '2021-01-25 14:33:18', '2021-01-25 14:33:20', 'cda5e9f0-a81a-4910-b4fe-a6c8df3cf3d7');
INSERT INTO public.elements_sites (id, "elementId", "siteId", slug, uri, enabled, "dateCreated", "dateUpdated", uid) VALUES (282, 168, 2, 'persona', 'kategorie/persona', true, '2021-01-25 14:33:18', '2021-01-25 14:33:20', 'd9307120-49d2-4df2-8453-5509eefc1af6');
INSERT INTO public.elements_sites (id, "elementId", "siteId", slug, uri, enabled, "dateCreated", "dateUpdated", uid) VALUES (291, 173, 1, 'messe-team', 'kategorie/messe-team', true, '2021-01-25 14:33:33', '2021-01-25 14:33:46', '279fed58-4c78-450c-b3cc-bedde74e5781');
INSERT INTO public.elements_sites (id, "elementId", "siteId", slug, uri, enabled, "dateCreated", "dateUpdated", uid) VALUES (305, 180, 1, 'schieblehre', 'tags/schieblehre', true, '2021-01-25 14:35:03', '2021-01-25 14:35:05', '9bdb36e5-baec-407f-a2c7-768a822fcf49');
INSERT INTO public.elements_sites (id, "elementId", "siteId", slug, uri, enabled, "dateCreated", "dateUpdated", uid) VALUES (306, 180, 2, 'schieblehre', 'tags/schieblehre', true, '2021-01-25 14:35:03', '2021-01-25 14:35:05', '5b24a05b-a6de-49e8-aacf-62c97c9a8ffe');
INSERT INTO public.elements_sites (id, "elementId", "siteId", slug, uri, enabled, "dateCreated", "dateUpdated", uid) VALUES (307, 181, 1, 'emo-news', 'tags/emo-news', true, '2021-01-25 14:35:08', '2021-01-25 14:35:10', '1dfc5e39-d873-43df-9f54-0c8c247a1ea3');
INSERT INTO public.elements_sites (id, "elementId", "siteId", slug, uri, enabled, "dateCreated", "dateUpdated", uid) VALUES (308, 181, 2, 'emo-news', 'tags/emo-news', true, '2021-01-25 14:35:09', '2021-01-25 14:35:10', '7cfb8f54-10ab-4a0b-b5f1-9a23d06ecb43');
INSERT INTO public.elements_sites (id, "elementId", "siteId", slug, uri, enabled, "dateCreated", "dateUpdated", uid) VALUES (314, 186, 1, '__temp_yjxeolmrfnszoyhgvkchvaqxreulfdyednua', 'a/__temp_yjxeolmrfnszoyhgvkchvaqxreulfdyednua', true, '2021-01-25 16:29:28', '2021-01-25 16:29:28', 'affd1a7c-4908-41ad-b543-15816f59661a');
INSERT INTO public.elements_sites (id, "elementId", "siteId", slug, uri, enabled, "dateCreated", "dateUpdated", uid) VALUES (315, 186, 2, '__temp_yjxeolmrfnszoyhgvkchvaqxreulfdyednua', 'a/__temp_yjxeolmrfnszoyhgvkchvaqxreulfdyednua', true, '2021-01-25 16:29:28', '2021-01-25 16:29:28', '0ca4b63f-4749-4746-9329-776e243b7145');
INSERT INTO public.elements_sites (id, "elementId", "siteId", slug, uri, enabled, "dateCreated", "dateUpdated", uid) VALUES (316, 187, 1, '__temp_kghnyhjugcwnkaxrkccanscqmywvbkybiamk', 'a/__temp_kghnyhjugcwnkaxrkccanscqmywvbkybiamk', true, '2021-01-25 16:34:20', '2021-01-25 16:34:20', '1da8461b-15a7-4db6-a004-5b5360458524');
INSERT INTO public.elements_sites (id, "elementId", "siteId", slug, uri, enabled, "dateCreated", "dateUpdated", uid) VALUES (283, 169, 1, 'moderator', 'kategorie/moderator', true, '2021-01-25 14:33:21', '2021-01-25 14:33:40', '08947fbd-5b69-41c4-ac0f-3c08f7fc277b');
INSERT INTO public.elements_sites (id, "elementId", "siteId", slug, uri, enabled, "dateCreated", "dateUpdated", uid) VALUES (292, 173, 2, 'messe-team', 'kategorie/messe-team', true, '2021-01-25 14:33:33', '2021-01-25 14:33:46', '829a20c7-b2c0-4509-b7d0-3bd5881fe9ae');
INSERT INTO public.elements_sites (id, "elementId", "siteId", slug, uri, enabled, "dateCreated", "dateUpdated", uid) VALUES (293, 174, 1, 'software', 'tags/software', true, '2021-01-25 14:34:47', '2021-01-25 14:34:49', '8ed76af6-246a-4363-9510-99b062027753');
INSERT INTO public.elements_sites (id, "elementId", "siteId", slug, uri, enabled, "dateCreated", "dateUpdated", uid) VALUES (294, 174, 2, 'software', 'tags/software', true, '2021-01-25 14:34:48', '2021-01-25 14:34:49', 'e661b926-af08-43fc-9eb3-b01fa1cacedb');
INSERT INTO public.elements_sites (id, "elementId", "siteId", slug, uri, enabled, "dateCreated", "dateUpdated", uid) VALUES (317, 187, 2, '__temp_kghnyhjugcwnkaxrkccanscqmywvbkybiamk', 'a/__temp_kghnyhjugcwnkaxrkccanscqmywvbkybiamk', true, '2021-01-25 16:34:20', '2021-01-25 16:34:20', '25b1a10e-a68a-49d2-ae41-21af99b74b96');
INSERT INTO public.elements_sites (id, "elementId", "siteId", slug, uri, enabled, "dateCreated", "dateUpdated", uid) VALUES (318, 188, 1, '__temp_vmbjvbjdpsmghomewwrsjhjazuxbtqbkowvz', 'downloads-medien/__temp_vmbjvbjdpsmghomewwrsjhjazuxbtqbkowvz', true, '2021-01-25 16:38:43', '2021-01-25 16:38:43', '0cf4b0f3-2d0c-4699-9ddc-5ac86971a7a8');
INSERT INTO public.elements_sites (id, "elementId", "siteId", slug, uri, enabled, "dateCreated", "dateUpdated", uid) VALUES (319, 188, 2, '__temp_vmbjvbjdpsmghomewwrsjhjazuxbtqbkowvz', 'downloads-medien/__temp_vmbjvbjdpsmghomewwrsjhjazuxbtqbkowvz', true, '2021-01-25 16:38:43', '2021-01-25 16:38:43', 'e13b05e9-27c6-40f8-9cf7-e678ec5d6d70');
INSERT INTO public.elements_sites (id, "elementId", "siteId", slug, uri, enabled, "dateCreated", "dateUpdated", uid) VALUES (352, 205, 1, '__temp_pmwffntvgmsfloqdbdbakckpzlotsqtrksgm', 'aussteller/__temp_pmwffntvgmsfloqdbdbakckpzlotsqtrksgm', true, '2021-01-27 17:12:06', '2021-01-27 17:12:06', '1d823504-0cab-45ad-9c44-4fa4dc11d00e');
INSERT INTO public.elements_sites (id, "elementId", "siteId", slug, uri, enabled, "dateCreated", "dateUpdated", uid) VALUES (299, 177, 1, 'presse', 'tags/presse', true, '2021-01-25 14:34:55', '2021-01-25 14:34:57', 'c6692cd6-9186-4147-92c1-e0f0fb4d7232');
INSERT INTO public.elements_sites (id, "elementId", "siteId", slug, uri, enabled, "dateCreated", "dateUpdated", uid) VALUES (300, 177, 2, 'presse', 'tags/presse', true, '2021-01-25 14:34:56', '2021-01-25 14:34:57', 'b8b6ec93-8516-4473-841f-624a07fba5b2');
INSERT INTO public.elements_sites (id, "elementId", "siteId", slug, uri, enabled, "dateCreated", "dateUpdated", uid) VALUES (301, 178, 1, 'milano', 'tags/milano', true, '2021-01-25 14:34:58', '2021-01-25 14:35:00', 'ca8fb391-2b60-4d26-8881-e0e0a34abae2');
INSERT INTO public.elements_sites (id, "elementId", "siteId", slug, uri, enabled, "dateCreated", "dateUpdated", uid) VALUES (302, 178, 2, 'milano', 'tags/milano', true, '2021-01-25 14:34:58', '2021-01-25 14:35:00', '0f858176-9346-4126-9d20-7294998c1917');
INSERT INTO public.elements_sites (id, "elementId", "siteId", slug, uri, enabled, "dateCreated", "dateUpdated", uid) VALUES (303, 179, 1, 'zerspanung', 'tags/zerspanung', true, '2021-01-25 14:35:01', '2021-01-25 14:35:02', '1a7c9efb-8e9c-4832-a5ba-3fdec6d8d30d');
INSERT INTO public.elements_sites (id, "elementId", "siteId", slug, uri, enabled, "dateCreated", "dateUpdated", uid) VALUES (304, 179, 2, 'zerspanung', 'tags/zerspanung', true, '2021-01-25 14:35:01', '2021-01-25 14:35:02', '8fa1e464-ee57-4b30-a50d-f0d1e1d9f7ab');
INSERT INTO public.elements_sites (id, "elementId", "siteId", slug, uri, enabled, "dateCreated", "dateUpdated", uid) VALUES (295, 175, 1, 'intern', 'tags/intern', true, '2021-01-25 14:34:50', '2021-01-25 14:37:03', 'e08f4a6c-bd94-4e37-977a-9a9ed1e1c6f8');
INSERT INTO public.elements_sites (id, "elementId", "siteId", slug, uri, enabled, "dateCreated", "dateUpdated", uid) VALUES (296, 175, 2, 'intern', 'tags/intern', true, '2021-01-25 14:34:50', '2021-01-25 14:37:03', '15cf80a0-e407-4605-bd89-3b58abe6cb5b');
INSERT INTO public.elements_sites (id, "elementId", "siteId", slug, uri, enabled, "dateCreated", "dateUpdated", uid) VALUES (297, 176, 1, 'highlight', 'tags/highlight', true, '2021-01-25 14:34:52', '2021-01-25 14:37:05', '1a208029-b46c-4776-85e4-04234a6498bc');
INSERT INTO public.elements_sites (id, "elementId", "siteId", slug, uri, enabled, "dateCreated", "dateUpdated", uid) VALUES (298, 176, 2, 'highlight', 'tags/highlight', true, '2021-01-25 14:34:53', '2021-01-25 14:37:05', '480c877c-b393-439c-9b06-bf63fc90ca96');
INSERT INTO public.elements_sites (id, "elementId", "siteId", slug, uri, enabled, "dateCreated", "dateUpdated", uid) VALUES (309, 182, 1, '__temp_dmdgavljbuqkarrbowsvzazugsjqnnjnhztc', 'p/__temp_dmdgavljbuqkarrbowsvzazugsjqnnjnhztc', true, '2021-01-25 14:39:06', '2021-01-25 14:39:06', '9d4bb677-657e-47df-9d4e-bc9906e192f8');
INSERT INTO public.elements_sites (id, "elementId", "siteId", slug, uri, enabled, "dateCreated", "dateUpdated", uid) VALUES (310, 183, 1, '__temp_assuhvwciieksiltukzvasmzjxxdjrwmddiz', 'p/__temp_assuhvwciieksiltukzvasmzjxxdjrwmddiz', true, '2021-01-25 15:12:17', '2021-01-25 15:12:17', 'bb2e9e75-2d57-46f4-ba99-5427c0e14afb');
INSERT INTO public.elements_sites (id, "elementId", "siteId", slug, uri, enabled, "dateCreated", "dateUpdated", uid) VALUES (311, 184, 1, '__temp_zqicofpdqpuombuxljbmdetwaohfqyvuxuwr', 'p/__temp_zqicofpdqpuombuxljbmdetwaohfqyvuxuwr', true, '2021-01-25 15:13:22', '2021-01-25 15:13:22', '4b0ef16f-24b3-4a38-8759-45b457d1456b');
INSERT INTO public.elements_sites (id, "elementId", "siteId", slug, uri, enabled, "dateCreated", "dateUpdated", uid) VALUES (321, 189, 2, '__temp_iqqjqmevvpkcqbkmfmqhltreplipbxcdhlnm', 'events/__temp_iqqjqmevvpkcqbkmfmqhltreplipbxcdhlnm', false, '2021-01-25 17:01:32', '2021-01-27 09:14:49', '551954b9-fff7-49f8-affe-b0f27a02dbb9');
INSERT INTO public.elements_sites (id, "elementId", "siteId", slug, uri, enabled, "dateCreated", "dateUpdated", uid) VALUES (323, 190, 2, '__temp_grkbwqhlkzxabapanfiqifilawhccydgkbuh', 'events/__temp_grkbwqhlkzxabapanfiqifilawhccydgkbuh', false, '2021-01-25 17:03:55', '2021-01-27 09:14:49', 'e3c0357a-acff-478e-9e88-6887691dbf05');
INSERT INTO public.elements_sites (id, "elementId", "siteId", slug, uri, enabled, "dateCreated", "dateUpdated", uid) VALUES (312, 185, 1, '__temp_uwcznkblhdaprleoywrdnuawoxddxamaxtqz', 'personen/__temp_uwcznkblhdaprleoywrdnuawoxddxamaxtqz', false, '2021-01-25 15:33:25', '2021-01-27 09:15:01', '52f90f71-d132-49fe-a79c-caca78471574');
INSERT INTO public.elements_sites (id, "elementId", "siteId", slug, uri, enabled, "dateCreated", "dateUpdated", uid) VALUES (320, 189, 1, '__temp_iqqjqmevvpkcqbkmfmqhltreplipbxcdhlnm', 'events/__temp_iqqjqmevvpkcqbkmfmqhltreplipbxcdhlnm', false, '2021-01-25 17:01:32', '2021-01-27 09:15:03', '0f50a15b-68b1-4244-af76-9d254dc9c4df');
INSERT INTO public.elements_sites (id, "elementId", "siteId", slug, uri, enabled, "dateCreated", "dateUpdated", uid) VALUES (322, 190, 1, '__temp_grkbwqhlkzxabapanfiqifilawhccydgkbuh', 'events/__temp_grkbwqhlkzxabapanfiqifilawhccydgkbuh', false, '2021-01-25 17:03:55', '2021-01-27 09:15:03', 'b24708f8-2d19-4935-adb5-45d1ef79f017');
INSERT INTO public.elements_sites (id, "elementId", "siteId", slug, uri, enabled, "dateCreated", "dateUpdated", uid) VALUES (324, 191, 1, '__temp_objdfvhicvdmbfoaichlwmumisagybdvkgqh', 'events/__temp_objdfvhicvdmbfoaichlwmumisagybdvkgqh', true, '2021-01-27 08:49:43', '2021-01-27 08:49:43', 'f9e765ca-0b86-4bb2-ac67-a8096c08324f');
INSERT INTO public.elements_sites (id, "elementId", "siteId", slug, uri, enabled, "dateCreated", "dateUpdated", uid) VALUES (325, 191, 2, '__temp_objdfvhicvdmbfoaichlwmumisagybdvkgqh', 'events/__temp_objdfvhicvdmbfoaichlwmumisagybdvkgqh', true, '2021-01-27 08:49:43', '2021-01-27 08:49:43', '7dd2ea35-fd5e-4bfb-b48f-702ef652efa3');
INSERT INTO public.elements_sites (id, "elementId", "siteId", slug, uri, enabled, "dateCreated", "dateUpdated", uid) VALUES (353, 205, 2, '__temp_pmwffntvgmsfloqdbdbakckpzlotsqtrksgm', 'exhibitors/__temp_pmwffntvgmsfloqdbdbakckpzlotsqtrksgm', true, '2021-01-27 17:12:06', '2021-01-27 17:12:06', '65884080-82b1-4c4e-9a88-c268a707420d');
INSERT INTO public.elements_sites (id, "elementId", "siteId", slug, uri, enabled, "dateCreated", "dateUpdated", uid) VALUES (362, 211, 1, 'craft-graphql-mutations', 'produkte/craft-graphql-mutations', true, '2021-02-01 15:55:26', '2021-02-01 15:55:26', '94e54361-fe16-4297-8eb5-1afa3aff347a');
INSERT INTO public.elements_sites (id, "elementId", "siteId", slug, uri, enabled, "dateCreated", "dateUpdated", uid) VALUES (313, 185, 2, '__temp_uwcznkblhdaprleoywrdnuawoxddxamaxtqz', 'personen/__temp_uwcznkblhdaprleoywrdnuawoxddxamaxtqz', false, '2021-01-25 15:33:25', '2021-01-27 09:14:48', 'c3d2c360-ae35-45f8-8562-c79d22af0742');
INSERT INTO public.elements_sites (id, "elementId", "siteId", slug, uri, enabled, "dateCreated", "dateUpdated", uid) VALUES (328, 193, 1, '__temp_jchpdzdunreshvxayirdwpozzvlhvaegwrad', 'aussteller/__temp_jchpdzdunreshvxayirdwpozzvlhvaegwrad', true, '2021-01-27 13:28:18', '2021-01-27 13:28:18', '38bbe055-1eda-4006-9ead-c7cdcb41e1d0');
INSERT INTO public.elements_sites (id, "elementId", "siteId", slug, uri, enabled, "dateCreated", "dateUpdated", uid) VALUES (329, 193, 2, '__temp_jchpdzdunreshvxayirdwpozzvlhvaegwrad', 'exhibitors/__temp_jchpdzdunreshvxayirdwpozzvlhvaegwrad', true, '2021-01-27 13:28:18', '2021-01-27 13:28:18', '806b4162-444a-4d43-aa64-db2e816fd388');
INSERT INTO public.elements_sites (id, "elementId", "siteId", slug, uri, enabled, "dateCreated", "dateUpdated", uid) VALUES (330, 194, 1, '__temp_zytpvnrecwwswksdpxhrugyhmdbnklzrqtuk', 'aussteller/__temp_zytpvnrecwwswksdpxhrugyhmdbnklzrqtuk', true, '2021-01-27 15:27:35', '2021-01-27 15:27:35', '282edfa5-d945-4620-aa99-fce9af0eb580');
INSERT INTO public.elements_sites (id, "elementId", "siteId", slug, uri, enabled, "dateCreated", "dateUpdated", uid) VALUES (331, 194, 2, '__temp_zytpvnrecwwswksdpxhrugyhmdbnklzrqtuk', 'exhibitors/__temp_zytpvnrecwwswksdpxhrugyhmdbnklzrqtuk', true, '2021-01-27 15:27:35', '2021-01-27 15:27:35', 'ebf34ea6-9d7d-4720-a8fc-2be2bb024d7b');
INSERT INTO public.elements_sites (id, "elementId", "siteId", slug, uri, enabled, "dateCreated", "dateUpdated", uid) VALUES (332, 195, 1, '__temp_asblsfuisscwqufsqtfhritaztvxqdcjrpbs', 'produkte/__temp_asblsfuisscwqufsqtfhritaztvxqdcjrpbs', true, '2021-01-27 15:28:46', '2021-01-27 15:28:46', 'd54f376b-2eaf-4215-be34-d86a56f9b134');
INSERT INTO public.elements_sites (id, "elementId", "siteId", slug, uri, enabled, "dateCreated", "dateUpdated", uid) VALUES (333, 195, 2, '__temp_asblsfuisscwqufsqtfhritaztvxqdcjrpbs', 'products/__temp_asblsfuisscwqufsqtfhritaztvxqdcjrpbs', true, '2021-01-27 15:28:46', '2021-01-27 15:28:46', '3ef766ec-c7c4-4c66-ba04-b7ac4119f898');
INSERT INTO public.elements_sites (id, "elementId", "siteId", slug, uri, enabled, "dateCreated", "dateUpdated", uid) VALUES (334, 196, 1, '__temp_xspzsmyuvqdiqjedmtxgbfzavvogporfhglh', 'produkte/__temp_xspzsmyuvqdiqjedmtxgbfzavvogporfhglh', true, '2021-01-27 15:42:08', '2021-01-27 15:42:08', '17726219-4ea3-4018-8408-6165e4d7d08a');
INSERT INTO public.elements_sites (id, "elementId", "siteId", slug, uri, enabled, "dateCreated", "dateUpdated", uid) VALUES (335, 196, 2, '__temp_xspzsmyuvqdiqjedmtxgbfzavvogporfhglh', 'products/__temp_xspzsmyuvqdiqjedmtxgbfzavvogporfhglh', true, '2021-01-27 15:42:08', '2021-01-27 15:42:08', '1b238130-7ef0-47db-ba36-66c36a9b2b87');
INSERT INTO public.elements_sites (id, "elementId", "siteId", slug, uri, enabled, "dateCreated", "dateUpdated", uid) VALUES (336, 197, 1, 'drehmaschinen', 'nomenklatur/drehmaschinen', true, '2021-01-27 15:42:26', '2021-01-27 15:42:27', '89a1e149-24dc-4565-affd-fd3c7fbdba85');
INSERT INTO public.elements_sites (id, "elementId", "siteId", slug, uri, enabled, "dateCreated", "dateUpdated", uid) VALUES (337, 197, 2, 'drehmaschinen', 'nomenclature/drehmaschinen', true, '2021-01-27 15:42:26', '2021-01-27 15:42:27', '31a851c4-25d7-4a78-b173-baa32bd25945');
INSERT INTO public.elements_sites (id, "elementId", "siteId", slug, uri, enabled, "dateCreated", "dateUpdated", uid) VALUES (338, 198, 1, '__temp_yzjtmvztlcvlqltipjzxcfovbsjjxqftkyip', 'produkte/__temp_yzjtmvztlcvlqltipjzxcfovbsjjxqftkyip', true, '2021-01-27 15:51:04', '2021-01-27 15:51:04', '7a59111f-8177-463c-9a57-0a56a5042ab0');
INSERT INTO public.elements_sites (id, "elementId", "siteId", slug, uri, enabled, "dateCreated", "dateUpdated", uid) VALUES (339, 198, 2, '__temp_yzjtmvztlcvlqltipjzxcfovbsjjxqftkyip', 'products/__temp_yzjtmvztlcvlqltipjzxcfovbsjjxqftkyip', true, '2021-01-27 15:51:04', '2021-01-27 15:51:04', 'cc540a87-d845-40a6-a862-3182d905f3c5');
INSERT INTO public.elements_sites (id, "elementId", "siteId", slug, uri, enabled, "dateCreated", "dateUpdated", uid) VALUES (340, 199, 1, '__temp_kojzuumicegrsnclvhfjdlkdthunftowtpap', 'produkte/__temp_kojzuumicegrsnclvhfjdlkdthunftowtpap', true, '2021-01-27 15:51:07', '2021-01-27 15:51:07', '1eeccc22-403d-4d36-aa6e-28c94f5e6ff8');
INSERT INTO public.elements_sites (id, "elementId", "siteId", slug, uri, enabled, "dateCreated", "dateUpdated", uid) VALUES (341, 199, 2, '__temp_kojzuumicegrsnclvhfjdlkdthunftowtpap', 'products/__temp_kojzuumicegrsnclvhfjdlkdthunftowtpap', true, '2021-01-27 15:51:07', '2021-01-27 15:51:07', '390826e7-fb59-475b-84cb-510bbfe0a9fa');
INSERT INTO public.elements_sites (id, "elementId", "siteId", slug, uri, enabled, "dateCreated", "dateUpdated", uid) VALUES (363, 211, 2, 'craft-graphql-mutations', 'products/craft-graphql-mutations', true, '2021-02-01 15:55:26', '2021-02-01 15:55:26', '1ad88a85-0a58-4209-9f80-58a9882a5c4a');


--
-- Data for Name: entries; Type: TABLE DATA; Schema: public; Owner: -
--

INSERT INTO public.entries (id, "sectionId", "parentId", "typeId", "authorId", "postDate", "expiryDate", "deletedWithEntryType", "dateCreated", "dateUpdated", uid) VALUES (205, 10, NULL, 12, 16, '2021-01-27 17:12:00', NULL, NULL, '2021-01-27 17:12:06', '2021-01-27 17:12:06', '381c8ae5-0845-4124-9890-91626f997b4a');
INSERT INTO public.entries (id, "sectionId", "parentId", "typeId", "authorId", "postDate", "expiryDate", "deletedWithEntryType", "dateCreated", "dateUpdated", uid) VALUES (211, 11, NULL, 13, 16, '2021-02-01 15:55:00', NULL, NULL, '2021-02-01 15:55:26', '2021-02-01 15:55:26', 'a6aa02b3-d521-45ed-99c5-b29ef24a0267');
INSERT INTO public.entries (id, "sectionId", "parentId", "typeId", "authorId", "postDate", "expiryDate", "deletedWithEntryType", "dateCreated", "dateUpdated", uid) VALUES (153, 4, NULL, 4, 16, '2021-01-22 15:08:00', NULL, NULL, '2021-01-22 15:08:41', '2021-01-22 15:08:41', '96526aef-fe1d-4c32-b13c-ae9f34e8bdd9');
INSERT INTO public.entries (id, "sectionId", "parentId", "typeId", "authorId", "postDate", "expiryDate", "deletedWithEntryType", "dateCreated", "dateUpdated", uid) VALUES (154, 4, NULL, 4, 16, '2021-01-22 15:25:00', NULL, NULL, '2021-01-22 15:25:58', '2021-01-22 15:25:58', '86791e22-a524-4897-8cc0-25df114f267a');
INSERT INTO public.entries (id, "sectionId", "parentId", "typeId", "authorId", "postDate", "expiryDate", "deletedWithEntryType", "dateCreated", "dateUpdated", uid) VALUES (155, 4, NULL, 4, 16, '2021-01-22 15:31:00', NULL, NULL, '2021-01-22 15:31:12', '2021-01-22 15:31:12', 'c9d66307-0fda-4d2b-8784-9ca3580d8124');
INSERT INTO public.entries (id, "sectionId", "parentId", "typeId", "authorId", "postDate", "expiryDate", "deletedWithEntryType", "dateCreated", "dateUpdated", uid) VALUES (160, 4, NULL, 4, 16, '2021-01-22 15:57:00', NULL, NULL, '2021-01-22 15:57:12', '2021-01-22 15:57:12', 'f9ebd765-a047-4dc9-82c0-8c484736f373');
INSERT INTO public.entries (id, "sectionId", "parentId", "typeId", "authorId", "postDate", "expiryDate", "deletedWithEntryType", "dateCreated", "dateUpdated", uid) VALUES (161, 4, NULL, 4, 16, '2021-01-22 16:27:00', NULL, NULL, '2021-01-22 16:27:22', '2021-01-22 16:27:22', '2d7c015e-f615-415c-9ddd-425caa145080');
INSERT INTO public.entries (id, "sectionId", "parentId", "typeId", "authorId", "postDate", "expiryDate", "deletedWithEntryType", "dateCreated", "dateUpdated", uid) VALUES (162, 4, NULL, 4, 16, '2021-01-22 16:41:00', NULL, NULL, '2021-01-22 16:41:40', '2021-01-22 16:41:40', 'bbee3542-3c61-48db-9b83-b24b157914d8');
INSERT INTO public.entries (id, "sectionId", "parentId", "typeId", "authorId", "postDate", "expiryDate", "deletedWithEntryType", "dateCreated", "dateUpdated", uid) VALUES (182, 4, NULL, 4, 16, '2021-01-25 14:39:00', NULL, NULL, '2021-01-25 14:39:06', '2021-01-25 14:39:06', '44b99053-657f-45f3-9911-a90d0b4e46f0');
INSERT INTO public.entries (id, "sectionId", "parentId", "typeId", "authorId", "postDate", "expiryDate", "deletedWithEntryType", "dateCreated", "dateUpdated", uid) VALUES (183, 4, NULL, 4, 16, '2021-01-25 15:12:00', NULL, NULL, '2021-01-25 15:12:17', '2021-01-25 15:12:17', 'a34fac4a-7c20-4277-93b3-b513281cabd7');
INSERT INTO public.entries (id, "sectionId", "parentId", "typeId", "authorId", "postDate", "expiryDate", "deletedWithEntryType", "dateCreated", "dateUpdated", uid) VALUES (184, 4, NULL, 4, 16, '2021-01-25 15:13:00', NULL, NULL, '2021-01-25 15:13:22', '2021-01-25 15:13:22', '5d41a98f-b893-41ec-afa0-4791cf7751c5');
INSERT INTO public.entries (id, "sectionId", "parentId", "typeId", "authorId", "postDate", "expiryDate", "deletedWithEntryType", "dateCreated", "dateUpdated", uid) VALUES (185, 7, NULL, 8, 16, '2021-01-25 16:19:00', NULL, NULL, '2021-01-25 15:33:25', '2021-01-25 16:19:43', 'aa5fdb3a-b348-42a0-bcb8-adb8d2de03be');
INSERT INTO public.entries (id, "sectionId", "parentId", "typeId", "authorId", "postDate", "expiryDate", "deletedWithEntryType", "dateCreated", "dateUpdated", uid) VALUES (186, 8, NULL, 9, 16, '2021-01-25 16:29:00', NULL, NULL, '2021-01-25 16:29:28', '2021-01-25 16:29:28', '040c0bed-9824-4410-be4f-83ef29d265cc');
INSERT INTO public.entries (id, "sectionId", "parentId", "typeId", "authorId", "postDate", "expiryDate", "deletedWithEntryType", "dateCreated", "dateUpdated", uid) VALUES (187, 8, NULL, 9, 16, '2021-01-25 16:34:00', NULL, NULL, '2021-01-25 16:34:20', '2021-01-25 16:34:20', '49f6a97c-0ef7-4fd0-9fac-2be52e4a3d32');
INSERT INTO public.entries (id, "sectionId", "parentId", "typeId", "authorId", "postDate", "expiryDate", "deletedWithEntryType", "dateCreated", "dateUpdated", uid) VALUES (188, 6, NULL, 7, 16, '2021-01-25 16:38:00', NULL, NULL, '2021-01-25 16:38:43', '2021-01-25 16:38:43', 'e9e1b079-6b30-4597-901c-861425d2add0');
INSERT INTO public.entries (id, "sectionId", "parentId", "typeId", "authorId", "postDate", "expiryDate", "deletedWithEntryType", "dateCreated", "dateUpdated", uid) VALUES (189, 9, NULL, 10, 16, '2021-01-25 17:01:00', NULL, NULL, '2021-01-25 17:01:32', '2021-01-25 17:01:32', '643b6e29-cb47-4f9f-b8d7-9acfae791fc0');
INSERT INTO public.entries (id, "sectionId", "parentId", "typeId", "authorId", "postDate", "expiryDate", "deletedWithEntryType", "dateCreated", "dateUpdated", uid) VALUES (190, 9, NULL, 10, 16, '2021-01-25 17:03:00', NULL, NULL, '2021-01-25 17:03:55', '2021-01-25 17:03:55', '8b34859e-5bb0-4ce2-bca7-e7c14988f901');
INSERT INTO public.entries (id, "sectionId", "parentId", "typeId", "authorId", "postDate", "expiryDate", "deletedWithEntryType", "dateCreated", "dateUpdated", uid) VALUES (191, 9, NULL, 10, 16, '2021-01-27 08:49:00', NULL, NULL, '2021-01-27 08:49:43', '2021-01-27 08:49:43', '1b7b2dbd-5ba1-443a-ab03-f8e47301c109');
INSERT INTO public.entries (id, "sectionId", "parentId", "typeId", "authorId", "postDate", "expiryDate", "deletedWithEntryType", "dateCreated", "dateUpdated", uid) VALUES (193, 10, NULL, 12, 16, '2021-01-27 13:28:00', NULL, NULL, '2021-01-27 13:28:18', '2021-01-27 13:28:18', 'ed68f0a6-0f01-4f5b-9a9f-a55f342d3828');
INSERT INTO public.entries (id, "sectionId", "parentId", "typeId", "authorId", "postDate", "expiryDate", "deletedWithEntryType", "dateCreated", "dateUpdated", uid) VALUES (194, 10, NULL, 12, 16, '2021-01-27 15:27:00', NULL, NULL, '2021-01-27 15:27:35', '2021-01-27 15:27:35', '9f439c75-3364-4b63-94d7-e86ed233e18b');
INSERT INTO public.entries (id, "sectionId", "parentId", "typeId", "authorId", "postDate", "expiryDate", "deletedWithEntryType", "dateCreated", "dateUpdated", uid) VALUES (195, 11, NULL, 13, 16, '2021-01-27 15:28:00', NULL, NULL, '2021-01-27 15:28:46', '2021-01-27 15:28:46', '8c51f5a0-542c-42c3-93a3-d55820c8c592');
INSERT INTO public.entries (id, "sectionId", "parentId", "typeId", "authorId", "postDate", "expiryDate", "deletedWithEntryType", "dateCreated", "dateUpdated", uid) VALUES (196, 11, NULL, 13, 16, '2021-01-27 15:42:00', NULL, NULL, '2021-01-27 15:42:08', '2021-01-27 15:42:08', '50593c92-a2e4-4c9e-b2f8-8f2875c9f0e2');
INSERT INTO public.entries (id, "sectionId", "parentId", "typeId", "authorId", "postDate", "expiryDate", "deletedWithEntryType", "dateCreated", "dateUpdated", uid) VALUES (198, 11, NULL, 13, 16, '2021-01-27 15:51:00', NULL, NULL, '2021-01-27 15:51:04', '2021-01-27 15:51:04', 'c0cf952e-f79c-445d-8ae9-7606acb34148');
INSERT INTO public.entries (id, "sectionId", "parentId", "typeId", "authorId", "postDate", "expiryDate", "deletedWithEntryType", "dateCreated", "dateUpdated", uid) VALUES (199, 11, NULL, 13, 16, '2021-01-27 15:51:00', NULL, NULL, '2021-01-27 15:51:07', '2021-01-27 15:51:07', '512adfe5-3269-4ae7-ba20-389b9d4612c2');
INSERT INTO public.entries (id, "sectionId", "parentId", "typeId", "authorId", "postDate", "expiryDate", "deletedWithEntryType", "dateCreated", "dateUpdated", uid) VALUES (208, 10, NULL, 12, 16, '2021-01-29 15:14:00', NULL, NULL, '2021-01-29 15:14:25', '2021-01-29 15:14:25', '33d380ba-02a1-43d7-83f6-7e45c07210de');
INSERT INTO public.entries (id, "sectionId", "parentId", "typeId", "authorId", "postDate", "expiryDate", "deletedWithEntryType", "dateCreated", "dateUpdated", uid) VALUES (210, 11, NULL, 13, 16, '2021-02-01 15:49:00', NULL, NULL, '2021-02-01 15:49:53', '2021-02-01 15:49:53', '474a7639-37c4-464c-898b-d6bab44fbee2');
INSERT INTO public.entries (id, "sectionId", "parentId", "typeId", "authorId", "postDate", "expiryDate", "deletedWithEntryType", "dateCreated", "dateUpdated", uid) VALUES (212, 11, NULL, 13, 16, '2021-02-01 16:02:00', NULL, NULL, '2021-02-01 16:02:06', '2021-02-01 16:02:06', '6b241c6c-e22a-4bbf-9647-0b629199acf2');


--
-- Data for Name: entrytypes; Type: TABLE DATA; Schema: public; Owner: -
--

INSERT INTO public.entrytypes (id, "sectionId", "fieldLayoutId", name, handle, "hasTitleField", "titleTranslationMethod", "titleTranslationKeyFormat", "titleFormat", "sortOrder", "dateCreated", "dateUpdated", "dateDeleted", uid) VALUES (7, 6, 14, 'Downloads & Medien', 'downloads', true, 'site', NULL, NULL, 1, '2021-01-25 15:00:30', '2021-01-25 15:00:30', NULL, '4926019f-9936-4a51-a84f-38d927e89c25');
INSERT INTO public.entrytypes (id, "sectionId", "fieldLayoutId", name, handle, "hasTitleField", "titleTranslationMethod", "titleTranslationKeyFormat", "titleFormat", "sortOrder", "dateCreated", "dateUpdated", "dateDeleted", uid) VALUES (8, 7, 15, 'Personen', 'persons', false, 'none', NULL, '{title}_{salutation}_{firstname}_{lastname}', 1, '2021-01-25 15:30:00', '2021-01-25 15:39:18', NULL, 'f2313657-ca71-492d-9931-0f1a1c49cdce');
INSERT INTO public.entrytypes (id, "sectionId", "fieldLayoutId", name, handle, "hasTitleField", "titleTranslationMethod", "titleTranslationKeyFormat", "titleFormat", "sortOrder", "dateCreated", "dateUpdated", "dateDeleted", uid) VALUES (9, 8, 16, 'Artikelbeitrag', 'article', true, 'site', NULL, NULL, 1, '2021-01-25 16:24:39', '2021-01-25 16:24:39', NULL, 'e7599b97-ad13-4eea-bd62-3fdd165886ce');
INSERT INTO public.entrytypes (id, "sectionId", "fieldLayoutId", name, handle, "hasTitleField", "titleTranslationMethod", "titleTranslationKeyFormat", "titleFormat", "sortOrder", "dateCreated", "dateUpdated", "dateDeleted", uid) VALUES (4, 4, 9, 'Informationsseite', 'page', true, 'site', NULL, NULL, 1, '2021-01-22 14:48:20', '2021-01-25 16:28:15', NULL, '0d410440-cbd2-47b2-8a7f-21e7b8afe43e');
INSERT INTO public.entrytypes (id, "sectionId", "fieldLayoutId", name, handle, "hasTitleField", "titleTranslationMethod", "titleTranslationKeyFormat", "titleFormat", "sortOrder", "dateCreated", "dateUpdated", "dateDeleted", uid) VALUES (10, 9, 17, 'Veranstaltungen', 'events', true, 'none', NULL, NULL, 1, '2021-01-25 16:56:46', '2021-01-25 17:07:07', NULL, '75c0a1e7-4014-4664-ac9e-01d4114becdc');
INSERT INTO public.entrytypes (id, "sectionId", "fieldLayoutId", name, handle, "hasTitleField", "titleTranslationMethod", "titleTranslationKeyFormat", "titleFormat", "sortOrder", "dateCreated", "dateUpdated", "dateDeleted", uid) VALUES (12, 10, 20, 'Aussteller', 'exhibitors', true, 'none', NULL, NULL, 2, '2021-01-27 13:27:36', '2021-01-27 13:27:56', NULL, '5f92a88d-eede-41f6-8695-815d1211d2fe');
INSERT INTO public.entrytypes (id, "sectionId", "fieldLayoutId", name, handle, "hasTitleField", "titleTranslationMethod", "titleTranslationKeyFormat", "titleFormat", "sortOrder", "dateCreated", "dateUpdated", "dateDeleted", uid) VALUES (13, 11, 21, 'Produkte', 'products', true, 'none', NULL, NULL, 1, '2021-01-27 15:06:55', '2021-01-27 15:36:11', NULL, 'e93d03f4-73b1-4675-b5f7-1aff6d7f7a63');


--
-- Data for Name: fieldgroups; Type: TABLE DATA; Schema: public; Owner: -
--

INSERT INTO public.fieldgroups (id, name, "dateCreated", "dateUpdated", uid) VALUES (5, 'SEO', '2021-01-22 16:07:15', '2021-01-22 16:07:15', '1bc07f3f-1822-42db-aaf9-aa04909a62d1');
INSERT INTO public.fieldgroups (id, name, "dateCreated", "dateUpdated", uid) VALUES (2, 'Taxonomy', '2021-01-22 14:30:30', '2021-01-25 15:03:08', '34b5cb01-0278-41cb-8ac2-1c6d931920cf');
INSERT INTO public.fieldgroups (id, name, "dateCreated", "dateUpdated", uid) VALUES (6, 'Downloads & Media', '2021-01-25 14:58:45', '2021-01-25 15:03:48', 'a2bdc517-6ecc-4dfa-be02-558659dda46c');
INSERT INTO public.fieldgroups (id, name, "dateCreated", "dateUpdated", uid) VALUES (4, 'Content', '2021-01-22 15:09:32', '2021-01-25 15:03:57', 'dbde185a-c4d5-4159-96a4-e75394214c6c');
INSERT INTO public.fieldgroups (id, name, "dateCreated", "dateUpdated", uid) VALUES (7, 'Meta', '2021-01-25 15:04:25', '2021-01-25 15:04:25', 'bd527d51-1e8b-439f-8d9a-e8367987817e');
INSERT INTO public.fieldgroups (id, name, "dateCreated", "dateUpdated", uid) VALUES (8, 'Person', '2021-01-25 15:18:13', '2021-01-25 15:18:13', '46e7d308-41fb-4441-87ee-70fa77295bf7');
INSERT INTO public.fieldgroups (id, name, "dateCreated", "dateUpdated", uid) VALUES (9, 'Contact', '2021-01-25 15:26:55', '2021-01-25 15:26:55', 'e0052448-4c56-4da7-a2b5-d0739570cba1');
INSERT INTO public.fieldgroups (id, name, "dateCreated", "dateUpdated", uid) VALUES (10, 'Article', '2021-01-25 16:50:53', '2021-01-25 17:02:49', 'fb32794f-b761-46ab-b045-7c0821da0010');
INSERT INTO public.fieldgroups (id, name, "dateCreated", "dateUpdated", uid) VALUES (11, 'Event', '2021-01-25 16:51:52', '2021-01-25 17:02:57', '1409bb4a-dc75-44ba-99c9-5234616c4ab7');
INSERT INTO public.fieldgroups (id, name, "dateCreated", "dateUpdated", uid) VALUES (12, 'Location', '2021-01-25 16:53:20', '2021-01-25 17:03:27', '5530bc01-dbd1-4eca-8a5d-fa8906f6a042');
INSERT INTO public.fieldgroups (id, name, "dateCreated", "dateUpdated", uid) VALUES (13, 'Address', '2021-01-27 13:16:09', '2021-01-27 13:16:09', '1d55be6c-f0ae-45f5-91a7-6a4a464d109e');
INSERT INTO public.fieldgroups (id, name, "dateCreated", "dateUpdated", uid) VALUES (14, 'Exhibitor', '2021-01-27 14:57:02', '2021-01-27 14:57:02', 'ca6b85ed-e3a8-4acc-953d-6400dde26c06');
INSERT INTO public.fieldgroups (id, name, "dateCreated", "dateUpdated", uid) VALUES (15, 'Product', '2021-01-27 15:30:13', '2021-01-27 15:30:13', 'ecf27a09-c4c5-43fc-bad8-3c666a274fe2');


--
-- Data for Name: fieldlayoutfields; Type: TABLE DATA; Schema: public; Owner: -
--

INSERT INTO public.fieldlayoutfields (id, "layoutId", "tabId", "fieldId", required, "sortOrder", "dateCreated", "dateUpdated", uid) VALUES (149, 15, 65, 28, false, 1, '2021-01-25 15:39:18', '2021-01-25 15:39:18', 'a1a3144e-49b4-4d40-8b82-8b528fee6949');
INSERT INTO public.fieldlayoutfields (id, "layoutId", "tabId", "fieldId", required, "sortOrder", "dateCreated", "dateUpdated", uid) VALUES (150, 15, 65, 20, false, 2, '2021-01-25 15:39:18', '2021-01-25 15:39:18', '6ba48913-23e6-4e9c-876f-1d004ac91f9f');
INSERT INTO public.fieldlayoutfields (id, "layoutId", "tabId", "fieldId", required, "sortOrder", "dateCreated", "dateUpdated", uid) VALUES (151, 15, 65, 18, false, 3, '2021-01-25 15:39:18', '2021-01-25 15:39:18', '855d4ab6-2e43-484a-a644-1dfc18634791');
INSERT INTO public.fieldlayoutfields (id, "layoutId", "tabId", "fieldId", required, "sortOrder", "dateCreated", "dateUpdated", uid) VALUES (152, 15, 65, 19, false, 4, '2021-01-25 15:39:18', '2021-01-25 15:39:18', '9b2efdbc-7f8c-4b5a-9ba9-ce41499de35f');
INSERT INTO public.fieldlayoutfields (id, "layoutId", "tabId", "fieldId", required, "sortOrder", "dateCreated", "dateUpdated", uid) VALUES (153, 15, 65, 21, false, 6, '2021-01-25 15:39:18', '2021-01-25 15:39:18', '60bb223c-ea00-4616-b309-db0d7ce34047');
INSERT INTO public.fieldlayoutfields (id, "layoutId", "tabId", "fieldId", required, "sortOrder", "dateCreated", "dateUpdated", uid) VALUES (154, 15, 66, 22, false, 0, '2021-01-25 15:39:18', '2021-01-25 15:39:18', '64cab023-f790-4d0a-9376-89c27c39a28d');
INSERT INTO public.fieldlayoutfields (id, "layoutId", "tabId", "fieldId", required, "sortOrder", "dateCreated", "dateUpdated", uid) VALUES (155, 15, 66, 23, false, 1, '2021-01-25 15:39:18', '2021-01-25 15:39:18', '1e3757d9-2c66-43a6-b1fa-e0b012b138f2');
INSERT INTO public.fieldlayoutfields (id, "layoutId", "tabId", "fieldId", required, "sortOrder", "dateCreated", "dateUpdated", uid) VALUES (156, 15, 66, 24, false, 3, '2021-01-25 15:39:18', '2021-01-25 15:39:18', '62091078-da35-419e-9a3a-fb071f59a035');
INSERT INTO public.fieldlayoutfields (id, "layoutId", "tabId", "fieldId", required, "sortOrder", "dateCreated", "dateUpdated", uid) VALUES (157, 15, 66, 27, false, 4, '2021-01-25 15:39:18', '2021-01-25 15:39:18', '8988061e-d618-4b37-ba99-ef33eb3a86ef');
INSERT INTO public.fieldlayoutfields (id, "layoutId", "tabId", "fieldId", required, "sortOrder", "dateCreated", "dateUpdated", uid) VALUES (158, 15, 66, 25, false, 5, '2021-01-25 15:39:18', '2021-01-25 15:39:18', 'b60ab682-bb9f-474a-b8fd-c177c037db69');
INSERT INTO public.fieldlayoutfields (id, "layoutId", "tabId", "fieldId", required, "sortOrder", "dateCreated", "dateUpdated", uid) VALUES (159, 15, 66, 26, false, 6, '2021-01-25 15:39:18', '2021-01-25 15:39:18', 'cfea59ed-e5f0-4da5-ad7a-85e388500381');
INSERT INTO public.fieldlayoutfields (id, "layoutId", "tabId", "fieldId", required, "sortOrder", "dateCreated", "dateUpdated", uid) VALUES (160, 9, 68, 4, false, 1, '2021-01-25 16:28:15', '2021-01-25 16:28:15', 'e39369f7-50de-4ba2-a696-702ffb162fcd');
INSERT INTO public.fieldlayoutfields (id, "layoutId", "tabId", "fieldId", required, "sortOrder", "dateCreated", "dateUpdated", uid) VALUES (161, 9, 68, 6, false, 2, '2021-01-25 16:28:15', '2021-01-25 16:28:15', 'e8c8aa0b-c642-40e8-8bc9-ef2b1f4b0ddf');
INSERT INTO public.fieldlayoutfields (id, "layoutId", "tabId", "fieldId", required, "sortOrder", "dateCreated", "dateUpdated", uid) VALUES (162, 9, 68, 8, false, 3, '2021-01-25 16:28:15', '2021-01-25 16:28:15', '02657835-2158-45d5-ab06-5db19141ada7');
INSERT INTO public.fieldlayoutfields (id, "layoutId", "tabId", "fieldId", required, "sortOrder", "dateCreated", "dateUpdated", uid) VALUES (163, 9, 68, 5, true, 4, '2021-01-25 16:28:15', '2021-01-25 16:28:15', '0e5fe343-e3b0-4703-9e7e-5ad19b97646b');
INSERT INTO public.fieldlayoutfields (id, "layoutId", "tabId", "fieldId", required, "sortOrder", "dateCreated", "dateUpdated", uid) VALUES (164, 9, 68, 14, false, 6, '2021-01-25 16:28:15', '2021-01-25 16:28:15', 'd67eb522-0719-4751-bd8c-646380c71d21');
INSERT INTO public.fieldlayoutfields (id, "layoutId", "tabId", "fieldId", required, "sortOrder", "dateCreated", "dateUpdated", uid) VALUES (165, 9, 68, 9, false, 7, '2021-01-25 16:28:15', '2021-01-25 16:28:15', 'd1348ba3-8fdf-421b-8630-ebfdda03b393');
INSERT INTO public.fieldlayoutfields (id, "layoutId", "tabId", "fieldId", required, "sortOrder", "dateCreated", "dateUpdated", uid) VALUES (166, 9, 69, 15, false, 0, '2021-01-25 16:28:15', '2021-01-25 16:28:15', '854062aa-ec93-4685-ba4f-304987851f18');
INSERT INTO public.fieldlayoutfields (id, "layoutId", "tabId", "fieldId", required, "sortOrder", "dateCreated", "dateUpdated", uid) VALUES (167, 9, 69, 16, false, 1, '2021-01-25 16:28:15', '2021-01-25 16:28:15', '09681f8a-dfca-41ef-b6cb-bfff24b1e48e');
INSERT INTO public.fieldlayoutfields (id, "layoutId", "tabId", "fieldId", required, "sortOrder", "dateCreated", "dateUpdated", uid) VALUES (168, 9, 70, 12, false, 0, '2021-01-25 16:28:15', '2021-01-25 16:28:15', 'efa3445c-9f09-4c1b-a73a-ace720158391');
INSERT INTO public.fieldlayoutfields (id, "layoutId", "tabId", "fieldId", required, "sortOrder", "dateCreated", "dateUpdated", uid) VALUES (169, 9, 70, 10, false, 1, '2021-01-25 16:28:15', '2021-01-25 16:28:15', 'e33fc000-df4b-4fe3-a361-025bee106159');
INSERT INTO public.fieldlayoutfields (id, "layoutId", "tabId", "fieldId", required, "sortOrder", "dateCreated", "dateUpdated", uid) VALUES (170, 9, 70, 11, false, 2, '2021-01-25 16:28:15', '2021-01-25 16:28:15', 'e5f611b2-7412-4cf2-bc16-60d7651677ed');
INSERT INTO public.fieldlayoutfields (id, "layoutId", "tabId", "fieldId", required, "sortOrder", "dateCreated", "dateUpdated", uid) VALUES (171, 9, 71, 13, false, 0, '2021-01-25 16:28:15', '2021-01-25 16:28:15', '7d8c9685-c235-4c5d-9abb-77eed321df53');
INSERT INTO public.fieldlayoutfields (id, "layoutId", "tabId", "fieldId", required, "sortOrder", "dateCreated", "dateUpdated", uid) VALUES (418, 20, 125, 45, false, 1, '2021-01-27 15:25:50', '2021-01-27 15:25:50', '735ea227-6937-4db2-a1ac-3189baba7866');
INSERT INTO public.fieldlayoutfields (id, "layoutId", "tabId", "fieldId", required, "sortOrder", "dateCreated", "dateUpdated", uid) VALUES (419, 20, 125, 46, false, 2, '2021-01-27 15:25:50', '2021-01-27 15:25:50', '778a9633-5d45-4992-aa6f-bfa618086905');
INSERT INTO public.fieldlayoutfields (id, "layoutId", "tabId", "fieldId", required, "sortOrder", "dateCreated", "dateUpdated", uid) VALUES (420, 20, 125, 8, false, 3, '2021-01-27 15:25:50', '2021-01-27 15:25:50', '23ccead2-9924-4042-a116-70a201a0e464');
INSERT INTO public.fieldlayoutfields (id, "layoutId", "tabId", "fieldId", required, "sortOrder", "dateCreated", "dateUpdated", uid) VALUES (421, 20, 125, 51, false, 4, '2021-01-27 15:25:50', '2021-01-27 15:25:50', 'e1e5d459-dce4-449e-998e-183d2ebbf8af');
INSERT INTO public.fieldlayoutfields (id, "layoutId", "tabId", "fieldId", required, "sortOrder", "dateCreated", "dateUpdated", uid) VALUES (422, 20, 125, 32, false, 6, '2021-01-27 15:25:50', '2021-01-27 15:25:50', '783afa85-53be-4bcb-9ae6-f85c8821611e');
INSERT INTO public.fieldlayoutfields (id, "layoutId", "tabId", "fieldId", required, "sortOrder", "dateCreated", "dateUpdated", uid) VALUES (423, 20, 125, 33, false, 7, '2021-01-27 15:25:50', '2021-01-27 15:25:50', '03fbb0b3-29c4-4bcf-968f-61f6a57290fe');
INSERT INTO public.fieldlayoutfields (id, "layoutId", "tabId", "fieldId", required, "sortOrder", "dateCreated", "dateUpdated", uid) VALUES (424, 20, 126, 20, false, 1, '2021-01-27 15:25:50', '2021-01-27 15:25:50', '7968200b-6b4e-42e0-8c45-01caf5a0cafe');
INSERT INTO public.fieldlayoutfields (id, "layoutId", "tabId", "fieldId", required, "sortOrder", "dateCreated", "dateUpdated", uid) VALUES (425, 20, 126, 41, false, 2, '2021-01-27 15:25:50', '2021-01-27 15:25:50', 'ffbd36a5-227f-4091-9242-29b0fefef750');
INSERT INTO public.fieldlayoutfields (id, "layoutId", "tabId", "fieldId", required, "sortOrder", "dateCreated", "dateUpdated", uid) VALUES (426, 20, 126, 18, false, 3, '2021-01-27 15:25:50', '2021-01-27 15:25:50', '25316aef-0dc8-4bf3-b02a-d42644eec1f6');
INSERT INTO public.fieldlayoutfields (id, "layoutId", "tabId", "fieldId", required, "sortOrder", "dateCreated", "dateUpdated", uid) VALUES (427, 20, 126, 19, false, 4, '2021-01-27 15:25:50', '2021-01-27 15:25:50', 'e7c22505-9c48-407e-9f11-9892b0dfdbad');
INSERT INTO public.fieldlayoutfields (id, "layoutId", "tabId", "fieldId", required, "sortOrder", "dateCreated", "dateUpdated", uid) VALUES (182, 16, 75, 4, false, 1, '2021-01-25 16:34:09', '2021-01-25 16:34:09', '5595bf4b-a6fc-48d5-a771-a49a9091cb7e');
INSERT INTO public.fieldlayoutfields (id, "layoutId", "tabId", "fieldId", required, "sortOrder", "dateCreated", "dateUpdated", uid) VALUES (183, 16, 75, 6, false, 2, '2021-01-25 16:34:09', '2021-01-25 16:34:09', 'e972bc76-d19b-42b7-9af1-29a89f24dc2d');
INSERT INTO public.fieldlayoutfields (id, "layoutId", "tabId", "fieldId", required, "sortOrder", "dateCreated", "dateUpdated", uid) VALUES (184, 16, 75, 8, false, 3, '2021-01-25 16:34:09', '2021-01-25 16:34:09', '44c506d1-c02b-4deb-b9fc-703ca00f630e');
INSERT INTO public.fieldlayoutfields (id, "layoutId", "tabId", "fieldId", required, "sortOrder", "dateCreated", "dateUpdated", uid) VALUES (185, 16, 75, 5, false, 4, '2021-01-25 16:34:09', '2021-01-25 16:34:09', '2ea6e3a1-56ec-4bb8-aa82-25fbe37e6c7e');
INSERT INTO public.fieldlayoutfields (id, "layoutId", "tabId", "fieldId", required, "sortOrder", "dateCreated", "dateUpdated", uid) VALUES (186, 16, 75, 14, false, 6, '2021-01-25 16:34:09', '2021-01-25 16:34:09', 'f41e3269-24d9-41d3-afea-eeaaf816951b');
INSERT INTO public.fieldlayoutfields (id, "layoutId", "tabId", "fieldId", required, "sortOrder", "dateCreated", "dateUpdated", uid) VALUES (187, 16, 75, 9, false, 7, '2021-01-25 16:34:09', '2021-01-25 16:34:09', 'd61fd297-f357-47d4-817f-669093ef5f51');
INSERT INTO public.fieldlayoutfields (id, "layoutId", "tabId", "fieldId", required, "sortOrder", "dateCreated", "dateUpdated", uid) VALUES (188, 16, 76, 15, false, 0, '2021-01-25 16:34:09', '2021-01-25 16:34:09', '200cafe1-5422-436b-a9d0-6362833bb1bc');
INSERT INTO public.fieldlayoutfields (id, "layoutId", "tabId", "fieldId", required, "sortOrder", "dateCreated", "dateUpdated", uid) VALUES (189, 16, 76, 16, false, 1, '2021-01-25 16:34:09', '2021-01-25 16:34:09', '3338c292-b7d4-4442-bbd4-35b359793485');
INSERT INTO public.fieldlayoutfields (id, "layoutId", "tabId", "fieldId", required, "sortOrder", "dateCreated", "dateUpdated", uid) VALUES (112, 14, 54, 17, false, 1, '2021-01-25 15:02:19', '2021-01-25 15:02:19', '226ba1f6-626d-465e-be57-8f25a760239b');
INSERT INTO public.fieldlayoutfields (id, "layoutId", "tabId", "fieldId", required, "sortOrder", "dateCreated", "dateUpdated", uid) VALUES (113, 14, 54, 14, false, 3, '2021-01-25 15:02:19', '2021-01-25 15:02:19', '1053a595-9645-4c86-957c-be1d7d887f64');
INSERT INTO public.fieldlayoutfields (id, "layoutId", "tabId", "fieldId", required, "sortOrder", "dateCreated", "dateUpdated", uid) VALUES (114, 14, 54, 9, false, 4, '2021-01-25 15:02:19', '2021-01-25 15:02:19', '604497d6-93ec-47fb-97bc-388674f383f9');
INSERT INTO public.fieldlayoutfields (id, "layoutId", "tabId", "fieldId", required, "sortOrder", "dateCreated", "dateUpdated", uid) VALUES (115, 14, 55, 15, false, 0, '2021-01-25 15:02:19', '2021-01-25 15:02:19', '3b17a5dd-9cf6-46f2-930e-448eefbd68b1');
INSERT INTO public.fieldlayoutfields (id, "layoutId", "tabId", "fieldId", required, "sortOrder", "dateCreated", "dateUpdated", uid) VALUES (116, 14, 55, 16, false, 1, '2021-01-25 15:02:19', '2021-01-25 15:02:19', '85ca9915-ddda-4dcd-916a-16a94ea36dc6');
INSERT INTO public.fieldlayoutfields (id, "layoutId", "tabId", "fieldId", required, "sortOrder", "dateCreated", "dateUpdated", uid) VALUES (428, 20, 126, 34, false, 6, '2021-01-27 15:25:50', '2021-01-27 15:25:50', 'c301781f-2403-44f4-95c4-b7a107d7538e');
INSERT INTO public.fieldlayoutfields (id, "layoutId", "tabId", "fieldId", required, "sortOrder", "dateCreated", "dateUpdated", uid) VALUES (429, 20, 126, 35, false, 7, '2021-01-27 15:25:50', '2021-01-27 15:25:50', 'cf4366d0-6b5d-48ce-b996-8c1f4efc17e7');
INSERT INTO public.fieldlayoutfields (id, "layoutId", "tabId", "fieldId", required, "sortOrder", "dateCreated", "dateUpdated", uid) VALUES (430, 20, 126, 36, false, 8, '2021-01-27 15:25:50', '2021-01-27 15:25:50', '795afbfe-d2dc-4a6c-97bc-138de7161261');
INSERT INTO public.fieldlayoutfields (id, "layoutId", "tabId", "fieldId", required, "sortOrder", "dateCreated", "dateUpdated", uid) VALUES (431, 20, 126, 37, false, 9, '2021-01-27 15:25:50', '2021-01-27 15:25:50', 'b415cbe7-56a1-4afa-8e48-866cd7ff9990');
INSERT INTO public.fieldlayoutfields (id, "layoutId", "tabId", "fieldId", required, "sortOrder", "dateCreated", "dateUpdated", uid) VALUES (432, 20, 126, 38, false, 10, '2021-01-27 15:25:50', '2021-01-27 15:25:50', 'd28e1b46-43bb-4fb0-a18c-369442934784');
INSERT INTO public.fieldlayoutfields (id, "layoutId", "tabId", "fieldId", required, "sortOrder", "dateCreated", "dateUpdated", uid) VALUES (433, 20, 126, 22, false, 12, '2021-01-27 15:25:50', '2021-01-27 15:25:50', '880d5c7a-04c3-40de-b367-01c41ea4c900');
INSERT INTO public.fieldlayoutfields (id, "layoutId", "tabId", "fieldId", required, "sortOrder", "dateCreated", "dateUpdated", uid) VALUES (434, 20, 126, 23, false, 13, '2021-01-27 15:25:50', '2021-01-27 15:25:50', 'd671a422-c650-4107-9b92-6326f495d2fd');
INSERT INTO public.fieldlayoutfields (id, "layoutId", "tabId", "fieldId", required, "sortOrder", "dateCreated", "dateUpdated", uid) VALUES (190, 16, 77, 12, false, 0, '2021-01-25 16:34:09', '2021-01-25 16:34:09', '084bc61f-f622-466b-82ff-4f0f21ae5b4b');
INSERT INTO public.fieldlayoutfields (id, "layoutId", "tabId", "fieldId", required, "sortOrder", "dateCreated", "dateUpdated", uid) VALUES (191, 16, 77, 10, false, 1, '2021-01-25 16:34:09', '2021-01-25 16:34:09', 'b58303aa-660e-4a12-a29f-462f1047bab0');
INSERT INTO public.fieldlayoutfields (id, "layoutId", "tabId", "fieldId", required, "sortOrder", "dateCreated", "dateUpdated", uid) VALUES (192, 16, 77, 11, false, 2, '2021-01-25 16:34:09', '2021-01-25 16:34:09', 'bfee969a-6b7f-4e37-961a-682bd7610367');
INSERT INTO public.fieldlayoutfields (id, "layoutId", "tabId", "fieldId", required, "sortOrder", "dateCreated", "dateUpdated", uid) VALUES (197, 17, 80, 30, false, 1, '2021-01-25 17:07:07', '2021-01-25 17:07:07', 'a5b9d55f-642f-4f27-ba11-67209fa75754');
INSERT INTO public.fieldlayoutfields (id, "layoutId", "tabId", "fieldId", required, "sortOrder", "dateCreated", "dateUpdated", uid) VALUES (198, 17, 80, 31, false, 2, '2021-01-25 17:07:07', '2021-01-25 17:07:07', '31c46a37-340f-4e56-972d-03408d306037');
INSERT INTO public.fieldlayoutfields (id, "layoutId", "tabId", "fieldId", required, "sortOrder", "dateCreated", "dateUpdated", uid) VALUES (199, 17, 80, 32, false, 3, '2021-01-25 17:07:07', '2021-01-25 17:07:07', '4666fc26-bc35-42a9-93a7-b9a728d831d6');
INSERT INTO public.fieldlayoutfields (id, "layoutId", "tabId", "fieldId", required, "sortOrder", "dateCreated", "dateUpdated", uid) VALUES (200, 17, 80, 33, false, 4, '2021-01-25 17:07:07', '2021-01-25 17:07:07', '4b3a59b1-bede-42a8-821a-68117c26d851');
INSERT INTO public.fieldlayoutfields (id, "layoutId", "tabId", "fieldId", required, "sortOrder", "dateCreated", "dateUpdated", uid) VALUES (201, 17, 80, 8, false, 5, '2021-01-25 17:07:07', '2021-01-25 17:07:07', '5d513232-182e-4991-826b-83c0f49903e5');
INSERT INTO public.fieldlayoutfields (id, "layoutId", "tabId", "fieldId", required, "sortOrder", "dateCreated", "dateUpdated", uid) VALUES (202, 17, 80, 5, false, 6, '2021-01-25 17:07:07', '2021-01-25 17:07:07', 'a8936821-be98-4dd5-ba76-45eca13112c2');
INSERT INTO public.fieldlayoutfields (id, "layoutId", "tabId", "fieldId", required, "sortOrder", "dateCreated", "dateUpdated", uid) VALUES (203, 17, 80, 14, false, 8, '2021-01-25 17:07:07', '2021-01-25 17:07:07', '6efbe523-ab35-4919-850e-ac2e4583bc14');
INSERT INTO public.fieldlayoutfields (id, "layoutId", "tabId", "fieldId", required, "sortOrder", "dateCreated", "dateUpdated", uid) VALUES (204, 17, 80, 9, false, 9, '2021-01-25 17:07:07', '2021-01-25 17:07:07', 'a47bb011-07d0-4a4c-a6fc-21a43174845e');
INSERT INTO public.fieldlayoutfields (id, "layoutId", "tabId", "fieldId", required, "sortOrder", "dateCreated", "dateUpdated", uid) VALUES (205, 17, 81, 4, false, 0, '2021-01-25 17:07:07', '2021-01-25 17:07:07', 'bf383269-c579-435d-8902-d83e6fa52900');
INSERT INTO public.fieldlayoutfields (id, "layoutId", "tabId", "fieldId", required, "sortOrder", "dateCreated", "dateUpdated", uid) VALUES (206, 17, 81, 6, false, 1, '2021-01-25 17:07:07', '2021-01-25 17:07:07', '2d70f041-adfc-41f6-afe9-e043fef94ce8');
INSERT INTO public.fieldlayoutfields (id, "layoutId", "tabId", "fieldId", required, "sortOrder", "dateCreated", "dateUpdated", uid) VALUES (207, 17, 82, 15, false, 0, '2021-01-25 17:07:07', '2021-01-25 17:07:07', '7f53e931-3833-4ff8-8cb8-193c30ec1f74');
INSERT INTO public.fieldlayoutfields (id, "layoutId", "tabId", "fieldId", required, "sortOrder", "dateCreated", "dateUpdated", uid) VALUES (208, 17, 82, 16, false, 1, '2021-01-25 17:07:07', '2021-01-25 17:07:07', 'db9f56a7-1d10-432f-a389-dd33a8aec65a');
INSERT INTO public.fieldlayoutfields (id, "layoutId", "tabId", "fieldId", required, "sortOrder", "dateCreated", "dateUpdated", uid) VALUES (435, 20, 126, 39, false, 14, '2021-01-27 15:25:50', '2021-01-27 15:25:50', 'b6799c2a-8e23-474a-810f-33c2062b91f0');
INSERT INTO public.fieldlayoutfields (id, "layoutId", "tabId", "fieldId", required, "sortOrder", "dateCreated", "dateUpdated", uid) VALUES (436, 20, 126, 40, false, 15, '2021-01-27 15:25:50', '2021-01-27 15:25:50', 'c4eff0a3-9c46-4fe3-acad-0832b2ca5433');
INSERT INTO public.fieldlayoutfields (id, "layoutId", "tabId", "fieldId", required, "sortOrder", "dateCreated", "dateUpdated", uid) VALUES (437, 20, 127, 47, false, 0, '2021-01-27 15:25:50', '2021-01-27 15:25:50', '19bad46b-859a-45b8-9aaf-670b1191f516');
INSERT INTO public.fieldlayoutfields (id, "layoutId", "tabId", "fieldId", required, "sortOrder", "dateCreated", "dateUpdated", uid) VALUES (438, 20, 127, 48, false, 1, '2021-01-27 15:25:50', '2021-01-27 15:25:50', '13aad449-5faf-4724-82b1-71ce75ea2cd5');
INSERT INTO public.fieldlayoutfields (id, "layoutId", "tabId", "fieldId", required, "sortOrder", "dateCreated", "dateUpdated", uid) VALUES (439, 20, 127, 50, false, 2, '2021-01-27 15:25:50', '2021-01-27 15:25:50', '2aff351f-2452-4261-ac73-509ca2522eca');
INSERT INTO public.fieldlayoutfields (id, "layoutId", "tabId", "fieldId", required, "sortOrder", "dateCreated", "dateUpdated", uid) VALUES (440, 20, 127, 49, false, 3, '2021-01-27 15:25:50', '2021-01-27 15:25:50', '92ba3ddc-f7dc-4a99-bdf2-4e0c28122ce9');
INSERT INTO public.fieldlayoutfields (id, "layoutId", "tabId", "fieldId", required, "sortOrder", "dateCreated", "dateUpdated", uid) VALUES (441, 20, 128, 44, false, 0, '2021-01-27 15:25:50', '2021-01-27 15:25:50', 'b28c8a76-40c7-4518-85ce-23d04dc18cb1');
INSERT INTO public.fieldlayoutfields (id, "layoutId", "tabId", "fieldId", required, "sortOrder", "dateCreated", "dateUpdated", uid) VALUES (442, 20, 128, 24, false, 1, '2021-01-27 15:25:50', '2021-01-27 15:25:50', '7bfbca90-5c32-470d-b23f-5c72296a12b1');
INSERT INTO public.fieldlayoutfields (id, "layoutId", "tabId", "fieldId", required, "sortOrder", "dateCreated", "dateUpdated", uid) VALUES (443, 20, 128, 27, false, 2, '2021-01-27 15:25:50', '2021-01-27 15:25:50', '4d497075-3c11-43d9-aadc-94e2ce7967b6');
INSERT INTO public.fieldlayoutfields (id, "layoutId", "tabId", "fieldId", required, "sortOrder", "dateCreated", "dateUpdated", uid) VALUES (444, 20, 128, 25, false, 3, '2021-01-27 15:25:50', '2021-01-27 15:25:50', '0345261a-4cdf-4444-91ff-3989a25fa581');
INSERT INTO public.fieldlayoutfields (id, "layoutId", "tabId", "fieldId", required, "sortOrder", "dateCreated", "dateUpdated", uid) VALUES (445, 20, 128, 26, false, 4, '2021-01-27 15:25:50', '2021-01-27 15:25:50', '3ca714a6-33d3-46ad-8d16-12efb81dc0cf');
INSERT INTO public.fieldlayoutfields (id, "layoutId", "tabId", "fieldId", required, "sortOrder", "dateCreated", "dateUpdated", uid) VALUES (446, 20, 128, 42, false, 5, '2021-01-27 15:25:50', '2021-01-27 15:25:50', '8e0b6966-7d00-4e2a-b801-7085ce75e54a');
INSERT INTO public.fieldlayoutfields (id, "layoutId", "tabId", "fieldId", required, "sortOrder", "dateCreated", "dateUpdated", uid) VALUES (447, 20, 128, 43, false, 6, '2021-01-27 15:25:50', '2021-01-27 15:25:50', '30e20084-43d2-4b55-bb4f-c0ef55418b17');
INSERT INTO public.fieldlayoutfields (id, "layoutId", "tabId", "fieldId", required, "sortOrder", "dateCreated", "dateUpdated", uid) VALUES (453, 21, 132, 6, false, 1, '2021-01-27 15:42:01', '2021-01-27 15:42:01', 'c5beb647-ec1d-41a6-ac3d-e83f729a2f29');
INSERT INTO public.fieldlayoutfields (id, "layoutId", "tabId", "fieldId", required, "sortOrder", "dateCreated", "dateUpdated", uid) VALUES (454, 21, 132, 52, false, 2, '2021-01-27 15:42:01', '2021-01-27 15:42:01', '7a30377f-d1f9-4f01-95eb-d85048b95092');
INSERT INTO public.fieldlayoutfields (id, "layoutId", "tabId", "fieldId", required, "sortOrder", "dateCreated", "dateUpdated", uid) VALUES (455, 21, 132, 51, false, 3, '2021-01-27 15:42:01', '2021-01-27 15:42:01', '4bf56846-f9fe-46f3-8b1c-7014bdfc90f5');
INSERT INTO public.fieldlayoutfields (id, "layoutId", "tabId", "fieldId", required, "sortOrder", "dateCreated", "dateUpdated", uid) VALUES (456, 21, 132, 39, false, 4, '2021-01-27 15:42:01', '2021-01-27 15:42:01', '55480136-55c4-47d3-8358-cc97faccbf2d');
INSERT INTO public.fieldlayoutfields (id, "layoutId", "tabId", "fieldId", required, "sortOrder", "dateCreated", "dateUpdated", uid) VALUES (457, 21, 132, 53, false, 5, '2021-01-27 15:42:01', '2021-01-27 15:42:01', '9f148bde-d28f-48f1-a872-24e1e4dbcb48');


--
-- Data for Name: fieldlayouts; Type: TABLE DATA; Schema: public; Owner: -
--

INSERT INTO public.fieldlayouts (id, type, "dateCreated", "dateUpdated", "dateDeleted", uid) VALUES (2, 'craft\elements\Asset', '2020-11-25 10:32:43', '2020-11-25 10:32:43', NULL, '27caa54a-ccef-47d2-b7b4-05aab0d84ac4');
INSERT INTO public.fieldlayouts (id, type, "dateCreated", "dateUpdated", "dateDeleted", uid) VALUES (3, 'craft\elements\Asset', '2020-11-25 10:32:43', '2020-11-25 10:32:43', NULL, '17fddcbf-504b-4f3d-a096-e52d47d417cb');
INSERT INTO public.fieldlayouts (id, type, "dateCreated", "dateUpdated", "dateDeleted", uid) VALUES (8, 'craft\elements\Category', '2021-01-22 14:35:05', '2021-01-22 14:35:05', NULL, '655007d3-8586-4e80-96c0-e0c2e201b343');
INSERT INTO public.fieldlayouts (id, type, "dateCreated", "dateUpdated", "dateDeleted", uid) VALUES (9, 'craft\elements\Entry', '2021-01-22 14:48:20', '2021-01-22 14:48:20', NULL, 'c2bfcb97-5a33-4391-aef6-f939514b2fdf');
INSERT INTO public.fieldlayouts (id, type, "dateCreated", "dateUpdated", "dateDeleted", uid) VALUES (13, 'craft\elements\Category', '2021-01-25 14:34:23', '2021-01-25 14:34:23', NULL, 'a65f7e44-24f6-4456-92b9-32d7ea6766e1');
INSERT INTO public.fieldlayouts (id, type, "dateCreated", "dateUpdated", "dateDeleted", uid) VALUES (14, 'craft\elements\Entry', '2021-01-25 15:00:30', '2021-01-25 15:00:30', NULL, '0218e180-021b-4456-a518-adda18fa6acb');
INSERT INTO public.fieldlayouts (id, type, "dateCreated", "dateUpdated", "dateDeleted", uid) VALUES (15, 'craft\elements\Entry', '2021-01-25 15:30:00', '2021-01-25 15:30:00', NULL, 'bc02eba3-888e-4833-9396-af64dae92bee');
INSERT INTO public.fieldlayouts (id, type, "dateCreated", "dateUpdated", "dateDeleted", uid) VALUES (16, 'craft\elements\Entry', '2021-01-25 16:24:39', '2021-01-25 16:24:39', NULL, '3ed9cd20-9052-4216-9f78-2d7ad05a0351');
INSERT INTO public.fieldlayouts (id, type, "dateCreated", "dateUpdated", "dateDeleted", uid) VALUES (17, 'craft\elements\Entry', '2021-01-25 16:56:46', '2021-01-25 16:56:46', NULL, 'e633e577-fc52-4574-8ccb-971dbe2edda4');
INSERT INTO public.fieldlayouts (id, type, "dateCreated", "dateUpdated", "dateDeleted", uid) VALUES (18, 'craft\elements\Asset', '2021-01-27 08:57:12', '2021-01-27 08:57:12', NULL, '76ba5428-f073-4669-846b-89e4b887a1d3');
INSERT INTO public.fieldlayouts (id, type, "dateCreated", "dateUpdated", "dateDeleted", uid) VALUES (20, 'craft\elements\Entry', '2021-01-27 13:27:36', '2021-01-27 13:27:36', NULL, 'fc561d93-5d34-40b4-a588-f309aeb64350');
INSERT INTO public.fieldlayouts (id, type, "dateCreated", "dateUpdated", "dateDeleted", uid) VALUES (21, 'craft\elements\Entry', '2021-01-27 15:06:55', '2021-01-27 15:06:55', NULL, 'a4a554ec-af28-4fd5-8b0a-48b5ba8c76e8');
INSERT INTO public.fieldlayouts (id, type, "dateCreated", "dateUpdated", "dateDeleted", uid) VALUES (22, 'craft\elements\Category', '2021-01-27 15:40:44', '2021-01-27 15:40:44', NULL, '94d02b6c-a146-4e67-9709-45dbe6b120ab');


--
-- Data for Name: fieldlayouttabs; Type: TABLE DATA; Schema: public; Owner: -
--

INSERT INTO public.fieldlayouttabs (id, "layoutId", name, elements, "sortOrder", "dateCreated", "dateUpdated", uid) VALUES (80, 17, 'Inhalt', '[{"type":"craft\\fieldlayoutelements\\EntryTitleField","autocomplete":false,"class":null,"size":null,"name":null,"autocorrect":true,"autocapitalize":true,"disabled":false,"readonly":false,"title":null,"placeholder":null,"step":null,"min":null,"max":null,"requirable":false,"id":null,"containerAttributes":[],"inputContainerAttributes":[],"labelAttributes":[],"orientation":null,"label":null,"instructions":null,"tip":null,"warning":null,"width":100},{"type":"craft\\fieldlayoutelements\\CustomField","label":null,"instructions":null,"tip":null,"warning":null,"required":false,"width":25,"fieldUid":"0fe7b7e2-1d66-4533-b80c-3e1b63fce160"},{"type":"craft\\fieldlayoutelements\\CustomField","label":null,"instructions":null,"tip":null,"warning":null,"required":false,"width":25,"fieldUid":"dd5974d9-ec7e-426b-aba0-2a01563861f4"},{"type":"craft\\fieldlayoutelements\\CustomField","label":null,"instructions":null,"tip":null,"warning":null,"required":false,"width":25,"fieldUid":"8b581eed-f474-4169-a920-318f01f5e16c"},{"type":"craft\\fieldlayoutelements\\CustomField","label":null,"instructions":null,"tip":null,"warning":null,"required":false,"width":25,"fieldUid":"b819a17b-d2a6-48e3-81e8-e8496f4073c2"},{"type":"craft\\fieldlayoutelements\\CustomField","label":null,"instructions":null,"tip":null,"warning":null,"required":false,"width":100,"fieldUid":"38135310-b63d-4169-8f04-6fbbe0404998"},{"type":"craft\\fieldlayoutelements\\CustomField","label":null,"instructions":null,"tip":null,"warning":null,"required":false,"width":100,"fieldUid":"18d73ec4-3757-40a2-a96a-cdedf667d895"},{"type":"craft\\fieldlayoutelements\\HorizontalRule"},{"type":"craft\\fieldlayoutelements\\CustomField","label":null,"instructions":null,"tip":null,"warning":null,"required":false,"width":50,"fieldUid":"9ef612f5-8b16-401c-bd20-058431414095"},{"type":"craft\\fieldlayoutelements\\CustomField","label":null,"instructions":null,"tip":null,"warning":null,"required":false,"width":50,"fieldUid":"10d914df-e824-4c0b-97c8-84c984dd0258"}]', 1, '2021-01-25 17:07:07', '2021-01-25 17:07:07', '4c3adcf0-4038-44d2-8e0d-335d0867dcc7');
INSERT INTO public.fieldlayouttabs (id, "layoutId", name, elements, "sortOrder", "dateCreated", "dateUpdated", uid) VALUES (81, 17, 'Meta', '[{"type":"craft\\fieldlayoutelements\\CustomField","label":null,"instructions":null,"tip":null,"warning":null,"required":false,"width":50,"fieldUid":"a1edddb7-5eaf-4b3a-ac4f-5b58c6494d65"},{"type":"craft\\fieldlayoutelements\\CustomField","label":null,"instructions":null,"tip":null,"warning":null,"required":false,"width":50,"fieldUid":"24403202-e90c-4bf2-9f60-d8b2146f107b"}]', 2, '2021-01-25 17:07:07', '2021-01-25 17:07:07', 'fcbd353d-ee7d-437c-b163-428d474d8d18');
INSERT INTO public.fieldlayouttabs (id, "layoutId", name, elements, "sortOrder", "dateCreated", "dateUpdated", uid) VALUES (82, 17, 'Suchmaschine', '[{"type":"craft\\fieldlayoutelements\\CustomField","label":null,"instructions":null,"tip":null,"warning":null,"required":false,"width":100,"fieldUid":"ee9512d9-701e-4e12-842e-02a6030b0da9"},{"type":"craft\\fieldlayoutelements\\CustomField","label":null,"instructions":null,"tip":null,"warning":null,"required":false,"width":100,"fieldUid":"e95bbf80-2274-41dc-b724-b2a404d796de"}]', 3, '2021-01-25 17:07:07', '2021-01-25 17:07:07', '35b6506a-1945-42c9-8b36-e447df51189f');
INSERT INTO public.fieldlayouttabs (id, "layoutId", name, elements, "sortOrder", "dateCreated", "dateUpdated", uid) VALUES (133, 2, 'Content', '[{"type":"craft\\fieldlayoutelements\\AssetTitleField","autocomplete":false,"class":null,"size":null,"name":null,"autocorrect":true,"autocapitalize":true,"disabled":false,"readonly":false,"title":null,"placeholder":null,"step":null,"min":null,"max":null,"requirable":false,"id":null,"containerAttributes":[],"inputContainerAttributes":[],"labelAttributes":[],"orientation":null,"label":"","instructions":"","tip":null,"warning":null,"width":100}]', 1, '2021-01-27 15:48:33', '2021-01-27 15:48:33', '24cfa5fd-080e-49c8-b520-7afa7c209d3e');
INSERT INTO public.fieldlayouttabs (id, "layoutId", name, elements, "sortOrder", "dateCreated", "dateUpdated", uid) VALUES (134, 18, 'Inhalt', '[{"type":"craft\\fieldlayoutelements\\AssetTitleField","autocomplete":false,"class":null,"size":null,"name":null,"autocorrect":true,"autocapitalize":true,"disabled":false,"readonly":false,"title":null,"placeholder":null,"step":null,"min":null,"max":null,"requirable":false,"id":null,"containerAttributes":[],"inputContainerAttributes":[],"labelAttributes":[],"orientation":null,"label":null,"instructions":null,"tip":null,"warning":null,"width":100}]', 1, '2021-01-27 15:48:33', '2021-01-27 15:48:33', 'd282fb6c-bd2a-4e2e-879d-2a20fa14091c');
INSERT INTO public.fieldlayouttabs (id, "layoutId", name, elements, "sortOrder", "dateCreated", "dateUpdated", uid) VALUES (135, 3, 'Inhalt', '[{"type":"craft\\fieldlayoutelements\\AssetTitleField","autocomplete":false,"class":null,"size":null,"name":null,"autocorrect":true,"autocapitalize":true,"disabled":false,"readonly":false,"title":null,"placeholder":null,"step":null,"min":null,"max":null,"requirable":false,"id":null,"containerAttributes":[],"inputContainerAttributes":[],"labelAttributes":[],"orientation":null,"label":null,"instructions":null,"tip":null,"warning":null,"width":100}]', 1, '2021-01-27 15:48:33', '2021-01-27 15:48:33', '95dee3b6-6625-4611-aa93-786740e2a5cd');
INSERT INTO public.fieldlayouttabs (id, "layoutId", name, elements, "sortOrder", "dateCreated", "dateUpdated", uid) VALUES (125, 20, 'Inhalt', '[{"type":"craft\\fieldlayoutelements\\EntryTitleField","autocomplete":false,"class":null,"size":null,"name":null,"autocorrect":true,"autocapitalize":true,"disabled":false,"readonly":false,"title":null,"placeholder":null,"step":null,"min":null,"max":null,"requirable":false,"id":null,"containerAttributes":[],"inputContainerAttributes":[],"labelAttributes":[],"orientation":null,"label":"Name","instructions":"","tip":null,"warning":null,"width":100},{"type":"craft\\fieldlayoutelements\\CustomField","label":null,"instructions":null,"tip":null,"warning":null,"required":false,"width":50,"fieldUid":"3a7873dc-80ec-4fc1-8702-0cd23d307ad0"},{"type":"craft\\fieldlayoutelements\\CustomField","label":null,"instructions":null,"tip":null,"warning":null,"required":false,"width":50,"fieldUid":"5791152b-3883-4751-9803-a1efd9730f3d"},{"type":"craft\\fieldlayoutelements\\CustomField","label":null,"instructions":null,"tip":null,"warning":null,"required":false,"width":100,"fieldUid":"38135310-b63d-4169-8f04-6fbbe0404998"},{"type":"craft\\fieldlayoutelements\\CustomField","label":null,"instructions":null,"tip":null,"warning":null,"required":false,"width":100,"fieldUid":"fa67a40b-6951-46d9-bda9-4369aa5dc327"},{"type":"craft\\fieldlayoutelements\\Heading","heading":"Standort"},{"type":"craft\\fieldlayoutelements\\CustomField","label":null,"instructions":null,"tip":null,"warning":null,"required":false,"width":50,"fieldUid":"8b581eed-f474-4169-a920-318f01f5e16c"},{"type":"craft\\fieldlayoutelements\\CustomField","label":null,"instructions":null,"tip":null,"warning":null,"required":false,"width":50,"fieldUid":"b819a17b-d2a6-48e3-81e8-e8496f4073c2"}]', 1, '2021-01-27 15:25:50', '2021-01-27 15:25:50', '298655dc-2cfd-42b3-beaa-b9c1e457ffc7');
INSERT INTO public.fieldlayouttabs (id, "layoutId", name, elements, "sortOrder", "dateCreated", "dateUpdated", uid) VALUES (126, 20, 'Firma', '[{"type":"craft\\fieldlayoutelements\\Heading","heading":"Ansprechpartner"},{"type":"craft\\fieldlayoutelements\\CustomField","label":null,"instructions":null,"tip":null,"warning":null,"required":false,"width":50,"fieldUid":"b615217c-6a31-4d72-bc36-48a81c88be5d"},{"type":"craft\\fieldlayoutelements\\CustomField","label":null,"instructions":null,"tip":null,"warning":null,"required":false,"width":50,"fieldUid":"531d4f4f-7561-416d-a5f2-116a484ad6ff"},{"type":"craft\\fieldlayoutelements\\CustomField","label":null,"instructions":null,"tip":null,"warning":null,"required":false,"width":50,"fieldUid":"f88bfc01-1476-4bd4-9a6a-b65fff783658"},{"type":"craft\\fieldlayoutelements\\CustomField","label":null,"instructions":null,"tip":null,"warning":null,"required":false,"width":50,"fieldUid":"0157ca30-ec6c-42c5-8869-589c4bf6965f"},{"type":"craft\\fieldlayoutelements\\Heading","heading":"Anschrift"},{"type":"craft\\fieldlayoutelements\\CustomField","label":null,"instructions":null,"tip":null,"warning":null,"required":false,"width":100,"fieldUid":"8cd7cefb-10df-4b63-a65f-2cadca1c4c1b"},{"type":"craft\\fieldlayoutelements\\CustomField","label":null,"instructions":null,"tip":null,"warning":null,"required":false,"width":50,"fieldUid":"4f5e11cf-b1e9-4f8e-a288-c8882b5b374d"},{"type":"craft\\fieldlayoutelements\\CustomField","label":null,"instructions":null,"tip":null,"warning":null,"required":false,"width":50,"fieldUid":"1f8b3b3f-ed42-4b28-b49e-cef4c51a0e33"},{"type":"craft\\fieldlayoutelements\\CustomField","label":null,"instructions":null,"tip":null,"warning":null,"required":false,"width":50,"fieldUid":"8d3d3523-0a94-44fa-be0d-11ecb92bdc20"},{"type":"craft\\fieldlayoutelements\\CustomField","label":null,"instructions":null,"tip":null,"warning":null,"required":false,"width":50,"fieldUid":"5db55344-b925-4e15-b099-994baba0a7a4"},{"type":"craft\\fieldlayoutelements\\Heading","heading":"Kontakt"},{"type":"craft\\fieldlayoutelements\\CustomField","label":null,"instructions":null,"tip":null,"warning":null,"required":false,"width":50,"fieldUid":"e402c4ce-9e9f-4644-8430-d6229f2d5737"},{"type":"craft\\fieldlayoutelements\\CustomField","label":null,"instructions":null,"tip":null,"warning":null,"required":false,"width":50,"fieldUid":"39780143-51f5-4ce9-b1cf-0a9df42c8055"},{"type":"craft\\fieldlayoutelements\\CustomField","label":null,"instructions":null,"tip":null,"warning":null,"required":false,"width":50,"fieldUid":"c85c285d-0701-44db-b2a7-306dd269680c"},{"type":"craft\\fieldlayoutelements\\CustomField","label":null,"instructions":null,"tip":null,"warning":null,"required":false,"width":50,"fieldUid":"52b46a5b-3bc7-4eb4-a2c5-4372222a1c9f"}]', 2, '2021-01-27 15:25:50', '2021-01-27 15:25:50', 'ccf530fe-cae0-4df7-9f07-744cdf377c1a');
INSERT INTO public.fieldlayouttabs (id, "layoutId", name, elements, "sortOrder", "dateCreated", "dateUpdated", uid) VALUES (127, 20, 'Sonstiges', '[{"type":"craft\\fieldlayoutelements\\CustomField","label":null,"instructions":null,"tip":null,"warning":null,"required":false,"width":50,"fieldUid":"d619fc81-496a-4a1b-8f02-4a71c453f5d2"},{"type":"craft\\fieldlayoutelements\\CustomField","label":null,"instructions":null,"tip":null,"warning":null,"required":false,"width":50,"fieldUid":"a6d20208-15f2-493d-8a54-0adae2193700"},{"type":"craft\\fieldlayoutelements\\CustomField","label":null,"instructions":null,"tip":null,"warning":null,"required":false,"width":50,"fieldUid":"1d9b5925-be5a-4c98-b2a8-eb7addbc635c"},{"type":"craft\\fieldlayoutelements\\CustomField","label":null,"instructions":null,"tip":null,"warning":null,"required":false,"width":50,"fieldUid":"68317155-d437-4b8a-a640-382a9092e553"}]', 3, '2021-01-27 15:25:50', '2021-01-27 15:25:50', '08e1dcfe-da4c-4b7c-ab9e-5c62451b3d77');
INSERT INTO public.fieldlayouttabs (id, "layoutId", name, elements, "sortOrder", "dateCreated", "dateUpdated", uid) VALUES (128, 20, 'Soziale Netzwerke', '[{"type":"craft\\fieldlayoutelements\\CustomField","label":null,"instructions":null,"tip":null,"warning":null,"required":false,"width":100,"fieldUid":"2b41ab49-178c-4ff2-b65d-fbbe2e33c562"},{"type":"craft\\fieldlayoutelements\\CustomField","label":null,"instructions":null,"tip":null,"warning":null,"required":false,"width":100,"fieldUid":"9289a943-5ab0-45f8-9b78-876519730902"},{"type":"craft\\fieldlayoutelements\\CustomField","label":null,"instructions":null,"tip":null,"warning":null,"required":false,"width":100,"fieldUid":"41e6657f-1bf4-42fb-bd66-4aea4f6d895b"},{"type":"craft\\fieldlayoutelements\\CustomField","label":null,"instructions":null,"tip":null,"warning":null,"required":false,"width":100,"fieldUid":"e61e3323-bb6b-466f-9f03-1a5c39d1605b"},{"type":"craft\\fieldlayoutelements\\CustomField","label":null,"instructions":null,"tip":null,"warning":null,"required":false,"width":100,"fieldUid":"f226fb33-c938-4e3d-9c88-8d5678ddb8ea"},{"type":"craft\\fieldlayoutelements\\CustomField","label":null,"instructions":null,"tip":null,"warning":null,"required":false,"width":100,"fieldUid":"de7b667a-9d74-454c-bfd4-78f261a771a2"},{"type":"craft\\fieldlayoutelements\\CustomField","label":null,"instructions":null,"tip":null,"warning":null,"required":false,"width":100,"fieldUid":"dced25a8-d4dc-49a1-a4d9-4d7edea2959c"}]', 4, '2021-01-27 15:25:50', '2021-01-27 15:25:50', 'cdf982a1-7b65-436c-9d7a-945b6321d007');
INSERT INTO public.fieldlayouttabs (id, "layoutId", name, elements, "sortOrder", "dateCreated", "dateUpdated", uid) VALUES (20, 8, 'Inhalt', '[{"type":"craft\\fieldlayoutelements\\TitleField","autocomplete":false,"class":null,"size":null,"name":null,"autocorrect":true,"autocapitalize":true,"disabled":false,"readonly":false,"title":null,"placeholder":null,"step":null,"min":null,"max":null,"requirable":false,"id":null,"containerAttributes":[],"inputContainerAttributes":[],"labelAttributes":[],"orientation":null,"label":"","instructions":"","tip":null,"warning":null,"width":100}]', 1, '2021-01-22 14:50:52', '2021-01-22 14:50:52', 'fda30623-2f9d-4c16-84e6-72f7168236db');
INSERT INTO public.fieldlayouttabs (id, "layoutId", name, elements, "sortOrder", "dateCreated", "dateUpdated", uid) VALUES (48, 13, 'Inhalt', '[{"type":"craft\\fieldlayoutelements\\TitleField","autocomplete":false,"class":null,"size":null,"name":null,"autocorrect":true,"autocapitalize":true,"disabled":false,"readonly":false,"title":null,"placeholder":null,"step":null,"min":null,"max":null,"requirable":false,"id":null,"containerAttributes":[],"inputContainerAttributes":[],"labelAttributes":[],"orientation":null,"label":null,"instructions":null,"tip":null,"warning":null,"width":100}]', 1, '2021-01-25 14:38:57', '2021-01-25 14:38:57', '55f4e005-8d51-48df-ba7b-be349f1bf8e5');
INSERT INTO public.fieldlayouttabs (id, "layoutId", name, elements, "sortOrder", "dateCreated", "dateUpdated", uid) VALUES (54, 14, 'Inhalt', '[{"type":"craft\\fieldlayoutelements\\EntryTitleField","autocomplete":false,"class":null,"size":null,"name":null,"autocorrect":true,"autocapitalize":true,"disabled":false,"readonly":false,"title":null,"placeholder":null,"step":null,"min":null,"max":null,"requirable":false,"id":null,"containerAttributes":[],"inputContainerAttributes":[],"labelAttributes":[],"orientation":null,"label":null,"instructions":null,"tip":null,"warning":null,"width":100},{"type":"craft\\fieldlayoutelements\\CustomField","label":null,"instructions":null,"tip":null,"warning":null,"required":false,"width":100,"fieldUid":"51fb8b04-05e1-4476-a9f5-008860e78c6b"},{"type":"craft\\fieldlayoutelements\\HorizontalRule"},{"type":"craft\\fieldlayoutelements\\CustomField","label":null,"instructions":null,"tip":null,"warning":null,"required":false,"width":50,"fieldUid":"9ef612f5-8b16-401c-bd20-058431414095"},{"type":"craft\\fieldlayoutelements\\CustomField","label":null,"instructions":null,"tip":null,"warning":null,"required":false,"width":50,"fieldUid":"10d914df-e824-4c0b-97c8-84c984dd0258"}]', 1, '2021-01-25 15:02:19', '2021-01-25 15:02:19', '8c299d75-98f0-4d33-94f7-83e1feba1951');
INSERT INTO public.fieldlayouttabs (id, "layoutId", name, elements, "sortOrder", "dateCreated", "dateUpdated", uid) VALUES (55, 14, 'Suchmaschine', '[{"type":"craft\\fieldlayoutelements\\CustomField","label":null,"instructions":null,"tip":null,"warning":null,"required":false,"width":100,"fieldUid":"ee9512d9-701e-4e12-842e-02a6030b0da9"},{"type":"craft\\fieldlayoutelements\\CustomField","label":null,"instructions":null,"tip":null,"warning":null,"required":false,"width":100,"fieldUid":"e95bbf80-2274-41dc-b724-b2a404d796de"}]', 2, '2021-01-25 15:02:19', '2021-01-25 15:02:19', 'b8faa19b-1f5e-4028-8f86-09118342924f');
INSERT INTO public.fieldlayouttabs (id, "layoutId", name, elements, "sortOrder", "dateCreated", "dateUpdated", uid) VALUES (65, 15, 'Inhalt', '[{"type":"craft\\fieldlayoutelements\\EntryTitleField","autocomplete":false,"class":null,"size":null,"name":null,"autocorrect":true,"autocapitalize":true,"disabled":false,"readonly":false,"title":null,"placeholder":null,"step":null,"min":null,"max":null,"requirable":false,"id":null,"containerAttributes":[],"inputContainerAttributes":[],"labelAttributes":[],"orientation":null,"label":null,"instructions":null,"tip":null,"warning":null,"width":50},{"type":"craft\\fieldlayoutelements\\CustomField","label":null,"instructions":null,"tip":null,"warning":null,"required":false,"width":50,"fieldUid":"6b846f7f-9152-4526-813f-a931a421c454"},{"type":"craft\\fieldlayoutelements\\CustomField","label":null,"instructions":null,"tip":null,"warning":null,"required":false,"width":50,"fieldUid":"b615217c-6a31-4d72-bc36-48a81c88be5d"},{"type":"craft\\fieldlayoutelements\\CustomField","label":null,"instructions":null,"tip":null,"warning":null,"required":false,"width":50,"fieldUid":"f88bfc01-1476-4bd4-9a6a-b65fff783658"},{"type":"craft\\fieldlayoutelements\\CustomField","label":null,"instructions":null,"tip":null,"warning":null,"required":false,"width":50,"fieldUid":"0157ca30-ec6c-42c5-8869-589c4bf6965f"},{"type":"craft\\fieldlayoutelements\\HorizontalRule"},{"type":"craft\\fieldlayoutelements\\CustomField","label":null,"instructions":null,"tip":null,"warning":null,"required":false,"width":50,"fieldUid":"92b7aba3-37db-44f6-bfb9-b7b63fb33ce9"}]', 1, '2021-01-25 15:39:18', '2021-01-25 15:39:18', '4ee9abdb-cd24-4717-b4b7-9e5ae4bbfb5c');
INSERT INTO public.fieldlayouttabs (id, "layoutId", name, elements, "sortOrder", "dateCreated", "dateUpdated", uid) VALUES (66, 15, 'Kontakt', '[{"type":"craft\\fieldlayoutelements\\CustomField","label":null,"instructions":null,"tip":null,"warning":null,"required":false,"width":50,"fieldUid":"e402c4ce-9e9f-4644-8430-d6229f2d5737"},{"type":"craft\\fieldlayoutelements\\CustomField","label":null,"instructions":null,"tip":null,"warning":null,"required":false,"width":50,"fieldUid":"39780143-51f5-4ce9-b1cf-0a9df42c8055"},{"type":"craft\\fieldlayoutelements\\HorizontalRule"},{"type":"craft\\fieldlayoutelements\\CustomField","label":null,"instructions":null,"tip":null,"warning":null,"required":false,"width":25,"fieldUid":"9289a943-5ab0-45f8-9b78-876519730902"},{"type":"craft\\fieldlayoutelements\\CustomField","label":null,"instructions":null,"tip":null,"warning":null,"required":false,"width":25,"fieldUid":"41e6657f-1bf4-42fb-bd66-4aea4f6d895b"},{"type":"craft\\fieldlayoutelements\\CustomField","label":null,"instructions":null,"tip":null,"warning":null,"required":false,"width":25,"fieldUid":"e61e3323-bb6b-466f-9f03-1a5c39d1605b"},{"type":"craft\\fieldlayoutelements\\CustomField","label":null,"instructions":null,"tip":null,"warning":null,"required":false,"width":25,"fieldUid":"f226fb33-c938-4e3d-9c88-8d5678ddb8ea"}]', 2, '2021-01-25 15:39:18', '2021-01-25 15:39:18', 'eecd4acb-4283-4a51-bcbd-74f65ff34528');
INSERT INTO public.fieldlayouttabs (id, "layoutId", name, elements, "sortOrder", "dateCreated", "dateUpdated", uid) VALUES (68, 9, 'Inhalt', '[{"type":"craft\\fieldlayoutelements\\EntryTitleField","autocomplete":false,"class":null,"size":null,"name":null,"autocorrect":true,"autocapitalize":true,"disabled":false,"readonly":false,"title":null,"placeholder":null,"step":null,"min":null,"max":null,"requirable":false,"id":null,"containerAttributes":[],"inputContainerAttributes":[],"labelAttributes":[],"orientation":null,"label":null,"instructions":null,"tip":null,"warning":null,"width":100},{"type":"craft\\fieldlayoutelements\\CustomField","label":null,"instructions":null,"tip":null,"warning":null,"required":false,"width":50,"fieldUid":"a1edddb7-5eaf-4b3a-ac4f-5b58c6494d65"},{"type":"craft\\fieldlayoutelements\\CustomField","label":null,"instructions":null,"tip":null,"warning":null,"required":false,"width":50,"fieldUid":"24403202-e90c-4bf2-9f60-d8b2146f107b"},{"type":"craft\\fieldlayoutelements\\CustomField","label":null,"instructions":null,"tip":null,"warning":null,"required":false,"width":100,"fieldUid":"38135310-b63d-4169-8f04-6fbbe0404998"},{"type":"craft\\fieldlayoutelements\\CustomField","label":"Inhalt","instructions":"","tip":null,"warning":null,"required":"1","width":100,"fieldUid":"18d73ec4-3757-40a2-a96a-cdedf667d895"},{"type":"craft\\fieldlayoutelements\\HorizontalRule"},{"type":"craft\\fieldlayoutelements\\CustomField","label":null,"instructions":null,"tip":null,"warning":null,"required":false,"width":50,"fieldUid":"9ef612f5-8b16-401c-bd20-058431414095"},{"type":"craft\\fieldlayoutelements\\CustomField","label":null,"instructions":null,"tip":null,"warning":null,"required":false,"width":50,"fieldUid":"10d914df-e824-4c0b-97c8-84c984dd0258"}]', 1, '2021-01-25 16:28:15', '2021-01-25 16:28:15', '028ca1f7-900c-40b8-8f51-11d6217ff50d');
INSERT INTO public.fieldlayouttabs (id, "layoutId", name, elements, "sortOrder", "dateCreated", "dateUpdated", uid) VALUES (69, 9, 'Suchmaschinen', '[{"type":"craft\\fieldlayoutelements\\CustomField","label":null,"instructions":null,"tip":null,"warning":null,"required":false,"width":100,"fieldUid":"ee9512d9-701e-4e12-842e-02a6030b0da9"},{"type":"craft\\fieldlayoutelements\\CustomField","label":null,"instructions":null,"tip":null,"warning":null,"required":false,"width":100,"fieldUid":"e95bbf80-2274-41dc-b724-b2a404d796de"}]', 2, '2021-01-25 16:28:15', '2021-01-25 16:28:15', '2146b2e0-51f1-4fa1-92f3-bbb7a4193c27');
INSERT INTO public.fieldlayouttabs (id, "layoutId", name, elements, "sortOrder", "dateCreated", "dateUpdated", uid) VALUES (70, 9, 'Medien', '[{"type":"craft\\fieldlayoutelements\\CustomField","label":null,"instructions":null,"tip":null,"warning":null,"required":false,"width":100,"fieldUid":"739c8fb6-1cae-4dcb-94a0-59d0cbe8f662"},{"type":"craft\\fieldlayoutelements\\CustomField","label":null,"instructions":null,"tip":null,"warning":null,"required":false,"width":100,"fieldUid":"9e502000-1aa2-4c0c-aff6-210966db7501"},{"type":"craft\\fieldlayoutelements\\CustomField","label":null,"instructions":null,"tip":null,"warning":null,"required":false,"width":100,"fieldUid":"d18731cd-c210-4397-bae3-3d498d1b6d8a"}]', 3, '2021-01-25 16:28:15', '2021-01-25 16:28:15', '1ebc8c6e-d6b1-43e5-889f-6164501edaa8');
INSERT INTO public.fieldlayouttabs (id, "layoutId", name, elements, "sortOrder", "dateCreated", "dateUpdated", uid) VALUES (71, 9, 'FAQ', '[{"type":"craft\\fieldlayoutelements\\CustomField","label":null,"instructions":null,"tip":null,"warning":null,"required":false,"width":100,"fieldUid":"d93f6cc8-3554-4692-88db-230dc7d9bf0b"}]', 4, '2021-01-25 16:28:15', '2021-01-25 16:28:15', '66cb7e6d-a8c7-4ad6-8ee0-85addbd88812');
INSERT INTO public.fieldlayouttabs (id, "layoutId", name, elements, "sortOrder", "dateCreated", "dateUpdated", uid) VALUES (131, 22, 'Inhalt', '[{"type":"craft\\fieldlayoutelements\\TitleField","autocomplete":false,"class":null,"size":null,"name":null,"autocorrect":true,"autocapitalize":true,"disabled":false,"readonly":false,"title":null,"placeholder":null,"step":null,"min":null,"max":null,"requirable":false,"id":null,"containerAttributes":[],"inputContainerAttributes":[],"labelAttributes":[],"orientation":null,"label":null,"instructions":null,"tip":null,"warning":null,"width":100}]', 1, '2021-01-27 15:40:44', '2021-01-27 15:40:44', 'f29863ac-6069-4ba0-9d3f-c1e5ba64d340');
INSERT INTO public.fieldlayouttabs (id, "layoutId", name, elements, "sortOrder", "dateCreated", "dateUpdated", uid) VALUES (75, 16, 'Inhalt', '[{"type":"craft\\fieldlayoutelements\\EntryTitleField","autocomplete":false,"class":null,"size":null,"name":null,"autocorrect":true,"autocapitalize":true,"disabled":false,"readonly":false,"title":null,"placeholder":null,"step":null,"min":null,"max":null,"requirable":false,"id":null,"containerAttributes":[],"inputContainerAttributes":[],"labelAttributes":[],"orientation":null,"label":null,"instructions":null,"tip":null,"warning":null,"width":100},{"type":"craft\\fieldlayoutelements\\CustomField","label":null,"instructions":null,"tip":null,"warning":null,"required":false,"width":50,"fieldUid":"a1edddb7-5eaf-4b3a-ac4f-5b58c6494d65"},{"type":"craft\\fieldlayoutelements\\CustomField","label":null,"instructions":null,"tip":null,"warning":null,"required":false,"width":50,"fieldUid":"24403202-e90c-4bf2-9f60-d8b2146f107b"},{"type":"craft\\fieldlayoutelements\\CustomField","label":null,"instructions":null,"tip":null,"warning":null,"required":false,"width":100,"fieldUid":"38135310-b63d-4169-8f04-6fbbe0404998"},{"type":"craft\\fieldlayoutelements\\CustomField","label":null,"instructions":null,"tip":null,"warning":null,"required":false,"width":100,"fieldUid":"18d73ec4-3757-40a2-a96a-cdedf667d895"},{"type":"craft\\fieldlayoutelements\\HorizontalRule"},{"type":"craft\\fieldlayoutelements\\CustomField","label":null,"instructions":null,"tip":null,"warning":null,"required":false,"width":50,"fieldUid":"9ef612f5-8b16-401c-bd20-058431414095"},{"type":"craft\\fieldlayoutelements\\CustomField","label":null,"instructions":null,"tip":null,"warning":null,"required":false,"width":50,"fieldUid":"10d914df-e824-4c0b-97c8-84c984dd0258"}]', 1, '2021-01-25 16:34:09', '2021-01-25 16:34:09', '8e6c6a34-350a-48a0-a610-0b4620625f73');
INSERT INTO public.fieldlayouttabs (id, "layoutId", name, elements, "sortOrder", "dateCreated", "dateUpdated", uid) VALUES (76, 16, 'Suchmaschine', '[{"type":"craft\\fieldlayoutelements\\CustomField","label":null,"instructions":null,"tip":null,"warning":null,"required":false,"width":100,"fieldUid":"ee9512d9-701e-4e12-842e-02a6030b0da9"},{"type":"craft\\fieldlayoutelements\\CustomField","label":null,"instructions":null,"tip":null,"warning":null,"required":false,"width":100,"fieldUid":"e95bbf80-2274-41dc-b724-b2a404d796de"}]', 2, '2021-01-25 16:34:09', '2021-01-25 16:34:09', '5d36379e-a2d2-43c9-a43d-6e553a02da0d');
INSERT INTO public.fieldlayouttabs (id, "layoutId", name, elements, "sortOrder", "dateCreated", "dateUpdated", uid) VALUES (77, 16, 'Medien', '[{"type":"craft\\fieldlayoutelements\\CustomField","label":null,"instructions":null,"tip":null,"warning":null,"required":false,"width":100,"fieldUid":"739c8fb6-1cae-4dcb-94a0-59d0cbe8f662"},{"type":"craft\\fieldlayoutelements\\CustomField","label":null,"instructions":null,"tip":null,"warning":null,"required":false,"width":100,"fieldUid":"9e502000-1aa2-4c0c-aff6-210966db7501"},{"type":"craft\\fieldlayoutelements\\CustomField","label":null,"instructions":null,"tip":null,"warning":null,"required":false,"width":100,"fieldUid":"d18731cd-c210-4397-bae3-3d498d1b6d8a"}]', 3, '2021-01-25 16:34:09', '2021-01-25 16:34:09', 'da6b4114-ad16-4f1f-b306-b7d065f5ffdc');
INSERT INTO public.fieldlayouttabs (id, "layoutId", name, elements, "sortOrder", "dateCreated", "dateUpdated", uid) VALUES (132, 21, 'Inhalt', '[{"type":"craft\\fieldlayoutelements\\EntryTitleField","autocomplete":false,"class":null,"size":null,"name":null,"autocorrect":true,"autocapitalize":true,"disabled":false,"readonly":false,"title":null,"placeholder":null,"step":null,"min":null,"max":null,"requirable":false,"id":null,"containerAttributes":[],"inputContainerAttributes":[],"labelAttributes":[],"orientation":null,"label":"Name","instructions":"","tip":null,"warning":null,"width":100},{"type":"craft\\fieldlayoutelements\\CustomField","label":null,"instructions":null,"tip":null,"warning":null,"required":false,"width":50,"fieldUid":"24403202-e90c-4bf2-9f60-d8b2146f107b"},{"type":"craft\\fieldlayoutelements\\CustomField","label":null,"instructions":null,"tip":null,"warning":null,"required":false,"width":50,"fieldUid":"dee5203e-54fb-4649-9f7f-11336a0b6da7"},{"type":"craft\\fieldlayoutelements\\CustomField","label":null,"instructions":null,"tip":null,"warning":null,"required":false,"width":100,"fieldUid":"fa67a40b-6951-46d9-bda9-4369aa5dc327"},{"type":"craft\\fieldlayoutelements\\CustomField","label":null,"instructions":null,"tip":null,"warning":null,"required":false,"width":100,"fieldUid":"c85c285d-0701-44db-b2a7-306dd269680c"},{"type":"craft\\fieldlayoutelements\\CustomField","label":null,"instructions":null,"tip":null,"warning":null,"required":false,"width":100,"fieldUid":"8de8794b-837b-4213-85e6-3496dfb21d96"}]', 1, '2021-01-27 15:42:01', '2021-01-27 15:42:01', 'c172a0c9-efd6-4dea-b048-b38491a7bdbb');


--
-- Data for Name: fields; Type: TABLE DATA; Schema: public; Owner: -
--

INSERT INTO public.fields (id, "groupId", name, handle, context, instructions, searchable, "translationMethod", "translationKeyFormat", type, settings, "dateCreated", "dateUpdated", uid) VALUES (6, 7, 'Titelbild', 'thumbimage', 'global', '', false, 'site', NULL, 'craft\fields\Assets', '{"allowSelfRelations":false,"allowUploads":true,"allowedKinds":null,"defaultUploadLocationSource":"volume:24c25c8a-80ea-4d24-ad72-d168a19e07cd","defaultUploadLocationSubpath":"","limit":"1","localizeRelations":false,"previewMode":"full","restrictFiles":"","selectionLabel":"","showSiteMenu":true,"showUnpermittedFiles":false,"showUnpermittedVolumes":false,"singleUploadLocationSource":"volume:24c25c8a-80ea-4d24-ad72-d168a19e07cd","singleUploadLocationSubpath":"","source":null,"sources":"*","targetSiteId":null,"useSingleFolder":false,"validateRelatedElements":false,"viewMode":"list"}', '2020-11-25 10:32:43', '2021-01-25 15:07:06', '24403202-e90c-4bf2-9f60-d8b2146f107b');
INSERT INTO public.fields (id, "groupId", name, handle, context, instructions, searchable, "translationMethod", "translationKeyFormat", type, settings, "dateCreated", "dateUpdated", uid) VALUES (14, 2, 'Kategorien', 'categories', 'global', '', true, 'site', NULL, 'craft\fields\Categories', '{"allowLimit":false,"allowMultipleSources":false,"allowSelfRelations":false,"branchLimit":"","limit":null,"localizeRelations":false,"selectionLabel":"","showSiteMenu":false,"source":"group:61b9cdf6-219a-4096-b35b-538d624e1ba9","sources":"*","targetSiteId":null,"validateRelatedElements":false,"viewMode":null}', '2021-01-22 15:28:29', '2021-01-22 15:49:20', '9ef612f5-8b16-401c-bd20-058431414095');
INSERT INTO public.fields (id, "groupId", name, handle, context, instructions, searchable, "translationMethod", "translationKeyFormat", type, settings, "dateCreated", "dateUpdated", uid) VALUES (10, 4, 'Downloads', 'downloads', 'global', '', false, 'site', NULL, 'craft\fields\Assets', '{"allowSelfRelations":false,"allowUploads":true,"allowedKinds":null,"defaultUploadLocationSource":"volume:24c25c8a-80ea-4d24-ad72-d168a19e07cd","defaultUploadLocationSubpath":"","limit":"","localizeRelations":false,"previewMode":"full","restrictFiles":"","selectionLabel":"","showSiteMenu":false,"showUnpermittedFiles":false,"showUnpermittedVolumes":false,"singleUploadLocationSource":"volume:24c25c8a-80ea-4d24-ad72-d168a19e07cd","singleUploadLocationSubpath":"","source":null,"sources":"*","targetSiteId":null,"useSingleFolder":false,"validateRelatedElements":false,"viewMode":"list"}', '2021-01-22 15:16:45', '2021-01-22 15:16:45', '9e502000-1aa2-4c0c-aff6-210966db7501');
INSERT INTO public.fields (id, "groupId", name, handle, context, instructions, searchable, "translationMethod", "translationKeyFormat", type, settings, "dateCreated", "dateUpdated", uid) VALUES (13, 4, 'Fragen & Antworten', 'faq', 'global', '', false, 'site', NULL, 'craft\fields\Table', '{"addRowLabel":"Zeile hinzufgen","columnType":"text","columns":{"col1":{"heading":"Frage","handle":"question","width":"","type":"singleline"},"col2":{"heading":"Antwort","handle":"answer","width":"","type":"singleline"}},"maxRows":"","minRows":""}', '2021-01-22 15:23:51', '2021-01-22 15:23:51', 'd93f6cc8-3554-4692-88db-230dc7d9bf0b');
INSERT INTO public.fields (id, "groupId", name, handle, context, instructions, searchable, "translationMethod", "translationKeyFormat", type, settings, "dateCreated", "dateUpdated", uid) VALUES (11, 4, 'Videoeinbettung', 'videohtml', 'global', '', false, 'site', NULL, 'craft\fields\PlainText', '{"byteLimit":null,"charLimit":null,"code":"","columnType":null,"initialRows":"4","multiline":"1","placeholder":"","uiMode":"enlarged"}', '2021-01-22 15:21:12', '2021-01-22 15:27:26', 'd18731cd-c210-4397-bae3-3d498d1b6d8a');
INSERT INTO public.fields (id, "groupId", name, handle, context, instructions, searchable, "translationMethod", "translationKeyFormat", type, settings, "dateCreated", "dateUpdated", uid) VALUES (9, 2, 'Tags', 'tags', 'global', '', true, 'site', NULL, 'craft\fields\Categories', '{"allowLimit":false,"allowMultipleSources":false,"allowSelfRelations":false,"branchLimit":"","limit":null,"localizeRelations":false,"selectionLabel":"","showSiteMenu":false,"source":"group:68aee50b-ea3a-4325-aed3-211fef3f4db3","sources":"*","targetSiteId":null,"validateRelatedElements":false,"viewMode":null}', '2021-01-22 14:32:48', '2021-01-25 14:38:17', '10d914df-e824-4c0b-97c8-84c984dd0258');
INSERT INTO public.fields (id, "groupId", name, handle, context, instructions, searchable, "translationMethod", "translationKeyFormat", type, settings, "dateCreated", "dateUpdated", uid) VALUES (12, 4, 'Gallerie', 'images', 'global', '', false, 'site', NULL, 'craft\fields\Assets', '{"allowSelfRelations":false,"allowUploads":true,"allowedKinds":null,"defaultUploadLocationSource":"volume:24c25c8a-80ea-4d24-ad72-d168a19e07cd","defaultUploadLocationSubpath":"","limit":"","localizeRelations":false,"previewMode":"full","restrictFiles":"","selectionLabel":"","showSiteMenu":false,"showUnpermittedFiles":false,"showUnpermittedVolumes":false,"singleUploadLocationSource":"volume:24c25c8a-80ea-4d24-ad72-d168a19e07cd","singleUploadLocationSubpath":"","source":null,"sources":"*","targetSiteId":null,"useSingleFolder":false,"validateRelatedElements":false,"viewMode":"list"}', '2021-01-22 15:22:13', '2021-01-22 16:24:20', '739c8fb6-1cae-4dcb-94a0-59d0cbe8f662');
INSERT INTO public.fields (id, "groupId", name, handle, context, instructions, searchable, "translationMethod", "translationKeyFormat", type, settings, "dateCreated", "dateUpdated", uid) VALUES (5, 4, 'Inhalt', 'body', 'global', '', false, 'site', NULL, 'craft\redactor\Field', '{"availableTransforms":"*","availableVolumes":"*","cleanupHtml":true,"columnType":"text","configSelectionMode":"choose","defaultTransform":"","manualConfig":"","purifierConfig":"","purifyHtml":"1","redactorConfig":"","removeEmptyTags":"1","removeInlineStyles":"1","removeNbsp":"1","showHtmlButtonForNonAdmins":"1","showUnpermittedFiles":false,"showUnpermittedVolumes":false,"uiMode":"enlarged"}', '2020-11-25 10:32:43', '2021-01-22 16:27:12', '18d73ec4-3757-40a2-a96a-cdedf667d895');
INSERT INTO public.fields (id, "groupId", name, handle, context, instructions, searchable, "translationMethod", "translationKeyFormat", type, settings, "dateCreated", "dateUpdated", uid) VALUES (4, 7, 'Author', 'author', 'global', '', false, 'site', NULL, 'craft\fields\Entries', '{"allowSelfRelations":false,"limit":"1","localizeRelations":false,"selectionLabel":"","showSiteMenu":true,"source":null,"sources":["section:8ead6ec2-98a7-4ee4-9d59-c4ac9e294118"],"targetSiteId":null,"validateRelatedElements":false,"viewMode":null}', '2020-11-25 10:32:43', '2021-01-25 15:07:59', 'a1edddb7-5eaf-4b3a-ac4f-5b58c6494d65');
INSERT INTO public.fields (id, "groupId", name, handle, context, instructions, searchable, "translationMethod", "translationKeyFormat", type, settings, "dateCreated", "dateUpdated", uid) VALUES (8, 7, 'Teasertext', 'excerpt', 'global', 'Text erscheint in der bersichtsseite', false, 'none', NULL, 'craft\fields\PlainText', '{"byteLimit":null,"charLimit":400,"code":"","columnType":null,"initialRows":"4","multiline":"1","placeholder":"","uiMode":"normal"}', '2020-11-25 14:16:57', '2021-01-25 15:16:56', '38135310-b63d-4169-8f04-6fbbe0404998');
INSERT INTO public.fields (id, "groupId", name, handle, context, instructions, searchable, "translationMethod", "translationKeyFormat", type, settings, "dateCreated", "dateUpdated", uid) VALUES (15, 5, 'Meta Titel', 'meta_titel', 'global', 'Dieser Titel wird in den Suchmaschinen angezeigt. Empfehlenswert ist einen Mehrwert kommunizieren fr einen Call-to-Action aktion.', false, 'site', NULL, 'craft\fields\PlainText', '{"byteLimit":null,"charLimit":70,"code":"","columnType":null,"initialRows":"4","multiline":"","placeholder":"","uiMode":"normal"}', '2021-01-22 16:15:54', '2021-01-22 16:21:08', 'ee9512d9-701e-4e12-842e-02a6030b0da9');
INSERT INTO public.fields (id, "groupId", name, handle, context, instructions, searchable, "translationMethod", "translationKeyFormat", type, settings, "dateCreated", "dateUpdated", uid) VALUES (16, 5, 'Meta Description', 'meta_description', 'global', 'Kurze Zusammenfassung des Inhalts, die in den Suchergebnissen von Suchmaschinen angezeigt wird. Die Beschreibung soll Besucher/innen zu verstehen zu geben, was sich hinter dem Ergebnis verbirgt.', false, 'site', NULL, 'craft\fields\PlainText', '{"byteLimit":null,"charLimit":160,"code":"","columnType":null,"initialRows":"4","multiline":"1","placeholder":"","uiMode":"normal"}', '2021-01-22 16:17:17', '2021-01-22 16:23:35', 'e95bbf80-2274-41dc-b724-b2a404d796de');
INSERT INTO public.fields (id, "groupId", name, handle, context, instructions, searchable, "translationMethod", "translationKeyFormat", type, settings, "dateCreated", "dateUpdated", uid) VALUES (17, 6, 'Datei', 'file', 'global', '', false, 'site', NULL, 'craft\fields\Assets', '{"allowSelfRelations":false,"allowUploads":true,"allowedKinds":null,"defaultUploadLocationSource":"volume:24c25c8a-80ea-4d24-ad72-d168a19e07cd","defaultUploadLocationSubpath":"","limit":"","localizeRelations":false,"previewMode":"full","restrictFiles":"","selectionLabel":"","showSiteMenu":false,"showUnpermittedFiles":false,"showUnpermittedVolumes":false,"singleUploadLocationSource":"volume:24c25c8a-80ea-4d24-ad72-d168a19e07cd","singleUploadLocationSubpath":"","source":null,"sources":"*","targetSiteId":null,"useSingleFolder":false,"validateRelatedElements":false,"viewMode":"list"}', '2021-01-25 14:59:26', '2021-01-25 14:59:26', '51fb8b04-05e1-4476-a9f5-008860e78c6b');
INSERT INTO public.fields (id, "groupId", name, handle, context, instructions, searchable, "translationMethod", "translationKeyFormat", type, settings, "dateCreated", "dateUpdated", uid) VALUES (27, 9, 'Linkedin', 'linkedin', 'global', '', false, 'none', NULL, 'craft\fields\PlainText', '{"byteLimit":null,"charLimit":null,"code":"","columnType":null,"initialRows":"4","multiline":"","placeholder":"https://www.linkedin.com/company/google/","uiMode":"normal"}', '2021-01-25 15:29:19', '2021-01-25 15:46:45', '41e6657f-1bf4-42fb-bd66-4aea4f6d895b');
INSERT INTO public.fields (id, "groupId", name, handle, context, instructions, searchable, "translationMethod", "translationKeyFormat", type, settings, "dateCreated", "dateUpdated", uid) VALUES (28, 8, 'Titel', 'person_title', 'global', '', false, 'none', NULL, 'craft\fields\PlainText', '{"byteLimit":null,"charLimit":null,"code":"","columnType":null,"initialRows":"4","multiline":"","placeholder":"","uiMode":"normal"}', '2021-01-25 15:38:31', '2021-01-25 15:38:31', '6b846f7f-9152-4526-813f-a931a421c454');
INSERT INTO public.fields (id, "groupId", name, handle, context, instructions, searchable, "translationMethod", "translationKeyFormat", type, settings, "dateCreated", "dateUpdated", uid) VALUES (18, 8, 'Vorname', 'person_firstname', 'global', '', false, 'none', NULL, 'craft\fields\PlainText', '{"byteLimit":null,"charLimit":null,"code":"","columnType":null,"initialRows":"4","multiline":"","placeholder":"","uiMode":"normal"}', '2021-01-25 15:21:34', '2021-01-27 14:41:17', 'f88bfc01-1476-4bd4-9a6a-b65fff783658');
INSERT INTO public.fields (id, "groupId", name, handle, context, instructions, searchable, "translationMethod", "translationKeyFormat", type, settings, "dateCreated", "dateUpdated", uid) VALUES (22, 9, 'E-Mail', 'email', 'global', '', false, 'none', NULL, 'craft\fields\PlainText', '{"byteLimit":null,"charLimit":null,"code":"","columnType":null,"initialRows":"4","multiline":"","placeholder":"john@doe.de","uiMode":"normal"}', '2021-01-25 15:27:31', '2021-01-25 15:41:32', 'e402c4ce-9e9f-4644-8430-d6229f2d5737');
INSERT INTO public.fields (id, "groupId", name, handle, context, instructions, searchable, "translationMethod", "translationKeyFormat", type, settings, "dateCreated", "dateUpdated", uid) VALUES (23, 9, 'Telefon', 'phone', 'global', '', false, 'none', NULL, 'craft\fields\PlainText', '{"byteLimit":null,"charLimit":null,"code":"","columnType":null,"initialRows":"4","multiline":"","placeholder":"+49 69 756081-0","uiMode":"normal"}', '2021-01-25 15:28:23', '2021-01-25 15:41:48', '39780143-51f5-4ce9-b1cf-0a9df42c8055');
INSERT INTO public.fields (id, "groupId", name, handle, context, instructions, searchable, "translationMethod", "translationKeyFormat", type, settings, "dateCreated", "dateUpdated", uid) VALUES (25, 9, 'Twitter', 'twitter', 'global', '', false, 'none', NULL, 'craft\fields\PlainText', '{"byteLimit":null,"charLimit":null,"code":"","columnType":null,"initialRows":"4","multiline":"","placeholder":"https://twitter.com/bremen_de","uiMode":"normal"}', '2021-01-25 15:28:47', '2021-01-25 15:43:33', 'e61e3323-bb6b-466f-9f03-1a5c39d1605b');
INSERT INTO public.fields (id, "groupId", name, handle, context, instructions, searchable, "translationMethod", "translationKeyFormat", type, settings, "dateCreated", "dateUpdated", uid) VALUES (26, 9, 'Xing', 'xing', 'global', '', false, 'none', NULL, 'craft\fields\PlainText', '{"byteLimit":null,"charLimit":null,"code":"","columnType":null,"initialRows":"4","multiline":"","placeholder":"https://www.xing.com/profile/Ugur_Sahin53","uiMode":"normal"}', '2021-01-25 15:28:57', '2021-01-25 15:44:33', 'f226fb33-c938-4e3d-9c88-8d5678ddb8ea');
INSERT INTO public.fields (id, "groupId", name, handle, context, instructions, searchable, "translationMethod", "translationKeyFormat", type, settings, "dateCreated", "dateUpdated", uid) VALUES (24, 9, 'Facebook', 'facebook', 'global', '', false, 'none', NULL, 'craft\fields\PlainText', '{"byteLimit":null,"charLimit":null,"code":"","columnType":null,"initialRows":"4","multiline":"","placeholder":"https://www.facebook.com/IndustryArena","uiMode":"normal"}', '2021-01-25 15:28:38', '2021-01-25 15:44:54', '9289a943-5ab0-45f8-9b78-876519730902');
INSERT INTO public.fields (id, "groupId", name, handle, context, instructions, searchable, "translationMethod", "translationKeyFormat", type, settings, "dateCreated", "dateUpdated", uid) VALUES (31, 11, 'Personen', 'persons', 'global', '', false, 'site', NULL, 'craft\fields\Entries', '{"allowSelfRelations":false,"limit":"","localizeRelations":false,"selectionLabel":"","showSiteMenu":false,"source":null,"sources":["section:0daaa545-d1a0-4655-a507-2bac8b560f1d"],"targetSiteId":null,"validateRelatedElements":false,"viewMode":null}', '2021-01-25 16:52:56', '2021-01-25 16:52:56', 'dd5974d9-ec7e-426b-aba0-2a01563861f4');
INSERT INTO public.fields (id, "groupId", name, handle, context, instructions, searchable, "translationMethod", "translationKeyFormat", type, settings, "dateCreated", "dateUpdated", uid) VALUES (32, 12, 'Halle', 'hall', 'global', '', false, 'none', NULL, 'craft\fields\Number', '{"decimals":0,"defaultValue":null,"max":"99","min":"0","prefix":"","previewCurrency":"","previewFormat":"decimal","size":null,"suffix":""}', '2021-01-25 16:54:29', '2021-01-25 16:54:29', '8b581eed-f474-4169-a920-318f01f5e16c');
INSERT INTO public.fields (id, "groupId", name, handle, context, instructions, searchable, "translationMethod", "translationKeyFormat", type, settings, "dateCreated", "dateUpdated", uid) VALUES (33, 12, 'Stand', 'booth', 'global', '', false, 'none', NULL, 'craft\fields\PlainText', '{"byteLimit":null,"charLimit":null,"code":"","columnType":null,"initialRows":"4","multiline":"","placeholder":"B13","uiMode":"normal"}', '2021-01-25 16:55:20', '2021-01-25 16:55:20', 'b819a17b-d2a6-48e3-81e8-e8496f4073c2');
INSERT INTO public.fields (id, "groupId", name, handle, context, instructions, searchable, "translationMethod", "translationKeyFormat", type, settings, "dateCreated", "dateUpdated", uid) VALUES (30, 11, 'Datum', 'event_date', 'global', '', false, 'none', NULL, 'craft\fields\Date', '{"max":null,"min":null,"minuteIncrement":"60","showDate":true,"showTime":true}', '2021-01-25 16:52:21', '2021-01-25 17:02:30', '0fe7b7e2-1d66-4533-b80c-3e1b63fce160');
INSERT INTO public.fields (id, "groupId", name, handle, context, instructions, searchable, "translationMethod", "translationKeyFormat", type, settings, "dateCreated", "dateUpdated", uid) VALUES (29, 10, 'Datum', 'article_date', 'global', '', false, 'none', NULL, 'craft\fields\Date', '{"max":null,"min":null,"minuteIncrement":"60","showDate":true,"showTime":true}', '2021-01-25 16:51:36', '2021-01-25 17:03:43', 'b29474fd-4aaa-4f11-9f8f-eae1269ca9e0');
INSERT INTO public.fields (id, "groupId", name, handle, context, instructions, searchable, "translationMethod", "translationKeyFormat", type, settings, "dateCreated", "dateUpdated", uid) VALUES (34, 13, 'Firmenname', 'address_name', 'global', '', false, 'none', NULL, 'craft\fields\PlainText', '{"byteLimit":null,"charLimit":null,"code":"","columnType":null,"initialRows":"4","multiline":"","placeholder":"","uiMode":"normal"}', '2021-01-27 13:17:32', '2021-01-27 13:17:32', '8cd7cefb-10df-4b63-a65f-2cadca1c4c1b');
INSERT INTO public.fields (id, "groupId", name, handle, context, instructions, searchable, "translationMethod", "translationKeyFormat", type, settings, "dateCreated", "dateUpdated", uid) VALUES (20, 8, 'Anrede', 'person_salutation', 'global', '', false, 'none', NULL, 'craft\fields\RadioButtons', '{"options":[{"label":"Herr","value":"mr","default":"1"},{"label":"Frau","value":"mrs","default":""}]}', '2021-01-25 15:23:07', '2021-01-27 14:41:07', 'b615217c-6a31-4d72-bc36-48a81c88be5d');
INSERT INTO public.fields (id, "groupId", name, handle, context, instructions, searchable, "translationMethod", "translationKeyFormat", type, settings, "dateCreated", "dateUpdated", uid) VALUES (35, 13, 'Strae', 'address_street', 'global', '', false, 'none', NULL, 'craft\fields\PlainText', '{"byteLimit":null,"charLimit":null,"code":"","columnType":null,"initialRows":"4","multiline":"","placeholder":"","uiMode":"normal"}', '2021-01-27 13:17:56', '2021-01-27 13:17:56', '4f5e11cf-b1e9-4f8e-a288-c8882b5b374d');
INSERT INTO public.fields (id, "groupId", name, handle, context, instructions, searchable, "translationMethod", "translationKeyFormat", type, settings, "dateCreated", "dateUpdated", uid) VALUES (36, 13, 'PLZ', 'address_postalcode', 'global', '', false, 'none', NULL, 'craft\fields\PlainText', '{"byteLimit":null,"charLimit":null,"code":"","columnType":null,"initialRows":"4","multiline":"","placeholder":"","uiMode":"normal"}', '2021-01-27 13:18:07', '2021-01-27 13:18:07', '1f8b3b3f-ed42-4b28-b49e-cef4c51a0e33');
INSERT INTO public.fields (id, "groupId", name, handle, context, instructions, searchable, "translationMethod", "translationKeyFormat", type, settings, "dateCreated", "dateUpdated", uid) VALUES (37, 13, 'Stadt', 'address_city', 'global', '', false, 'none', NULL, 'craft\fields\PlainText', '{"byteLimit":null,"charLimit":null,"code":"","columnType":null,"initialRows":"4","multiline":"","placeholder":"","uiMode":"normal"}', '2021-01-27 13:18:25', '2021-01-27 13:18:25', '8d3d3523-0a94-44fa-be0d-11ecb92bdc20');
INSERT INTO public.fields (id, "groupId", name, handle, context, instructions, searchable, "translationMethod", "translationKeyFormat", type, settings, "dateCreated", "dateUpdated", uid) VALUES (48, 14, 'VDW_AUFTRAG', 'vdw_auftrag', 'global', '', false, 'none', NULL, 'craft\fields\PlainText', '{"byteLimit":null,"charLimit":null,"code":"","columnType":null,"initialRows":"4","multiline":"","placeholder":"","uiMode":"normal"}', '2021-01-27 15:01:24', '2021-01-27 15:01:24', 'a6d20208-15f2-493d-8a54-0adae2193700');
INSERT INTO public.fields (id, "groupId", name, handle, context, instructions, searchable, "translationMethod", "translationKeyFormat", type, settings, "dateCreated", "dateUpdated", uid) VALUES (38, 13, 'Land', 'address_country', 'global', 'Kurzwahl nutzen, siehe https://de.wikipedia.org/wiki/ISO-3166-1-Kodierliste (Bsp. AT = sterreich, Vereinigte Staaten = US)', false, 'none', NULL, 'craft\fields\PlainText', '{"byteLimit":null,"charLimit":2,"code":"","columnType":null,"initialRows":"4","multiline":"","placeholder":"","uiMode":"normal"}', '2021-01-27 13:22:22', '2021-01-27 13:34:59', '5db55344-b925-4e15-b099-994baba0a7a4');
INSERT INTO public.fields (id, "groupId", name, handle, context, instructions, searchable, "translationMethod", "translationKeyFormat", type, settings, "dateCreated", "dateUpdated", uid) VALUES (39, 9, 'Webseite', 'website', 'global', '', false, 'none', NULL, 'craft\fields\PlainText', '{"byteLimit":null,"charLimit":null,"code":"","columnType":null,"initialRows":"4","multiline":"","placeholder":"https://example.org","uiMode":"normal"}', '2021-01-27 14:35:56', '2021-01-27 14:35:56', 'c85c285d-0701-44db-b2a7-306dd269680c');
INSERT INTO public.fields (id, "groupId", name, handle, context, instructions, searchable, "translationMethod", "translationKeyFormat", type, settings, "dateCreated", "dateUpdated", uid) VALUES (40, 9, 'Fax', 'fax', 'global', '', false, 'none', NULL, 'craft\fields\PlainText', '{"byteLimit":null,"charLimit":null,"code":"","columnType":null,"initialRows":"4","multiline":"","placeholder":"+49 69 756081-0","uiMode":"normal"}', '2021-01-27 14:36:45', '2021-01-27 14:36:45', '52b46a5b-3bc7-4eb4-a2c5-4372222a1c9f');
INSERT INTO public.fields (id, "groupId", name, handle, context, instructions, searchable, "translationMethod", "translationKeyFormat", type, settings, "dateCreated", "dateUpdated", uid) VALUES (19, 8, 'Nachname', 'person_lastname', 'global', '', false, 'none', NULL, 'craft\fields\PlainText', '{"byteLimit":null,"charLimit":null,"code":"","columnType":null,"initialRows":"4","multiline":"","placeholder":"","uiMode":"normal"}', '2021-01-25 15:21:53', '2021-01-27 14:41:10', '0157ca30-ec6c-42c5-8869-589c4bf6965f');
INSERT INTO public.fields (id, "groupId", name, handle, context, instructions, searchable, "translationMethod", "translationKeyFormat", type, settings, "dateCreated", "dateUpdated", uid) VALUES (21, 8, 'Position', 'person_position', 'global', '', false, 'none', NULL, 'craft\fields\Dropdown', '{"optgroups":true,"options":[{"label":"Selbstndiger Unternehmer, Mitinhaber","value":"selbstaendigerUnternehmerMitinhaber","default":""},{"label":"freiberuflich Ttiger","value":"freiberuflichTaetiger","default":""},{"label":"Geschftsfhrer, Vorstandsmitglied","value":"geschaeftsfuehrerVorstandsmitglied","default":""},{"label":"Behrdenleiter","value":"behoerdenleiter","default":""},{"label":"Bereichsleiter, Betrieb-, Werks-, Filialleiter","value":"bereichsleiterBetriebWerksFilialleiter","default":""},{"label":"Amtsleiter","value":"amtsleiter","default":""},{"label":"Abteilungsleiter, Gruppenleiter/Teamleiter","value":"abteilungsleiterGruppenleiterTeamleiter","default":""},{"label":"Andere Angestellte/Beamte, Facharbeiter","value":"andereAngestellteBeamteFacharbeiter","default":""},{"label":"Dozent, Lehrer","value":"dozentLehrer","default":""},{"label":"Auszubildender","value":"auszubildender","default":""},{"label":"Andere berufliche Stellung","value":"andereBeruflicheStellung","default":""},{"label":"Schler","value":"schueler","default":""},{"label":"Student","value":"student","default":""},{"label":"Nicht berufsttig","value":"nichtBerufstaetig","default":""}]}', '2021-01-25 15:26:41', '2021-01-27 14:41:14', '92b7aba3-37db-44f6-bfb9-b7b63fb33ce9');
INSERT INTO public.fields (id, "groupId", name, handle, context, instructions, searchable, "translationMethod", "translationKeyFormat", type, settings, "dateCreated", "dateUpdated", uid) VALUES (41, 8, 'E-Mail', 'person_email', 'global', '', false, 'none', NULL, 'craft\fields\PlainText', '{"byteLimit":null,"charLimit":null,"code":"","columnType":null,"initialRows":"4","multiline":"","placeholder":"","uiMode":"normal"}', '2021-01-27 14:42:30', '2021-01-27 14:42:30', '531d4f4f-7561-416d-a5f2-116a484ad6ff');
INSERT INTO public.fields (id, "groupId", name, handle, context, instructions, searchable, "translationMethod", "translationKeyFormat", type, settings, "dateCreated", "dateUpdated", uid) VALUES (42, 9, 'Instagram', 'instagram', 'global', '', false, 'none', NULL, 'craft\fields\PlainText', '{"byteLimit":null,"charLimit":null,"code":"","columnType":null,"initialRows":"4","multiline":"","placeholder":"https://www.instagram.com/rogueinvitational/","uiMode":"normal"}', '2021-01-27 14:50:59', '2021-01-27 14:50:59', 'de7b667a-9d74-454c-bfd4-78f261a771a2');
INSERT INTO public.fields (id, "groupId", name, handle, context, instructions, searchable, "translationMethod", "translationKeyFormat", type, settings, "dateCreated", "dateUpdated", uid) VALUES (43, 9, 'Youtube', 'youtube', 'global', '', false, 'none', NULL, 'craft\fields\PlainText', '{"byteLimit":null,"charLimit":null,"code":"","columnType":null,"initialRows":"4","multiline":"","placeholder":"https://www.youtube.com/user/Siemens","uiMode":"normal"}', '2021-01-27 14:51:25', '2021-01-27 14:51:25', 'dced25a8-d4dc-49a1-a4d9-4d7edea2959c');
INSERT INTO public.fields (id, "groupId", name, handle, context, instructions, searchable, "translationMethod", "translationKeyFormat", type, settings, "dateCreated", "dateUpdated", uid) VALUES (44, 9, 'IndustryArena', 'industryarena', 'global', '', false, 'none', NULL, 'craft\fields\PlainText', '{"byteLimit":null,"charLimit":null,"code":"","columnType":null,"initialRows":"4","multiline":"","placeholder":"https://industryarena.com/umati","uiMode":"normal"}', '2021-01-27 14:52:10', '2021-01-27 14:52:10', '2b41ab49-178c-4ff2-b65d-fbbe2e33c562');
INSERT INTO public.fields (id, "groupId", name, handle, context, instructions, searchable, "translationMethod", "translationKeyFormat", type, settings, "dateCreated", "dateUpdated", uid) VALUES (45, 14, 'Logo', 'logo', 'global', '', false, 'site', NULL, 'craft\fields\Assets', '{"allowSelfRelations":false,"allowUploads":true,"allowedKinds":null,"defaultUploadLocationSource":"volume:24c25c8a-80ea-4d24-ad72-d168a19e07cd","defaultUploadLocationSubpath":"","limit":"1","localizeRelations":false,"previewMode":"full","restrictFiles":"","selectionLabel":"","showSiteMenu":false,"showUnpermittedFiles":false,"showUnpermittedVolumes":false,"singleUploadLocationSource":"volume:24c25c8a-80ea-4d24-ad72-d168a19e07cd","singleUploadLocationSubpath":"","source":null,"sources":"*","targetSiteId":null,"useSingleFolder":false,"validateRelatedElements":false,"viewMode":"list"}', '2021-01-27 14:57:36', '2021-01-27 14:57:36', '3a7873dc-80ec-4fc1-8702-0cd23d307ad0');
INSERT INTO public.fields (id, "groupId", name, handle, context, instructions, searchable, "translationMethod", "translationKeyFormat", type, settings, "dateCreated", "dateUpdated", uid) VALUES (46, 14, 'Bhnenbild', 'bbi', 'global', '', false, 'site', NULL, 'craft\fields\Assets', '{"allowSelfRelations":false,"allowUploads":true,"allowedKinds":null,"defaultUploadLocationSource":"volume:24c25c8a-80ea-4d24-ad72-d168a19e07cd","defaultUploadLocationSubpath":"","limit":"1","localizeRelations":false,"previewMode":"full","restrictFiles":"","selectionLabel":"","showSiteMenu":false,"showUnpermittedFiles":false,"showUnpermittedVolumes":false,"singleUploadLocationSource":"volume:24c25c8a-80ea-4d24-ad72-d168a19e07cd","singleUploadLocationSubpath":"","source":null,"sources":"*","targetSiteId":null,"useSingleFolder":false,"validateRelatedElements":false,"viewMode":"list"}', '2021-01-27 14:58:01', '2021-01-27 14:58:01', '5791152b-3883-4751-9803-a1efd9730f3d');
INSERT INTO public.fields (id, "groupId", name, handle, context, instructions, searchable, "translationMethod", "translationKeyFormat", type, settings, "dateCreated", "dateUpdated", uid) VALUES (47, 14, 'VDW_ID', 'vdw_id', 'global', '', false, 'none', NULL, 'craft\fields\PlainText', '{"byteLimit":null,"charLimit":null,"code":"","columnType":null,"initialRows":"4","multiline":"","placeholder":"","uiMode":"normal"}', '2021-01-27 15:01:04', '2021-01-27 15:01:04', 'd619fc81-496a-4a1b-8f02-4a71c453f5d2');
INSERT INTO public.fields (id, "groupId", name, handle, context, instructions, searchable, "translationMethod", "translationKeyFormat", type, settings, "dateCreated", "dateUpdated", uid) VALUES (49, 14, 'Veranstaltungsjahr', 'event_year', 'global', '', false, 'none', NULL, 'craft\fields\Number', '{"decimals":0,"defaultValue":"2019","max":"2060","min":"2018","prefix":"","previewCurrency":"","previewFormat":"decimal","size":null,"suffix":""}', '2021-01-27 15:02:51', '2021-01-27 15:02:51', '68317155-d437-4b8a-a640-382a9092e553');
INSERT INTO public.fields (id, "groupId", name, handle, context, instructions, searchable, "translationMethod", "translationKeyFormat", type, settings, "dateCreated", "dateUpdated", uid) VALUES (50, 14, 'SEKTOR ID', 'sektor_id', 'global', '', false, 'none', NULL, 'craft\fields\PlainText', '{"byteLimit":null,"charLimit":null,"code":"","columnType":null,"initialRows":"4","multiline":"","placeholder":"","uiMode":"normal"}', '2021-01-27 15:04:44', '2021-01-27 15:04:44', '1d9b5925-be5a-4c98-b2a8-eb7addbc635c');
INSERT INTO public.fields (id, "groupId", name, handle, context, instructions, searchable, "translationMethod", "translationKeyFormat", type, settings, "dateCreated", "dateUpdated", uid) VALUES (51, 4, 'Inhalt', 'body_raw', 'global', '', false, 'site', NULL, 'craft\fields\PlainText', '{"byteLimit":null,"charLimit":null,"code":"","columnType":null,"initialRows":"12","multiline":"1","placeholder":"","uiMode":"normal"}', '2021-01-27 15:25:35', '2021-01-27 15:25:35', 'fa67a40b-6951-46d9-bda9-4369aa5dc327');
INSERT INTO public.fields (id, "groupId", name, handle, context, instructions, searchable, "translationMethod", "translationKeyFormat", type, settings, "dateCreated", "dateUpdated", uid) VALUES (52, 15, 'Bilder', 'product_images', 'global', '', false, 'site', NULL, 'craft\fields\Assets', '{"allowSelfRelations":false,"allowUploads":true,"allowedKinds":null,"defaultUploadLocationSource":"volume:24c25c8a-80ea-4d24-ad72-d168a19e07cd","defaultUploadLocationSubpath":"","limit":"","localizeRelations":false,"previewMode":"full","restrictFiles":"","selectionLabel":"","showSiteMenu":false,"showUnpermittedFiles":false,"showUnpermittedVolumes":false,"singleUploadLocationSource":"volume:24c25c8a-80ea-4d24-ad72-d168a19e07cd","singleUploadLocationSubpath":"","source":null,"sources":"*","targetSiteId":null,"useSingleFolder":false,"validateRelatedElements":false,"viewMode":"list"}', '2021-01-27 15:30:37', '2021-01-27 15:30:37', 'dee5203e-54fb-4649-9f7f-11336a0b6da7');
INSERT INTO public.fields (id, "groupId", name, handle, context, instructions, searchable, "translationMethod", "translationKeyFormat", type, settings, "dateCreated", "dateUpdated", uid) VALUES (53, 2, 'Produktkategorie', 'produkt_category', 'global', '', false, 'site', NULL, 'craft\fields\Categories', '{"allowLimit":false,"allowMultipleSources":false,"allowSelfRelations":false,"branchLimit":"1","limit":null,"localizeRelations":false,"selectionLabel":"","showSiteMenu":false,"source":"group:c01c0c86-571a-4af8-a30b-622e93d627d3","sources":"*","targetSiteId":null,"validateRelatedElements":false,"viewMode":null}', '2021-01-27 15:41:46', '2021-01-27 15:41:46', '8de8794b-837b-4213-85e6-3496dfb21d96');


--
-- Data for Name: globalsets; Type: TABLE DATA; Schema: public; Owner: -
--



--
-- Data for Name: gqlschemas; Type: TABLE DATA; Schema: public; Owner: -
--

INSERT INTO public.gqlschemas (id, name, scope, "isPublic", "dateCreated", "dateUpdated", uid) VALUES (1, 'DMAG', '["sections.08161406-afd7-44e4-b188-ebaadac868c6:read","entrytypes.108570f4-3617-457d-a46e-c406066c04a4:read","sections.37b0574b-1b49-4f90-9362-9d503abf7eac:read","entrytypes.d05ed799-bbf3-4ead-8a61-965073026ee3:read","sections.8ead6ec2-98a7-4ee4-9d59-c4ac9e294118:read","entrytypes.c3e9dcdd-0256-499c-bf09-b1665dea607f:read","volumes.24c25c8a-80ea-4d24-ad72-d168a19e07cd:read","volumes.6d6fb726-ec98-4924-a4c4-0d5e30359a91:read"]', false, '2020-11-25 10:32:43', '2020-11-30 17:50:54', '3250dc31-0c3c-44aa-80ce-af78d5ac2ad5');
INSERT INTO public.gqlschemas (id, name, scope, "isPublic", "dateCreated", "dateUpdated", uid) VALUES (3, 'Authenticated', '["sections.08161406-afd7-44e4-b188-ebaadac868c6:read","entrytypes.108570f4-3617-457d-a46e-c406066c04a4:read","sections.37b0574b-1b49-4f90-9362-9d503abf7eac:read","entrytypes.d05ed799-bbf3-4ead-8a61-965073026ee3:read","sections.8ead6ec2-98a7-4ee4-9d59-c4ac9e294118:read","entrytypes.c3e9dcdd-0256-499c-bf09-b1665dea607f:read","volumes.24c25c8a-80ea-4d24-ad72-d168a19e07cd:read","volumes.6d6fb726-ec98-4924-a4c4-0d5e30359a91:read","usergroups.everyone:read","usergroups.0144de20-93d5-432d-ba93-f08f4a599148:read","usergroups.b3ebc429-1aaf-4077-9b55-732d13785f99:read","taggroups.ea2dcd3b-7935-4765-9020-baa37294e9ab:read"]', false, '2020-11-30 14:47:26', '2020-12-14 15:12:05', '8fef4b60-b73e-42af-aa08-dc5646a0b808');
INSERT INTO public.gqlschemas (id, name, scope, "isPublic", "dateCreated", "dateUpdated", uid) VALUES (2, 'Public Schema', '["sections.9b5bd243-bb29-4fea-81a4-e597852129b7:read","entrytypes.e7599b97-ad13-4eea-bd62-3fdd165886ce:read","sections.1b0aae41-58ef-4c4b-8749-6e8a8c98221d:read","entrytypes.5f92a88d-eede-41f6-8695-815d1211d2fe:read","sections.f65cbcf7-3ede-40b8-b09e-b3a8e1a4674c:read","entrytypes.4926019f-9936-4a51-a84f-38d927e89c25:read","sections.ea25caf0-a9ce-415f-91f4-7c047d9b1933:read","entrytypes.0d410440-cbd2-47b2-8a7f-21e7b8afe43e:read","sections.0daaa545-d1a0-4655-a507-2bac8b560f1d:read","entrytypes.f2313657-ca71-492d-9931-0f1a1c49cdce:read","sections.2a038e37-6c48-4746-8b6d-b27fabf7972f:read","entrytypes.e93d03f4-73b1-4675-b5f7-1aff6d7f7a63:read","sections.06745480-8d8c-4976-934e-dc80b2ab5632:read","entrytypes.75c0a1e7-4014-4664-ac9e-01d4114becdc:read","volumes.24c25c8a-80ea-4d24-ad72-d168a19e07cd:read","volumes.6d6fb726-ec98-4924-a4c4-0d5e30359a91:read","volumes.6ccb6428-fc6d-4868-a8e1-17eefa4bfbb7:read","categorygroups.61b9cdf6-219a-4096-b35b-538d624e1ba9:read","categorygroups.68aee50b-ea3a-4325-aed3-211fef3f4db3:read","categorygroups.c01c0c86-571a-4af8-a30b-622e93d627d3:read"]', true, '2020-11-25 10:32:43', '2021-01-27 16:15:31', 'e5041870-fbde-43c9-97ce-9950766b32e5');
INSERT INTO public.gqlschemas (id, name, scope, "isPublic", "dateCreated", "dateUpdated", uid) VALUES (5, 'IndustryArena', '["sections.1b0aae41-58ef-4c4b-8749-6e8a8c98221d:read","entrytypes.5f92a88d-eede-41f6-8695-815d1211d2fe:read","sections.2a038e37-6c48-4746-8b6d-b27fabf7972f:read","entrytypes.e93d03f4-73b1-4675-b5f7-1aff6d7f7a63:read","volumes.24c25c8a-80ea-4d24-ad72-d168a19e07cd:read","volumes.6d6fb726-ec98-4924-a4c4-0d5e30359a91:read","volumes.6ccb6428-fc6d-4868-a8e1-17eefa4bfbb7:read","sections.1b0aae41-58ef-4c4b-8749-6e8a8c98221d:edit","entrytypes.5f92a88d-eede-41f6-8695-815d1211d2fe:edit","entrytypes.5f92a88d-eede-41f6-8695-815d1211d2fe:create","entrytypes.5f92a88d-eede-41f6-8695-815d1211d2fe:save","entrytypes.5f92a88d-eede-41f6-8695-815d1211d2fe:delete","sections.2a038e37-6c48-4746-8b6d-b27fabf7972f:edit","entrytypes.e93d03f4-73b1-4675-b5f7-1aff6d7f7a63:edit","entrytypes.e93d03f4-73b1-4675-b5f7-1aff6d7f7a63:create","entrytypes.e93d03f4-73b1-4675-b5f7-1aff6d7f7a63:save","entrytypes.e93d03f4-73b1-4675-b5f7-1aff6d7f7a63:delete"]', false, '2021-01-29 15:40:42', '2021-01-29 15:40:42', '5b81e3ee-a4a7-4060-86fc-deb4965e0741');


--
-- Data for Name: gqltokens; Type: TABLE DATA; Schema: public; Owner: -
--

INSERT INTO public.gqltokens (id, name, "accessToken", enabled, "expiryDate", "lastUsed", "schemaId", "dateCreated", "dateUpdated", uid) VALUES (1, 'Public Token', '__PUBLIC__', true, NULL, NULL, 2, '2020-11-25 10:32:43', '2020-11-25 10:32:43', '6634f07a-4f47-4e35-ad8b-2aaf1689502e');
INSERT INTO public.gqltokens (id, name, "accessToken", enabled, "expiryDate", "lastUsed", "schemaId", "dateCreated", "dateUpdated", uid) VALUES (75, 'IA_DEV', 'ph8s9Al8-6vK_dD8psoNpCh0DJjO0sTt', true, NULL, '2021-01-29 15:50:33', 5, '2021-01-29 15:41:28', '2021-01-29 15:50:33', '2adf15d7-8b7d-420a-834e-ab0dbe17f41d');


--
-- Data for Name: info; Type: TABLE DATA; Schema: public; Owner: -
--

INSERT INTO public.info (id, version, "schemaVersion", maintenance, "configVersion", "fieldVersion", "dateCreated", "dateUpdated", uid) VALUES (1, '3.6.1', '3.6.1', false, 'icikexakoftq', 'neokxedtqihi', '2020-11-25 10:32:42', '2021-01-29 15:40:42', '7bba6cb4-ff69-41e4-a748-b6bebfd19d54');


--
-- Data for Name: matrixblocks; Type: TABLE DATA; Schema: public; Owner: -
--



--
-- Data for Name: matrixblocktypes; Type: TABLE DATA; Schema: public; Owner: -
--



--
-- Data for Name: migrations; Type: TABLE DATA; Schema: public; Owner: -
--

INSERT INTO public.migrations (id, track, name, "applyTime", "dateCreated", "dateUpdated", uid) VALUES (1, 'plugin:redactor', 'm180430_204710_remove_old_plugins', '2020-11-25 10:32:43', '2020-11-25 10:32:43', '2020-11-25 10:32:43', 'b6dff910-9df8-412a-977d-28b8d8c8ef0b');
INSERT INTO public.migrations (id, track, name, "applyTime", "dateCreated", "dateUpdated", uid) VALUES (2, 'plugin:redactor', 'Install', '2020-11-25 10:32:43', '2020-11-25 10:32:43', '2020-11-25 10:32:43', '4842787f-87b7-447c-ac54-d4d8fcce93d1');
INSERT INTO public.migrations (id, track, name, "applyTime", "dateCreated", "dateUpdated", uid) VALUES (3, 'plugin:redactor', 'm190225_003922_split_cleanup_html_settings', '2020-11-25 10:32:43', '2020-11-25 10:32:43', '2020-11-25 10:32:43', 'eeca3fee-427d-4a96-8a95-88d11703f739');
INSERT INTO public.migrations (id, track, name, "applyTime", "dateCreated", "dateUpdated", uid) VALUES (4, 'craft', 'Install', '2020-11-25 10:32:45', '2020-11-25 10:32:45', '2020-11-25 10:32:45', '532f2bd9-7285-4c58-9fc7-7dd31849e473');
INSERT INTO public.migrations (id, track, name, "applyTime", "dateCreated", "dateUpdated", uid) VALUES (5, 'craft', 'm150403_183908_migrations_table_changes', '2020-11-25 10:32:45', '2020-11-25 10:32:45', '2020-11-25 10:32:45', '43684475-dc8a-4d3c-b04b-2f187bdee93b');
INSERT INTO public.migrations (id, track, name, "applyTime", "dateCreated", "dateUpdated", uid) VALUES (6, 'craft', 'm150403_184247_plugins_table_changes', '2020-11-25 10:32:45', '2020-11-25 10:32:45', '2020-11-25 10:32:45', '28fc3ed2-edb9-480c-bc1a-628f19bcc977');
INSERT INTO public.migrations (id, track, name, "applyTime", "dateCreated", "dateUpdated", uid) VALUES (7, 'craft', 'm150403_184533_field_version', '2020-11-25 10:32:45', '2020-11-25 10:32:45', '2020-11-25 10:32:45', '6d7b68e8-a85c-47ec-80ae-1e18cf53f3cc');
INSERT INTO public.migrations (id, track, name, "applyTime", "dateCreated", "dateUpdated", uid) VALUES (8, 'craft', 'm150403_184729_type_columns', '2020-11-25 10:32:45', '2020-11-25 10:32:45', '2020-11-25 10:32:45', 'ed481cf8-b068-4aca-aa4c-3f810b6d4b1d');
INSERT INTO public.migrations (id, track, name, "applyTime", "dateCreated", "dateUpdated", uid) VALUES (9, 'craft', 'm150403_185142_volumes', '2020-11-25 10:32:45', '2020-11-25 10:32:45', '2020-11-25 10:32:45', 'ce2e0b23-3289-4bbb-a982-6c345c725d83');
INSERT INTO public.migrations (id, track, name, "applyTime", "dateCreated", "dateUpdated", uid) VALUES (10, 'craft', 'm150428_231346_userpreferences', '2020-11-25 10:32:45', '2020-11-25 10:32:45', '2020-11-25 10:32:45', '69c69332-4e3a-4039-ac09-dfb670cdc780');
INSERT INTO public.migrations (id, track, name, "applyTime", "dateCreated", "dateUpdated", uid) VALUES (11, 'craft', 'm150519_150900_fieldversion_conversion', '2020-11-25 10:32:45', '2020-11-25 10:32:45', '2020-11-25 10:32:45', '7d3b14ba-f653-4b4d-8951-7b17693d61b5');
INSERT INTO public.migrations (id, track, name, "applyTime", "dateCreated", "dateUpdated", uid) VALUES (12, 'craft', 'm150617_213829_update_email_settings', '2020-11-25 10:32:45', '2020-11-25 10:32:45', '2020-11-25 10:32:45', 'a2990ba6-1e44-4d0c-930b-5c11c9d814db');
INSERT INTO public.migrations (id, track, name, "applyTime", "dateCreated", "dateUpdated", uid) VALUES (13, 'craft', 'm150721_124739_templatecachequeries', '2020-11-25 10:32:45', '2020-11-25 10:32:45', '2020-11-25 10:32:45', 'c46da47b-4865-46d3-a0e7-478a0053f511');
INSERT INTO public.migrations (id, track, name, "applyTime", "dateCreated", "dateUpdated", uid) VALUES (14, 'craft', 'm150724_140822_adjust_quality_settings', '2020-11-25 10:32:45', '2020-11-25 10:32:45', '2020-11-25 10:32:45', 'a4118bc7-e1f2-48cf-af0b-f3679dd9540b');
INSERT INTO public.migrations (id, track, name, "applyTime", "dateCreated", "dateUpdated", uid) VALUES (15, 'craft', 'm150815_133521_last_login_attempt_ip', '2020-11-25 10:32:45', '2020-11-25 10:32:45', '2020-11-25 10:32:45', '8a68a5bb-db91-4efc-a3b2-ee2dc4a0284d');
INSERT INTO public.migrations (id, track, name, "applyTime", "dateCreated", "dateUpdated", uid) VALUES (16, 'craft', 'm151002_095935_volume_cache_settings', '2020-11-25 10:32:45', '2020-11-25 10:32:45', '2020-11-25 10:32:45', 'feab7132-6374-485e-b3b2-30696666215c');
INSERT INTO public.migrations (id, track, name, "applyTime", "dateCreated", "dateUpdated", uid) VALUES (17, 'craft', 'm151005_142750_volume_s3_storage_settings', '2020-11-25 10:32:45', '2020-11-25 10:32:45', '2020-11-25 10:32:45', 'dfd40b53-c10f-4bc6-8949-2c77dd48c072');
INSERT INTO public.migrations (id, track, name, "applyTime", "dateCreated", "dateUpdated", uid) VALUES (18, 'craft', 'm151016_133600_delete_asset_thumbnails', '2020-11-25 10:32:45', '2020-11-25 10:32:45', '2020-11-25 10:32:45', 'bcd1ad7e-9f16-4cf4-afbf-d51ce4b36813');
INSERT INTO public.migrations (id, track, name, "applyTime", "dateCreated", "dateUpdated", uid) VALUES (19, 'craft', 'm151209_000000_move_logo', '2020-11-25 10:32:45', '2020-11-25 10:32:45', '2020-11-25 10:32:45', '36911d4d-6d79-4284-a18c-4f570342c5a7');
INSERT INTO public.migrations (id, track, name, "applyTime", "dateCreated", "dateUpdated", uid) VALUES (20, 'craft', 'm151211_000000_rename_fileId_to_assetId', '2020-11-25 10:32:45', '2020-11-25 10:32:45', '2020-11-25 10:32:45', '5f8bf593-a263-4b5d-8cd8-bbba33681d93');
INSERT INTO public.migrations (id, track, name, "applyTime", "dateCreated", "dateUpdated", uid) VALUES (21, 'craft', 'm151215_000000_rename_asset_permissions', '2020-11-25 10:32:45', '2020-11-25 10:32:45', '2020-11-25 10:32:45', '2f575548-d7aa-4b0c-9189-884337566b27');
INSERT INTO public.migrations (id, track, name, "applyTime", "dateCreated", "dateUpdated", uid) VALUES (22, 'craft', 'm160707_000001_rename_richtext_assetsource_setting', '2020-11-25 10:32:45', '2020-11-25 10:32:45', '2020-11-25 10:32:45', 'c775d55b-8861-4e26-a4b9-a86b518c3c3e');
INSERT INTO public.migrations (id, track, name, "applyTime", "dateCreated", "dateUpdated", uid) VALUES (23, 'craft', 'm160708_185142_volume_hasUrls_setting', '2020-11-25 10:32:45', '2020-11-25 10:32:45', '2020-11-25 10:32:45', '505795d8-63d3-47ae-ac95-b50faed3f283');
INSERT INTO public.migrations (id, track, name, "applyTime", "dateCreated", "dateUpdated", uid) VALUES (24, 'craft', 'm160714_000000_increase_max_asset_filesize', '2020-11-25 10:32:45', '2020-11-25 10:32:45', '2020-11-25 10:32:45', '3abdf961-77e9-4e2f-aa55-de0a2eebcd30');
INSERT INTO public.migrations (id, track, name, "applyTime", "dateCreated", "dateUpdated", uid) VALUES (25, 'craft', 'm160727_194637_column_cleanup', '2020-11-25 10:32:45', '2020-11-25 10:32:45', '2020-11-25 10:32:45', '5b76049e-fa3e-45b8-8283-f4c7e95dad97');
INSERT INTO public.migrations (id, track, name, "applyTime", "dateCreated", "dateUpdated", uid) VALUES (26, 'craft', 'm160804_110002_userphotos_to_assets', '2020-11-25 10:32:45', '2020-11-25 10:32:45', '2020-11-25 10:32:45', '3187f0e2-e768-4524-8f9a-024121743490');
INSERT INTO public.migrations (id, track, name, "applyTime", "dateCreated", "dateUpdated", uid) VALUES (27, 'craft', 'm160807_144858_sites', '2020-11-25 10:32:45', '2020-11-25 10:32:45', '2020-11-25 10:32:45', '85dab4c0-8de3-401c-96b4-4a3526c436b7');
INSERT INTO public.migrations (id, track, name, "applyTime", "dateCreated", "dateUpdated", uid) VALUES (28, 'craft', 'm160829_000000_pending_user_content_cleanup', '2020-11-25 10:32:45', '2020-11-25 10:32:45', '2020-11-25 10:32:45', 'efa9e56e-5676-4dea-bdaa-6258d6d5c4ee');
INSERT INTO public.migrations (id, track, name, "applyTime", "dateCreated", "dateUpdated", uid) VALUES (29, 'craft', 'm160830_000000_asset_index_uri_increase', '2020-11-25 10:32:45', '2020-11-25 10:32:45', '2020-11-25 10:32:45', '58526ab8-befe-42ad-ad32-a168f97f911f');
INSERT INTO public.migrations (id, track, name, "applyTime", "dateCreated", "dateUpdated", uid) VALUES (30, 'craft', 'm160912_230520_require_entry_type_id', '2020-11-25 10:32:45', '2020-11-25 10:32:45', '2020-11-25 10:32:45', '345f4ab6-4e23-4637-bea1-c671e13242a7');
INSERT INTO public.migrations (id, track, name, "applyTime", "dateCreated", "dateUpdated", uid) VALUES (31, 'craft', 'm160913_134730_require_matrix_block_type_id', '2020-11-25 10:32:45', '2020-11-25 10:32:45', '2020-11-25 10:32:45', '6d8433fc-ae2d-45b0-9cf1-3d06c7412951');
INSERT INTO public.migrations (id, track, name, "applyTime", "dateCreated", "dateUpdated", uid) VALUES (32, 'craft', 'm160920_174553_matrixblocks_owner_site_id_nullable', '2020-11-25 10:32:45', '2020-11-25 10:32:45', '2020-11-25 10:32:45', '8d132f45-96e8-4e07-9c20-5bb57e78ca5f');
INSERT INTO public.migrations (id, track, name, "applyTime", "dateCreated", "dateUpdated", uid) VALUES (33, 'craft', 'm160920_231045_usergroup_handle_title_unique', '2020-11-25 10:32:45', '2020-11-25 10:32:45', '2020-11-25 10:32:45', '42435516-b1b8-4c36-a122-29ab1f61ed39');
INSERT INTO public.migrations (id, track, name, "applyTime", "dateCreated", "dateUpdated", uid) VALUES (34, 'craft', 'm160925_113941_route_uri_parts', '2020-11-25 10:32:45', '2020-11-25 10:32:45', '2020-11-25 10:32:45', '0de16746-3a6a-4004-8758-9da1eccc935a');
INSERT INTO public.migrations (id, track, name, "applyTime", "dateCreated", "dateUpdated", uid) VALUES (35, 'craft', 'm161006_205918_schemaVersion_not_null', '2020-11-25 10:32:45', '2020-11-25 10:32:45', '2020-11-25 10:32:45', 'af3d8464-58a1-4fd3-b958-9e92640bbc95');
INSERT INTO public.migrations (id, track, name, "applyTime", "dateCreated", "dateUpdated", uid) VALUES (36, 'craft', 'm161007_130653_update_email_settings', '2020-11-25 10:32:45', '2020-11-25 10:32:45', '2020-11-25 10:32:45', '73901c3d-c5b8-4e84-8d08-409d39cea188');
INSERT INTO public.migrations (id, track, name, "applyTime", "dateCreated", "dateUpdated", uid) VALUES (37, 'craft', 'm161013_175052_newParentId', '2020-11-25 10:32:45', '2020-11-25 10:32:45', '2020-11-25 10:32:45', '36ba2a65-ffce-44ea-a2b9-2ffa942ee5bd');
INSERT INTO public.migrations (id, track, name, "applyTime", "dateCreated", "dateUpdated", uid) VALUES (38, 'craft', 'm161021_102916_fix_recent_entries_widgets', '2020-11-25 10:32:45', '2020-11-25 10:32:45', '2020-11-25 10:32:45', '1c9b4329-bac4-44c5-9fd6-0a2eb2149a70');
INSERT INTO public.migrations (id, track, name, "applyTime", "dateCreated", "dateUpdated", uid) VALUES (39, 'craft', 'm161021_182140_rename_get_help_widget', '2020-11-25 10:32:45', '2020-11-25 10:32:45', '2020-11-25 10:32:45', 'e0cbdf90-7f9b-4730-b217-dea80acca1e6');
INSERT INTO public.migrations (id, track, name, "applyTime", "dateCreated", "dateUpdated", uid) VALUES (40, 'craft', 'm161025_000000_fix_char_columns', '2020-11-25 10:32:45', '2020-11-25 10:32:45', '2020-11-25 10:32:45', '50c2fea4-ab20-4372-b1fd-432b409a0cff');
INSERT INTO public.migrations (id, track, name, "applyTime", "dateCreated", "dateUpdated", uid) VALUES (41, 'craft', 'm161029_124145_email_message_languages', '2020-11-25 10:32:45', '2020-11-25 10:32:45', '2020-11-25 10:32:45', '419791f6-4c48-4097-9aa6-4af27bad6fae');
INSERT INTO public.migrations (id, track, name, "applyTime", "dateCreated", "dateUpdated", uid) VALUES (42, 'craft', 'm161108_000000_new_version_format', '2020-11-25 10:32:45', '2020-11-25 10:32:45', '2020-11-25 10:32:45', '3a2a5aa3-c201-4520-b758-27e599b2ab33');
INSERT INTO public.migrations (id, track, name, "applyTime", "dateCreated", "dateUpdated", uid) VALUES (43, 'craft', 'm161109_000000_index_shuffle', '2020-11-25 10:32:45', '2020-11-25 10:32:45', '2020-11-25 10:32:45', '45f22ddd-18e2-4fd2-a2ee-250b700805bb');
INSERT INTO public.migrations (id, track, name, "applyTime", "dateCreated", "dateUpdated", uid) VALUES (44, 'craft', 'm161122_185500_no_craft_app', '2020-11-25 10:32:45', '2020-11-25 10:32:45', '2020-11-25 10:32:45', 'b9b0470b-fe5b-4855-8d5d-2db6ff7aa096');
INSERT INTO public.migrations (id, track, name, "applyTime", "dateCreated", "dateUpdated", uid) VALUES (45, 'craft', 'm161125_150752_clear_urlmanager_cache', '2020-11-25 10:32:45', '2020-11-25 10:32:45', '2020-11-25 10:32:45', 'a97803f4-253d-4a21-a9dc-258fcdcedc77');
INSERT INTO public.migrations (id, track, name, "applyTime", "dateCreated", "dateUpdated", uid) VALUES (46, 'craft', 'm161220_000000_volumes_hasurl_notnull', '2020-11-25 10:32:45', '2020-11-25 10:32:45', '2020-11-25 10:32:45', '948c68f7-dad0-4394-90f4-d2cdeefb20b2');
INSERT INTO public.migrations (id, track, name, "applyTime", "dateCreated", "dateUpdated", uid) VALUES (47, 'craft', 'm170114_161144_udates_permission', '2020-11-25 10:32:45', '2020-11-25 10:32:45', '2020-11-25 10:32:45', '47688682-0c3a-45cc-a913-c483fffb4a1b');
INSERT INTO public.migrations (id, track, name, "applyTime", "dateCreated", "dateUpdated", uid) VALUES (48, 'craft', 'm170120_000000_schema_cleanup', '2020-11-25 10:32:45', '2020-11-25 10:32:45', '2020-11-25 10:32:45', 'a50a900d-d48f-4751-b9e8-4b5003aacf2e');
INSERT INTO public.migrations (id, track, name, "applyTime", "dateCreated", "dateUpdated", uid) VALUES (49, 'craft', 'm170126_000000_assets_focal_point', '2020-11-25 10:32:45', '2020-11-25 10:32:45', '2020-11-25 10:32:45', '3f06a0cf-a099-4131-99b5-db714410ae17');
INSERT INTO public.migrations (id, track, name, "applyTime", "dateCreated", "dateUpdated", uid) VALUES (50, 'craft', 'm170206_142126_system_name', '2020-11-25 10:32:45', '2020-11-25 10:32:45', '2020-11-25 10:32:45', '4550f68f-7c56-4421-ad2f-326cc1009f7e');
INSERT INTO public.migrations (id, track, name, "applyTime", "dateCreated", "dateUpdated", uid) VALUES (51, 'craft', 'm170217_044740_category_branch_limits', '2020-11-25 10:32:45', '2020-11-25 10:32:45', '2020-11-25 10:32:45', '7194a69a-0779-479b-ad90-f1f84d1f566f');
INSERT INTO public.migrations (id, track, name, "applyTime", "dateCreated", "dateUpdated", uid) VALUES (52, 'craft', 'm170217_120224_asset_indexing_columns', '2020-11-25 10:32:45', '2020-11-25 10:32:45', '2020-11-25 10:32:45', '28545f41-7f13-40ec-aa1d-0bf6518c308a');
INSERT INTO public.migrations (id, track, name, "applyTime", "dateCreated", "dateUpdated", uid) VALUES (53, 'craft', 'm170223_224012_plain_text_settings', '2020-11-25 10:32:45', '2020-11-25 10:32:45', '2020-11-25 10:32:45', '828c8ca8-30c3-4179-9315-45342349708a');
INSERT INTO public.migrations (id, track, name, "applyTime", "dateCreated", "dateUpdated", uid) VALUES (54, 'craft', 'm170227_120814_focal_point_percentage', '2020-11-25 10:32:45', '2020-11-25 10:32:45', '2020-11-25 10:32:45', '9356932d-5f94-43bf-b714-513542528392');
INSERT INTO public.migrations (id, track, name, "applyTime", "dateCreated", "dateUpdated", uid) VALUES (55, 'craft', 'm170228_171113_system_messages', '2020-11-25 10:32:45', '2020-11-25 10:32:45', '2020-11-25 10:32:45', 'bc5a7d0c-f694-432c-a723-1ca7c02394fa');
INSERT INTO public.migrations (id, track, name, "applyTime", "dateCreated", "dateUpdated", uid) VALUES (56, 'craft', 'm170303_140500_asset_field_source_settings', '2020-11-25 10:32:45', '2020-11-25 10:32:45', '2020-11-25 10:32:45', '0b2dadd2-ebfc-4b3b-85d8-0b09c9807149');
INSERT INTO public.migrations (id, track, name, "applyTime", "dateCreated", "dateUpdated", uid) VALUES (57, 'craft', 'm170306_150500_asset_temporary_uploads', '2020-11-25 10:32:45', '2020-11-25 10:32:45', '2020-11-25 10:32:45', '9e1ffd8f-b184-4c58-816e-ce6c8d238630');
INSERT INTO public.migrations (id, track, name, "applyTime", "dateCreated", "dateUpdated", uid) VALUES (58, 'craft', 'm170523_190652_element_field_layout_ids', '2020-11-25 10:32:45', '2020-11-25 10:32:45', '2020-11-25 10:32:45', 'ae584d7e-b276-428c-a883-787e283bc09b');
INSERT INTO public.migrations (id, track, name, "applyTime", "dateCreated", "dateUpdated", uid) VALUES (59, 'craft', 'm170621_195237_format_plugin_handles', '2020-11-25 10:32:45', '2020-11-25 10:32:45', '2020-11-25 10:32:45', '2a26d665-247f-4cc5-b51a-3074fc4e0bd3');
INSERT INTO public.migrations (id, track, name, "applyTime", "dateCreated", "dateUpdated", uid) VALUES (60, 'craft', 'm170630_161027_deprecation_line_nullable', '2020-11-25 10:32:45', '2020-11-25 10:32:45', '2020-11-25 10:32:45', '552bc86f-5b2d-4904-9809-fd875c7597b8');
INSERT INTO public.migrations (id, track, name, "applyTime", "dateCreated", "dateUpdated", uid) VALUES (61, 'craft', 'm170630_161028_deprecation_changes', '2020-11-25 10:32:45', '2020-11-25 10:32:45', '2020-11-25 10:32:45', '7fe88180-c401-4c79-a6df-380d54287281');
INSERT INTO public.migrations (id, track, name, "applyTime", "dateCreated", "dateUpdated", uid) VALUES (62, 'craft', 'm170703_181539_plugins_table_tweaks', '2020-11-25 10:32:45', '2020-11-25 10:32:45', '2020-11-25 10:32:45', '64f8204a-9bc8-46a1-8c06-13b347ee84b8');
INSERT INTO public.migrations (id, track, name, "applyTime", "dateCreated", "dateUpdated", uid) VALUES (63, 'craft', 'm170704_134916_sites_tables', '2020-11-25 10:32:45', '2020-11-25 10:32:45', '2020-11-25 10:32:45', 'bb685c9f-7d51-403a-b068-61fd258e4370');
INSERT INTO public.migrations (id, track, name, "applyTime", "dateCreated", "dateUpdated", uid) VALUES (64, 'craft', 'm170706_183216_rename_sequences', '2020-11-25 10:32:45', '2020-11-25 10:32:45', '2020-11-25 10:32:45', 'd1bd1920-e9bc-406f-a8a6-6c25c35ad9eb');
INSERT INTO public.migrations (id, track, name, "applyTime", "dateCreated", "dateUpdated", uid) VALUES (65, 'craft', 'm170707_094758_delete_compiled_traits', '2020-11-25 10:32:45', '2020-11-25 10:32:45', '2020-11-25 10:32:45', 'bfff27e9-645b-4c26-91dd-423a8c4e65e6');
INSERT INTO public.migrations (id, track, name, "applyTime", "dateCreated", "dateUpdated", uid) VALUES (66, 'craft', 'm170731_190138_drop_asset_packagist', '2020-11-25 10:32:45', '2020-11-25 10:32:45', '2020-11-25 10:32:45', '4f5d68b4-c854-44bb-84a0-557172714331');
INSERT INTO public.migrations (id, track, name, "applyTime", "dateCreated", "dateUpdated", uid) VALUES (67, 'craft', 'm170810_201318_create_queue_table', '2020-11-25 10:32:45', '2020-11-25 10:32:45', '2020-11-25 10:32:45', '430e746b-aeb5-441d-9467-316cae8f3070');
INSERT INTO public.migrations (id, track, name, "applyTime", "dateCreated", "dateUpdated", uid) VALUES (68, 'craft', 'm170903_192801_longblob_for_queue_jobs', '2020-11-25 10:32:45', '2020-11-25 10:32:45', '2020-11-25 10:32:45', 'db6fe4c3-a2dc-49ab-9477-92d03ad490f4');
INSERT INTO public.migrations (id, track, name, "applyTime", "dateCreated", "dateUpdated", uid) VALUES (69, 'craft', 'm170914_204621_asset_cache_shuffle', '2020-11-25 10:32:45', '2020-11-25 10:32:45', '2020-11-25 10:32:45', '2f5c66b7-66fc-4a79-8230-7d85e2e3a6ee');
INSERT INTO public.migrations (id, track, name, "applyTime", "dateCreated", "dateUpdated", uid) VALUES (70, 'craft', 'm171011_214115_site_groups', '2020-11-25 10:32:45', '2020-11-25 10:32:45', '2020-11-25 10:32:45', '0a53e7b4-2556-442a-b1cd-e345ee98b9cf');
INSERT INTO public.migrations (id, track, name, "applyTime", "dateCreated", "dateUpdated", uid) VALUES (71, 'craft', 'm171012_151440_primary_site', '2020-11-25 10:32:45', '2020-11-25 10:32:45', '2020-11-25 10:32:45', '8003e397-9689-4305-a219-fc79c452ac5d');
INSERT INTO public.migrations (id, track, name, "applyTime", "dateCreated", "dateUpdated", uid) VALUES (72, 'craft', 'm171013_142500_transform_interlace', '2020-11-25 10:32:45', '2020-11-25 10:32:45', '2020-11-25 10:32:45', '01dc142c-7f64-4eb5-a6a8-c5a0098fa744');
INSERT INTO public.migrations (id, track, name, "applyTime", "dateCreated", "dateUpdated", uid) VALUES (73, 'craft', 'm171016_092553_drop_position_select', '2020-11-25 10:32:45', '2020-11-25 10:32:45', '2020-11-25 10:32:45', '6e15e0f7-c401-4313-bd3d-e7eafbddeba8');
INSERT INTO public.migrations (id, track, name, "applyTime", "dateCreated", "dateUpdated", uid) VALUES (74, 'craft', 'm171016_221244_less_strict_translation_method', '2020-11-25 10:32:45', '2020-11-25 10:32:45', '2020-11-25 10:32:45', '631ee82c-c92f-429c-be2c-c30132dfb640');
INSERT INTO public.migrations (id, track, name, "applyTime", "dateCreated", "dateUpdated", uid) VALUES (75, 'craft', 'm171107_000000_assign_group_permissions', '2020-11-25 10:32:45', '2020-11-25 10:32:45', '2020-11-25 10:32:45', '0a2917f9-ef39-44ea-a185-124fdc7fe635');
INSERT INTO public.migrations (id, track, name, "applyTime", "dateCreated", "dateUpdated", uid) VALUES (76, 'craft', 'm171117_000001_templatecache_index_tune', '2020-11-25 10:32:45', '2020-11-25 10:32:45', '2020-11-25 10:32:45', 'af866ac9-e7cd-43fc-965d-c512fc3a4664');
INSERT INTO public.migrations (id, track, name, "applyTime", "dateCreated", "dateUpdated", uid) VALUES (77, 'craft', 'm171126_105927_disabled_plugins', '2020-11-25 10:32:45', '2020-11-25 10:32:45', '2020-11-25 10:32:45', '9bfee9b5-799d-466a-88ed-5377a41666a0');
INSERT INTO public.migrations (id, track, name, "applyTime", "dateCreated", "dateUpdated", uid) VALUES (78, 'craft', 'm171130_214407_craftidtokens_table', '2020-11-25 10:32:45', '2020-11-25 10:32:45', '2020-11-25 10:32:45', '31c058bb-dddf-4b57-b630-77a41c0b8714');
INSERT INTO public.migrations (id, track, name, "applyTime", "dateCreated", "dateUpdated", uid) VALUES (79, 'craft', 'm171202_004225_update_email_settings', '2020-11-25 10:32:45', '2020-11-25 10:32:45', '2020-11-25 10:32:45', '37b23a62-5fca-4f7e-b25b-5287f5c60499');
INSERT INTO public.migrations (id, track, name, "applyTime", "dateCreated", "dateUpdated", uid) VALUES (80, 'craft', 'm171204_000001_templatecache_index_tune_deux', '2020-11-25 10:32:45', '2020-11-25 10:32:45', '2020-11-25 10:32:45', 'b5120f2a-a0b7-452c-bb0c-7bcc8f6a3dfd');
INSERT INTO public.migrations (id, track, name, "applyTime", "dateCreated", "dateUpdated", uid) VALUES (81, 'craft', 'm171205_130908_remove_craftidtokens_refreshtoken_column', '2020-11-25 10:32:45', '2020-11-25 10:32:45', '2020-11-25 10:32:45', '385e6a1d-7efc-4ede-b2e4-a9cf02691a3d');
INSERT INTO public.migrations (id, track, name, "applyTime", "dateCreated", "dateUpdated", uid) VALUES (82, 'craft', 'm171218_143135_longtext_query_column', '2020-11-25 10:32:45', '2020-11-25 10:32:45', '2020-11-25 10:32:45', 'ac27492f-96bd-43d7-8299-72af81d4cbe9');
INSERT INTO public.migrations (id, track, name, "applyTime", "dateCreated", "dateUpdated", uid) VALUES (83, 'craft', 'm171231_055546_environment_variables_to_aliases', '2020-11-25 10:32:45', '2020-11-25 10:32:45', '2020-11-25 10:32:45', '035cab8d-a984-4fcb-9435-1f380bc2963d');
INSERT INTO public.migrations (id, track, name, "applyTime", "dateCreated", "dateUpdated", uid) VALUES (84, 'craft', 'm180113_153740_drop_users_archived_column', '2020-11-25 10:32:45', '2020-11-25 10:32:45', '2020-11-25 10:32:45', '00d5f4c5-ef01-41ac-86f0-162ae3e851ec');
INSERT INTO public.migrations (id, track, name, "applyTime", "dateCreated", "dateUpdated", uid) VALUES (85, 'craft', 'm180122_213433_propagate_entries_setting', '2020-11-25 10:32:45', '2020-11-25 10:32:45', '2020-11-25 10:32:45', '338d3850-453e-4850-a98e-3af5575af4d9');
INSERT INTO public.migrations (id, track, name, "applyTime", "dateCreated", "dateUpdated", uid) VALUES (86, 'craft', 'm180124_230459_fix_propagate_entries_values', '2020-11-25 10:32:45', '2020-11-25 10:32:45', '2020-11-25 10:32:45', 'a5362730-b358-40f7-b780-e99cd449dd86');
INSERT INTO public.migrations (id, track, name, "applyTime", "dateCreated", "dateUpdated", uid) VALUES (87, 'craft', 'm180128_235202_set_tag_slugs', '2020-11-25 10:32:45', '2020-11-25 10:32:45', '2020-11-25 10:32:45', 'e2e53aed-91cd-41ea-a4dd-8eacd222e40a');
INSERT INTO public.migrations (id, track, name, "applyTime", "dateCreated", "dateUpdated", uid) VALUES (88, 'craft', 'm180202_185551_fix_focal_points', '2020-11-25 10:32:45', '2020-11-25 10:32:45', '2020-11-25 10:32:45', '0babc412-3aa4-4775-92e4-24f1211ebd47');
INSERT INTO public.migrations (id, track, name, "applyTime", "dateCreated", "dateUpdated", uid) VALUES (89, 'craft', 'm180217_172123_tiny_ints', '2020-11-25 10:32:45', '2020-11-25 10:32:45', '2020-11-25 10:32:45', '60c312c6-3481-46c4-97dc-bb1e3e892f3e');
INSERT INTO public.migrations (id, track, name, "applyTime", "dateCreated", "dateUpdated", uid) VALUES (90, 'craft', 'm180321_233505_small_ints', '2020-11-25 10:32:45', '2020-11-25 10:32:45', '2020-11-25 10:32:45', '96cd7b47-b965-4fe1-ab72-9f8d801ffab3');
INSERT INTO public.migrations (id, track, name, "applyTime", "dateCreated", "dateUpdated", uid) VALUES (91, 'craft', 'm180328_115523_new_license_key_statuses', '2020-11-25 10:32:45', '2020-11-25 10:32:45', '2020-11-25 10:32:45', 'cdf61fe5-f159-4a13-8387-c27981841349');
INSERT INTO public.migrations (id, track, name, "applyTime", "dateCreated", "dateUpdated", uid) VALUES (92, 'craft', 'm180404_182320_edition_changes', '2020-11-25 10:32:45', '2020-11-25 10:32:45', '2020-11-25 10:32:45', '8412585a-22d2-4318-b25b-78d55c2b4f4a');
INSERT INTO public.migrations (id, track, name, "applyTime", "dateCreated", "dateUpdated", uid) VALUES (93, 'craft', 'm180411_102218_fix_db_routes', '2020-11-25 10:32:45', '2020-11-25 10:32:45', '2020-11-25 10:32:45', '1ce0bebf-5652-4b36-8d38-6bda95f6c109');
INSERT INTO public.migrations (id, track, name, "applyTime", "dateCreated", "dateUpdated", uid) VALUES (94, 'craft', 'm180416_205628_resourcepaths_table', '2020-11-25 10:32:45', '2020-11-25 10:32:45', '2020-11-25 10:32:45', '2f10422e-14be-495f-afa8-5b8bb4b145a7');
INSERT INTO public.migrations (id, track, name, "applyTime", "dateCreated", "dateUpdated", uid) VALUES (95, 'craft', 'm180418_205713_widget_cleanup', '2020-11-25 10:32:45', '2020-11-25 10:32:45', '2020-11-25 10:32:45', 'd5c3eba6-11d2-4e67-aefd-795c1d150ba2');
INSERT INTO public.migrations (id, track, name, "applyTime", "dateCreated", "dateUpdated", uid) VALUES (96, 'craft', 'm180425_203349_searchable_fields', '2020-11-25 10:32:45', '2020-11-25 10:32:45', '2020-11-25 10:32:45', '39718c0e-e1c6-41ed-94d7-a897f75fc7e6');
INSERT INTO public.migrations (id, track, name, "applyTime", "dateCreated", "dateUpdated", uid) VALUES (97, 'craft', 'm180516_153000_uids_in_field_settings', '2020-11-25 10:32:45', '2020-11-25 10:32:45', '2020-11-25 10:32:45', '026a2ba1-a02e-4e84-8189-5f25b4d1d3b9');
INSERT INTO public.migrations (id, track, name, "applyTime", "dateCreated", "dateUpdated", uid) VALUES (98, 'craft', 'm180517_173000_user_photo_volume_to_uid', '2020-11-25 10:32:45', '2020-11-25 10:32:45', '2020-11-25 10:32:45', '4f90a735-6245-451f-9279-9820d1a1eae8');
INSERT INTO public.migrations (id, track, name, "applyTime", "dateCreated", "dateUpdated", uid) VALUES (99, 'craft', 'm180518_173000_permissions_to_uid', '2020-11-25 10:32:45', '2020-11-25 10:32:45', '2020-11-25 10:32:45', '40eab31e-7965-487b-9ac0-526bcf62f850');
INSERT INTO public.migrations (id, track, name, "applyTime", "dateCreated", "dateUpdated", uid) VALUES (100, 'craft', 'm180520_173000_matrix_context_to_uids', '2020-11-25 10:32:45', '2020-11-25 10:32:45', '2020-11-25 10:32:45', 'ebaf01b9-835f-4469-ad79-b6fc119af2c8');
INSERT INTO public.migrations (id, track, name, "applyTime", "dateCreated", "dateUpdated", uid) VALUES (101, 'craft', 'm180521_172900_project_config_table', '2020-11-25 10:32:45', '2020-11-25 10:32:45', '2020-11-25 10:32:45', 'c9bab022-823a-43a7-8808-c12dc91c5253');
INSERT INTO public.migrations (id, track, name, "applyTime", "dateCreated", "dateUpdated", uid) VALUES (102, 'craft', 'm180521_173000_initial_yml_and_snapshot', '2020-11-25 10:32:45', '2020-11-25 10:32:45', '2020-11-25 10:32:45', 'f2dc08d5-5245-44ce-997d-8c7da631c316');
INSERT INTO public.migrations (id, track, name, "applyTime", "dateCreated", "dateUpdated", uid) VALUES (103, 'craft', 'm180731_162030_soft_delete_sites', '2020-11-25 10:32:45', '2020-11-25 10:32:45', '2020-11-25 10:32:45', '2e4a39c3-ce98-4c8c-989e-82b3a76df32a');
INSERT INTO public.migrations (id, track, name, "applyTime", "dateCreated", "dateUpdated", uid) VALUES (104, 'craft', 'm180810_214427_soft_delete_field_layouts', '2020-11-25 10:32:45', '2020-11-25 10:32:45', '2020-11-25 10:32:45', 'ed234efb-3c89-4761-ae71-9a65312c4805');
INSERT INTO public.migrations (id, track, name, "applyTime", "dateCreated", "dateUpdated", uid) VALUES (105, 'craft', 'm180810_214439_soft_delete_elements', '2020-11-25 10:32:45', '2020-11-25 10:32:45', '2020-11-25 10:32:45', '640a2a98-4edd-4741-b147-26136d68b705');
INSERT INTO public.migrations (id, track, name, "applyTime", "dateCreated", "dateUpdated", uid) VALUES (106, 'craft', 'm180824_193422_case_sensitivity_fixes', '2020-11-25 10:32:45', '2020-11-25 10:32:45', '2020-11-25 10:32:45', '82ede391-6d05-49fc-8e02-8a5b4b922676');
INSERT INTO public.migrations (id, track, name, "applyTime", "dateCreated", "dateUpdated", uid) VALUES (107, 'craft', 'm180901_151639_fix_matrixcontent_tables', '2020-11-25 10:32:45', '2020-11-25 10:32:45', '2020-11-25 10:32:45', '9684442c-e25f-4837-9350-ab3525694b7a');
INSERT INTO public.migrations (id, track, name, "applyTime", "dateCreated", "dateUpdated", uid) VALUES (108, 'craft', 'm180904_112109_permission_changes', '2020-11-25 10:32:45', '2020-11-25 10:32:45', '2020-11-25 10:32:45', '1d09a740-03aa-4ae3-8407-d915098871bb');
INSERT INTO public.migrations (id, track, name, "applyTime", "dateCreated", "dateUpdated", uid) VALUES (109, 'craft', 'm180910_142030_soft_delete_sitegroups', '2020-11-25 10:32:45', '2020-11-25 10:32:45', '2020-11-25 10:32:45', 'afef2ae7-6b37-4d91-a528-0ef694f66fa1');
INSERT INTO public.migrations (id, track, name, "applyTime", "dateCreated", "dateUpdated", uid) VALUES (110, 'craft', 'm181011_160000_soft_delete_asset_support', '2020-11-25 10:32:45', '2020-11-25 10:32:45', '2020-11-25 10:32:45', '3db8f9a8-1b56-4975-a81e-31649d83a762');
INSERT INTO public.migrations (id, track, name, "applyTime", "dateCreated", "dateUpdated", uid) VALUES (111, 'craft', 'm181016_183648_set_default_user_settings', '2020-11-25 10:32:45', '2020-11-25 10:32:45', '2020-11-25 10:32:45', '17d45403-6c44-4a2c-983c-5a91ff83d3e0');
INSERT INTO public.migrations (id, track, name, "applyTime", "dateCreated", "dateUpdated", uid) VALUES (112, 'craft', 'm181017_225222_system_config_settings', '2020-11-25 10:32:45', '2020-11-25 10:32:45', '2020-11-25 10:32:45', '39fbc9f8-1cac-4cf9-903d-502a2d28575f');
INSERT INTO public.migrations (id, track, name, "applyTime", "dateCreated", "dateUpdated", uid) VALUES (113, 'craft', 'm181018_222343_drop_userpermissions_from_config', '2020-11-25 10:32:45', '2020-11-25 10:32:45', '2020-11-25 10:32:45', '2eb80eb3-0cf7-4a14-959c-6d1f3c7399e2');
INSERT INTO public.migrations (id, track, name, "applyTime", "dateCreated", "dateUpdated", uid) VALUES (114, 'craft', 'm181029_130000_add_transforms_routes_to_config', '2020-11-25 10:32:45', '2020-11-25 10:32:45', '2020-11-25 10:32:45', 'b7b121ca-2b2f-4c87-afa1-5d8e352b1a49');
INSERT INTO public.migrations (id, track, name, "applyTime", "dateCreated", "dateUpdated", uid) VALUES (115, 'craft', 'm181112_203955_sequences_table', '2020-11-25 10:32:45', '2020-11-25 10:32:45', '2020-11-25 10:32:45', '22731b26-cd73-4590-821c-7693d9ce0e59');
INSERT INTO public.migrations (id, track, name, "applyTime", "dateCreated", "dateUpdated", uid) VALUES (116, 'craft', 'm181121_001712_cleanup_field_configs', '2020-11-25 10:32:45', '2020-11-25 10:32:45', '2020-11-25 10:32:45', '3b10097b-de87-413a-832c-b0ad4b5faec2');
INSERT INTO public.migrations (id, track, name, "applyTime", "dateCreated", "dateUpdated", uid) VALUES (117, 'craft', 'm181128_193942_fix_project_config', '2020-11-25 10:32:45', '2020-11-25 10:32:45', '2020-11-25 10:32:45', 'c06887b3-f966-4dee-9906-32cebb0b3b31');
INSERT INTO public.migrations (id, track, name, "applyTime", "dateCreated", "dateUpdated", uid) VALUES (118, 'craft', 'm181130_143040_fix_schema_version', '2020-11-25 10:32:45', '2020-11-25 10:32:45', '2020-11-25 10:32:45', '44e3d79e-b078-4c01-858b-b7b45dddde01');
INSERT INTO public.migrations (id, track, name, "applyTime", "dateCreated", "dateUpdated", uid) VALUES (119, 'craft', 'm181211_143040_fix_entry_type_uids', '2020-11-25 10:32:45', '2020-11-25 10:32:45', '2020-11-25 10:32:45', '6ee8ebf7-d297-4d43-a8ac-c23c996825f1');
INSERT INTO public.migrations (id, track, name, "applyTime", "dateCreated", "dateUpdated", uid) VALUES (120, 'craft', 'm181217_153000_fix_structure_uids', '2020-11-25 10:32:45', '2020-11-25 10:32:45', '2020-11-25 10:32:45', 'c34b56ad-484d-4fef-9e01-d824347024e4');
INSERT INTO public.migrations (id, track, name, "applyTime", "dateCreated", "dateUpdated", uid) VALUES (121, 'craft', 'm190104_152725_store_licensed_plugin_editions', '2020-11-25 10:32:45', '2020-11-25 10:32:45', '2020-11-25 10:32:45', 'afa1b4ca-cfae-467a-9f6d-ba91b23082bd');
INSERT INTO public.migrations (id, track, name, "applyTime", "dateCreated", "dateUpdated", uid) VALUES (122, 'craft', 'm190108_110000_cleanup_project_config', '2020-11-25 10:32:45', '2020-11-25 10:32:45', '2020-11-25 10:32:45', '3fa7d8b2-9706-48d0-ae28-0540d0e01d9e');
INSERT INTO public.migrations (id, track, name, "applyTime", "dateCreated", "dateUpdated", uid) VALUES (123, 'craft', 'm190108_113000_asset_field_setting_change', '2020-11-25 10:32:45', '2020-11-25 10:32:45', '2020-11-25 10:32:45', 'b08da928-971d-400c-b3f3-ad2dd4133c1c');
INSERT INTO public.migrations (id, track, name, "applyTime", "dateCreated", "dateUpdated", uid) VALUES (124, 'craft', 'm190109_172845_fix_colspan', '2020-11-25 10:32:45', '2020-11-25 10:32:45', '2020-11-25 10:32:45', '2d71857d-a2f1-4cf8-ab63-aad5d2becb25');
INSERT INTO public.migrations (id, track, name, "applyTime", "dateCreated", "dateUpdated", uid) VALUES (125, 'craft', 'm190110_150000_prune_nonexisting_sites', '2020-11-25 10:32:45', '2020-11-25 10:32:45', '2020-11-25 10:32:45', 'b4cddf01-9e21-4e36-8a9d-bd639df0544e');
INSERT INTO public.migrations (id, track, name, "applyTime", "dateCreated", "dateUpdated", uid) VALUES (126, 'craft', 'm190110_214819_soft_delete_volumes', '2020-11-25 10:32:45', '2020-11-25 10:32:45', '2020-11-25 10:32:45', '0aa5058c-8ca7-4ed8-9c04-ced4226ba939');
INSERT INTO public.migrations (id, track, name, "applyTime", "dateCreated", "dateUpdated", uid) VALUES (127, 'craft', 'm190112_124737_fix_user_settings', '2020-11-25 10:32:45', '2020-11-25 10:32:45', '2020-11-25 10:32:45', '3fde533f-581b-42ac-a39a-b7eb2bc1ebe8');
INSERT INTO public.migrations (id, track, name, "applyTime", "dateCreated", "dateUpdated", uid) VALUES (128, 'craft', 'm190112_131225_fix_field_layouts', '2020-11-25 10:32:45', '2020-11-25 10:32:45', '2020-11-25 10:32:45', 'd644d04d-778b-49a3-91c7-10ca4a07f8fb');
INSERT INTO public.migrations (id, track, name, "applyTime", "dateCreated", "dateUpdated", uid) VALUES (129, 'craft', 'm190112_201010_more_soft_deletes', '2020-11-25 10:32:45', '2020-11-25 10:32:45', '2020-11-25 10:32:45', 'bccedfc6-5695-4272-9e7e-9f2c30555962');
INSERT INTO public.migrations (id, track, name, "applyTime", "dateCreated", "dateUpdated", uid) VALUES (130, 'craft', 'm190114_143000_more_asset_field_setting_changes', '2020-11-25 10:32:45', '2020-11-25 10:32:45', '2020-11-25 10:32:45', 'd09ce7c9-cc2e-46e5-ba0c-3aaa13238692');
INSERT INTO public.migrations (id, track, name, "applyTime", "dateCreated", "dateUpdated", uid) VALUES (131, 'craft', 'm190121_120000_rich_text_config_setting', '2020-11-25 10:32:45', '2020-11-25 10:32:45', '2020-11-25 10:32:45', '9df490cb-c7bc-43cf-b56f-41be44f8a0a9');
INSERT INTO public.migrations (id, track, name, "applyTime", "dateCreated", "dateUpdated", uid) VALUES (132, 'craft', 'm190125_191628_fix_email_transport_password', '2020-11-25 10:32:45', '2020-11-25 10:32:45', '2020-11-25 10:32:45', '7d2a66b7-9214-4036-903d-85d4f15403b6');
INSERT INTO public.migrations (id, track, name, "applyTime", "dateCreated", "dateUpdated", uid) VALUES (133, 'craft', 'm190128_181422_cleanup_volume_folders', '2020-11-25 10:32:45', '2020-11-25 10:32:45', '2020-11-25 10:32:45', '99f09b07-c4fa-48f6-b5bc-c88034dd408d');
INSERT INTO public.migrations (id, track, name, "applyTime", "dateCreated", "dateUpdated", uid) VALUES (134, 'craft', 'm190205_140000_fix_asset_soft_delete_index', '2020-11-25 10:32:45', '2020-11-25 10:32:45', '2020-11-25 10:32:45', '43e637b1-445f-49dd-86a1-bebbeb635e86');
INSERT INTO public.migrations (id, track, name, "applyTime", "dateCreated", "dateUpdated", uid) VALUES (135, 'craft', 'm190218_143000_element_index_settings_uid', '2020-11-25 10:32:45', '2020-11-25 10:32:45', '2020-11-25 10:32:45', 'ea16bfa1-7340-426d-ab88-e4e3123dc552');
INSERT INTO public.migrations (id, track, name, "applyTime", "dateCreated", "dateUpdated", uid) VALUES (136, 'craft', 'm190312_152740_element_revisions', '2020-11-25 10:32:45', '2020-11-25 10:32:45', '2020-11-25 10:32:45', 'c1d8afeb-4105-49db-9df0-d39ad0e87dcf');
INSERT INTO public.migrations (id, track, name, "applyTime", "dateCreated", "dateUpdated", uid) VALUES (137, 'craft', 'm190327_235137_propagation_method', '2020-11-25 10:32:45', '2020-11-25 10:32:45', '2020-11-25 10:32:45', 'a418bc4c-20ca-48af-b240-66635a5b246d');
INSERT INTO public.migrations (id, track, name, "applyTime", "dateCreated", "dateUpdated", uid) VALUES (138, 'craft', 'm190401_223843_drop_old_indexes', '2020-11-25 10:32:45', '2020-11-25 10:32:45', '2020-11-25 10:32:45', 'b4b70be6-3945-46f9-9de5-a81b84393f05');
INSERT INTO public.migrations (id, track, name, "applyTime", "dateCreated", "dateUpdated", uid) VALUES (139, 'craft', 'm190416_014525_drop_unique_global_indexes', '2020-11-25 10:32:45', '2020-11-25 10:32:45', '2020-11-25 10:32:45', 'd84f55b3-773b-439e-942f-a4eafef6b52f');
INSERT INTO public.migrations (id, track, name, "applyTime", "dateCreated", "dateUpdated", uid) VALUES (140, 'craft', 'm190417_085010_add_image_editor_permissions', '2020-11-25 10:32:45', '2020-11-25 10:32:45', '2020-11-25 10:32:45', '40ba8a06-373b-4d70-ac20-24d5790e8c2a');
INSERT INTO public.migrations (id, track, name, "applyTime", "dateCreated", "dateUpdated", uid) VALUES (141, 'craft', 'm190502_122019_store_default_user_group_uid', '2020-11-25 10:32:45', '2020-11-25 10:32:45', '2020-11-25 10:32:45', '694ba2f5-835a-4b27-87c0-734afd3c4505');
INSERT INTO public.migrations (id, track, name, "applyTime", "dateCreated", "dateUpdated", uid) VALUES (142, 'craft', 'm190504_150349_preview_targets', '2020-11-25 10:32:45', '2020-11-25 10:32:45', '2020-11-25 10:32:45', 'fb645151-1c26-442c-a110-4487e9e914da');
INSERT INTO public.migrations (id, track, name, "applyTime", "dateCreated", "dateUpdated", uid) VALUES (143, 'craft', 'm190516_184711_job_progress_label', '2020-11-25 10:32:45', '2020-11-25 10:32:45', '2020-11-25 10:32:45', '66c71741-7f32-4c1e-b4d7-3ecf69651b5d');
INSERT INTO public.migrations (id, track, name, "applyTime", "dateCreated", "dateUpdated", uid) VALUES (144, 'craft', 'm190523_190303_optional_revision_creators', '2020-11-25 10:32:45', '2020-11-25 10:32:45', '2020-11-25 10:32:45', '04779252-3729-4d85-8201-8d2d126919a3');
INSERT INTO public.migrations (id, track, name, "applyTime", "dateCreated", "dateUpdated", uid) VALUES (145, 'craft', 'm190529_204501_fix_duplicate_uids', '2020-11-25 10:32:45', '2020-11-25 10:32:45', '2020-11-25 10:32:45', 'a1c261cb-f4c3-4584-bf07-06edd118d96d');
INSERT INTO public.migrations (id, track, name, "applyTime", "dateCreated", "dateUpdated", uid) VALUES (146, 'craft', 'm190605_223807_unsaved_drafts', '2020-11-25 10:32:45', '2020-11-25 10:32:45', '2020-11-25 10:32:45', 'd7deea31-65a2-46fa-a844-57b94c6b9543');
INSERT INTO public.migrations (id, track, name, "applyTime", "dateCreated", "dateUpdated", uid) VALUES (147, 'craft', 'm190607_230042_entry_revision_error_tables', '2020-11-25 10:32:45', '2020-11-25 10:32:45', '2020-11-25 10:32:45', '27bec210-5c25-4535-bba5-77699d6773d6');
INSERT INTO public.migrations (id, track, name, "applyTime", "dateCreated", "dateUpdated", uid) VALUES (148, 'craft', 'm190608_033429_drop_elements_uid_idx', '2020-11-25 10:32:45', '2020-11-25 10:32:45', '2020-11-25 10:32:45', 'a77fd817-a723-4b26-8930-0299c6fa0ff6');
INSERT INTO public.migrations (id, track, name, "applyTime", "dateCreated", "dateUpdated", uid) VALUES (149, 'craft', 'm190617_164400_add_gqlschemas_table', '2020-11-25 10:32:45', '2020-11-25 10:32:45', '2020-11-25 10:32:45', 'd83b917a-181e-49ff-9e66-10c654be89ce');
INSERT INTO public.migrations (id, track, name, "applyTime", "dateCreated", "dateUpdated", uid) VALUES (150, 'craft', 'm190624_234204_matrix_propagation_method', '2020-11-25 10:32:45', '2020-11-25 10:32:45', '2020-11-25 10:32:45', 'c571a75a-72a2-4774-8395-c2a63cf1ba08');
INSERT INTO public.migrations (id, track, name, "applyTime", "dateCreated", "dateUpdated", uid) VALUES (151, 'craft', 'm190711_153020_drop_snapshots', '2020-11-25 10:32:45', '2020-11-25 10:32:45', '2020-11-25 10:32:45', 'f354f7e1-81cd-49b6-8d92-6ccace6a7e2b');
INSERT INTO public.migrations (id, track, name, "applyTime", "dateCreated", "dateUpdated", uid) VALUES (152, 'craft', 'm190712_195914_no_draft_revisions', '2020-11-25 10:32:45', '2020-11-25 10:32:45', '2020-11-25 10:32:45', 'c12edfff-a1a9-4eaf-ad48-bf9df0c84b0c');
INSERT INTO public.migrations (id, track, name, "applyTime", "dateCreated", "dateUpdated", uid) VALUES (153, 'craft', 'm190723_140314_fix_preview_targets_column', '2020-11-25 10:32:45', '2020-11-25 10:32:45', '2020-11-25 10:32:45', 'ef4bacbc-a664-4eb3-af85-f050239c18a1');
INSERT INTO public.migrations (id, track, name, "applyTime", "dateCreated", "dateUpdated", uid) VALUES (154, 'craft', 'm190820_003519_flush_compiled_templates', '2020-11-25 10:32:45', '2020-11-25 10:32:45', '2020-11-25 10:32:45', '0e1cc122-6de8-4c8c-9b0a-5c239e1b153a');
INSERT INTO public.migrations (id, track, name, "applyTime", "dateCreated", "dateUpdated", uid) VALUES (155, 'craft', 'm190823_020339_optional_draft_creators', '2020-11-25 10:32:45', '2020-11-25 10:32:45', '2020-11-25 10:32:45', 'b92d5456-1dd2-4bf4-becd-fdd948ea3501');
INSERT INTO public.migrations (id, track, name, "applyTime", "dateCreated", "dateUpdated", uid) VALUES (156, 'craft', 'm190913_152146_update_preview_targets', '2020-11-25 10:32:45', '2020-11-25 10:32:45', '2020-11-25 10:32:45', 'eb979e4e-cdec-4298-bf1b-299a3ae271ba');
INSERT INTO public.migrations (id, track, name, "applyTime", "dateCreated", "dateUpdated", uid) VALUES (157, 'craft', 'm191107_122000_add_gql_project_config_support', '2020-11-25 10:32:45', '2020-11-25 10:32:45', '2020-11-25 10:32:45', '5e3afe3c-e9ab-48a9-94da-6a13a1f04448');
INSERT INTO public.migrations (id, track, name, "applyTime", "dateCreated", "dateUpdated", uid) VALUES (158, 'craft', 'm191204_085100_pack_savable_component_settings', '2020-11-25 10:32:45', '2020-11-25 10:32:45', '2020-11-25 10:32:45', 'e13276e3-f398-420d-abc7-2377f1b764f6');
INSERT INTO public.migrations (id, track, name, "applyTime", "dateCreated", "dateUpdated", uid) VALUES (159, 'craft', 'm191206_001148_change_tracking', '2020-11-25 10:32:45', '2020-11-25 10:32:45', '2020-11-25 10:32:45', '116d45aa-6396-4832-9bab-ec24fac019fa');
INSERT INTO public.migrations (id, track, name, "applyTime", "dateCreated", "dateUpdated", uid) VALUES (160, 'craft', 'm191216_191635_asset_upload_tracking', '2020-11-25 10:32:45', '2020-11-25 10:32:45', '2020-11-25 10:32:45', '02df5de9-ac12-4bfb-89ab-93d7884cb5fe');
INSERT INTO public.migrations (id, track, name, "applyTime", "dateCreated", "dateUpdated", uid) VALUES (161, 'craft', 'm191222_002848_peer_asset_permissions', '2020-11-25 10:32:45', '2020-11-25 10:32:45', '2020-11-25 10:32:45', '53756045-917c-4fe9-8e4d-0fe58fc1782b');
INSERT INTO public.migrations (id, track, name, "applyTime", "dateCreated", "dateUpdated", uid) VALUES (162, 'craft', 'm200127_172522_queue_channels', '2020-11-25 10:32:45', '2020-11-25 10:32:45', '2020-11-25 10:32:45', '8c29ab99-fc80-45b0-a0cf-7585a54306ff');
INSERT INTO public.migrations (id, track, name, "applyTime", "dateCreated", "dateUpdated", uid) VALUES (163, 'craft', 'm200211_175048_truncate_element_query_cache', '2020-11-25 10:32:45', '2020-11-25 10:32:45', '2020-11-25 10:32:45', '93b99db2-0063-4a8f-bc49-7b0a4ee062b9');
INSERT INTO public.migrations (id, track, name, "applyTime", "dateCreated", "dateUpdated", uid) VALUES (164, 'craft', 'm200213_172522_new_elements_index', '2020-11-25 10:32:45', '2020-11-25 10:32:45', '2020-11-25 10:32:45', '28351bbb-0e11-4218-942c-bbfef79f9a00');
INSERT INTO public.migrations (id, track, name, "applyTime", "dateCreated", "dateUpdated", uid) VALUES (165, 'craft', 'm200228_195211_long_deprecation_messages', '2020-11-25 10:32:45', '2020-11-25 10:32:45', '2020-11-25 10:32:45', '52499b9b-af0c-4b88-91b3-b123b48d71f4');
INSERT INTO public.migrations (id, track, name, "applyTime", "dateCreated", "dateUpdated", uid) VALUES (166, 'craft', 'm200306_054652_disabled_sites', '2020-11-25 10:32:45', '2020-11-25 10:32:45', '2020-11-25 10:32:45', '0dbe8489-5261-40c7-bd31-582a963faaa9');
INSERT INTO public.migrations (id, track, name, "applyTime", "dateCreated", "dateUpdated", uid) VALUES (167, 'craft', 'm200522_191453_clear_template_caches', '2020-11-25 10:32:45', '2020-11-25 10:32:45', '2020-11-25 10:32:45', '6e43c737-e00d-4eb4-a98b-198cda0ae192');
INSERT INTO public.migrations (id, track, name, "applyTime", "dateCreated", "dateUpdated", uid) VALUES (168, 'craft', 'm200606_231117_migration_tracks', '2020-11-25 10:32:45', '2020-11-25 10:32:45', '2020-11-25 10:32:45', 'cccf14d9-800c-4b07-afae-9158d9d60518');
INSERT INTO public.migrations (id, track, name, "applyTime", "dateCreated", "dateUpdated", uid) VALUES (169, 'craft', 'm200619_215137_title_translation_method', '2020-11-25 10:32:45', '2020-11-25 10:32:45', '2020-11-25 10:32:45', '14ff1b23-51ad-4902-a1eb-f060d5f6e61c');
INSERT INTO public.migrations (id, track, name, "applyTime", "dateCreated", "dateUpdated", uid) VALUES (170, 'craft', 'm200620_005028_user_group_descriptions', '2020-11-25 10:32:45', '2020-11-25 10:32:45', '2020-11-25 10:32:45', '959b3e87-8b63-4f60-ace3-9b442da13106');
INSERT INTO public.migrations (id, track, name, "applyTime", "dateCreated", "dateUpdated", uid) VALUES (171, 'craft', 'm200620_230205_field_layout_changes', '2020-11-25 10:32:45', '2020-11-25 10:32:45', '2020-11-25 10:32:45', '61e69b66-cde5-49ff-b682-c2fba35ac4fe');
INSERT INTO public.migrations (id, track, name, "applyTime", "dateCreated", "dateUpdated", uid) VALUES (172, 'craft', 'm200625_131100_move_entrytypes_to_top_project_config', '2020-11-25 10:32:45', '2020-11-25 10:32:45', '2020-11-25 10:32:45', '1b947a5c-4ac2-403f-9a25-a9a3662749fd');
INSERT INTO public.migrations (id, track, name, "applyTime", "dateCreated", "dateUpdated", uid) VALUES (173, 'craft', 'm200629_112700_remove_project_config_legacy_files', '2020-11-25 10:32:45', '2020-11-25 10:32:45', '2020-11-25 10:32:45', '7568ea84-a2a8-4efd-978b-a90d26407a70');
INSERT INTO public.migrations (id, track, name, "applyTime", "dateCreated", "dateUpdated", uid) VALUES (174, 'craft', 'm200630_183000_drop_configmap', '2020-11-25 10:32:45', '2020-11-25 10:32:45', '2020-11-25 10:32:45', '99f1be90-6f0f-4879-bb98-75695dea8ab0');
INSERT INTO public.migrations (id, track, name, "applyTime", "dateCreated", "dateUpdated", uid) VALUES (175, 'craft', 'm200715_113400_transform_index_error_flag', '2020-11-25 10:32:45', '2020-11-25 10:32:45', '2020-11-25 10:32:45', '3aa0cf5f-8a83-4886-9611-3fd2cb0e0be7');
INSERT INTO public.migrations (id, track, name, "applyTime", "dateCreated", "dateUpdated", uid) VALUES (176, 'craft', 'm200716_110900_replace_file_asset_permissions', '2020-11-25 10:32:45', '2020-11-25 10:32:45', '2020-11-25 10:32:45', 'dccc0c02-5726-4a3f-ba45-30c8abcad74a');
INSERT INTO public.migrations (id, track, name, "applyTime", "dateCreated", "dateUpdated", uid) VALUES (177, 'craft', 'm200716_153800_public_token_settings_in_project_config', '2020-11-25 10:32:45', '2020-11-25 10:32:45', '2020-11-25 10:32:45', '8870faa7-413b-459d-9db5-eb3bdf45c4d5');
INSERT INTO public.migrations (id, track, name, "applyTime", "dateCreated", "dateUpdated", uid) VALUES (178, 'craft', 'm200720_175543_drop_unique_constraints', '2020-11-25 10:32:45', '2020-11-25 10:32:45', '2020-11-25 10:32:45', '7b5cafe4-bf06-4b88-b07c-8b4365812cb9');
INSERT INTO public.migrations (id, track, name, "applyTime", "dateCreated", "dateUpdated", uid) VALUES (179, 'craft', 'm200825_051217_project_config_version', '2020-11-25 10:32:45', '2020-11-25 10:32:45', '2020-11-25 10:32:45', '672547b5-656f-4299-ab4f-6783e1f6861f');
INSERT INTO public.migrations (id, track, name, "applyTime", "dateCreated", "dateUpdated", uid) VALUES (181, 'craft', 'm201116_190500_asset_title_translation_method', '2021-01-27 15:48:33', '2021-01-27 15:48:33', '2021-01-27 15:48:33', 'fd35c589-bfc9-43a4-9b42-9ef83b072b7b');
INSERT INTO public.migrations (id, track, name, "applyTime", "dateCreated", "dateUpdated", uid) VALUES (182, 'craft', 'm201124_003555_plugin_trials', '2021-01-27 15:48:33', '2021-01-27 15:48:33', '2021-01-27 15:48:33', '93a28ef6-3d10-4e05-92be-4338b33c0c31');


--
-- Data for Name: plugins; Type: TABLE DATA; Schema: public; Owner: -
--

INSERT INTO public.plugins (id, handle, version, "schemaVersion", "licenseKeyStatus", "licensedEdition", "installDate", "dateCreated", "dateUpdated", uid) VALUES (1, 'redactor', '2.8.5', '2.3.0', 'unknown', NULL, '2020-11-25 10:32:43', '2020-11-25 10:32:43', '2021-02-01 15:24:41', '43bdd22d-d288-4607-b26c-5f3881b625be');


--
-- Data for Name: projectconfig; Type: TABLE DATA; Schema: public; Owner: -
--

INSERT INTO public.projectconfig (path, value) VALUES ('fieldGroups.1bc07f3f-1822-42db-aaf9-aa04909a62d1.name', '"SEO"');
INSERT INTO public.projectconfig (path, value) VALUES ('fields.41e6657f-1bf4-42fb-bd66-4aea4f6d895b.contentColumnType', '"text"');
INSERT INTO public.projectconfig (path, value) VALUES ('fields.41e6657f-1bf4-42fb-bd66-4aea4f6d895b.fieldGroup', '"e0052448-4c56-4da7-a2b5-d0739570cba1"');
INSERT INTO public.projectconfig (path, value) VALUES ('fields.41e6657f-1bf4-42fb-bd66-4aea4f6d895b.handle', '"linkedin"');
INSERT INTO public.projectconfig (path, value) VALUES ('fields.41e6657f-1bf4-42fb-bd66-4aea4f6d895b.instructions', '""');
INSERT INTO public.projectconfig (path, value) VALUES ('fields.41e6657f-1bf4-42fb-bd66-4aea4f6d895b.name', '"Linkedin"');
INSERT INTO public.projectconfig (path, value) VALUES ('fields.41e6657f-1bf4-42fb-bd66-4aea4f6d895b.searchable', 'false');
INSERT INTO public.projectconfig (path, value) VALUES ('fields.41e6657f-1bf4-42fb-bd66-4aea4f6d895b.settings.byteLimit', 'null');
INSERT INTO public.projectconfig (path, value) VALUES ('fields.41e6657f-1bf4-42fb-bd66-4aea4f6d895b.settings.charLimit', 'null');
INSERT INTO public.projectconfig (path, value) VALUES ('fields.41e6657f-1bf4-42fb-bd66-4aea4f6d895b.settings.code', '""');
INSERT INTO public.projectconfig (path, value) VALUES ('fields.41e6657f-1bf4-42fb-bd66-4aea4f6d895b.settings.columnType', 'null');
INSERT INTO public.projectconfig (path, value) VALUES ('fields.41e6657f-1bf4-42fb-bd66-4aea4f6d895b.settings.initialRows', '"4"');
INSERT INTO public.projectconfig (path, value) VALUES ('fields.41e6657f-1bf4-42fb-bd66-4aea4f6d895b.settings.multiline', '""');
INSERT INTO public.projectconfig (path, value) VALUES ('fields.41e6657f-1bf4-42fb-bd66-4aea4f6d895b.settings.placeholder', '"https://www.linkedin.com/company/google/"');
INSERT INTO public.projectconfig (path, value) VALUES ('fields.41e6657f-1bf4-42fb-bd66-4aea4f6d895b.settings.uiMode', '"normal"');
INSERT INTO public.projectconfig (path, value) VALUES ('fields.41e6657f-1bf4-42fb-bd66-4aea4f6d895b.translationKeyFormat', 'null');
INSERT INTO public.projectconfig (path, value) VALUES ('fields.41e6657f-1bf4-42fb-bd66-4aea4f6d895b.translationMethod', '"none"');
INSERT INTO public.projectconfig (path, value) VALUES ('fields.41e6657f-1bf4-42fb-bd66-4aea4f6d895b.type', '"craft\\fields\\PlainText"');
INSERT INTO public.projectconfig (path, value) VALUES ('fields.9e502000-1aa2-4c0c-aff6-210966db7501.contentColumnType', '"string"');
INSERT INTO public.projectconfig (path, value) VALUES ('entryTypes.0d410440-cbd2-47b2-8a7f-21e7b8afe43e.fieldLayouts.c2bfcb97-5a33-4391-aef6-f939514b2fdf.tabs.3.elements.0.type', '"craft\\fieldlayoutelements\\CustomField"');
INSERT INTO public.projectconfig (path, value) VALUES ('entryTypes.0d410440-cbd2-47b2-8a7f-21e7b8afe43e.fieldLayouts.c2bfcb97-5a33-4391-aef6-f939514b2fdf.tabs.3.elements.0.warning', 'null');
INSERT INTO public.projectconfig (path, value) VALUES ('users.groups.0144de20-93d5-432d-ba93-f08f4a599148.description', '""');
INSERT INTO public.projectconfig (path, value) VALUES ('users.groups.0144de20-93d5-432d-ba93-f08f4a599148.handle', '"redactor"');
INSERT INTO public.projectconfig (path, value) VALUES ('users.groups.0144de20-93d5-432d-ba93-f08f4a599148.name', '"Redakteure"');
INSERT INTO public.projectconfig (path, value) VALUES ('entryTypes.0d410440-cbd2-47b2-8a7f-21e7b8afe43e.fieldLayouts.c2bfcb97-5a33-4391-aef6-f939514b2fdf.tabs.3.elements.0.width', '100');
INSERT INTO public.projectconfig (path, value) VALUES ('entryTypes.0d410440-cbd2-47b2-8a7f-21e7b8afe43e.fieldLayouts.c2bfcb97-5a33-4391-aef6-f939514b2fdf.tabs.3.name', '"FAQ"');
INSERT INTO public.projectconfig (path, value) VALUES ('entryTypes.0d410440-cbd2-47b2-8a7f-21e7b8afe43e.fieldLayouts.c2bfcb97-5a33-4391-aef6-f939514b2fdf.tabs.3.sortOrder', '4');
INSERT INTO public.projectconfig (path, value) VALUES ('entryTypes.0d410440-cbd2-47b2-8a7f-21e7b8afe43e.handle', '"page"');
INSERT INTO public.projectconfig (path, value) VALUES ('entryTypes.0d410440-cbd2-47b2-8a7f-21e7b8afe43e.hasTitleField', 'true');
INSERT INTO public.projectconfig (path, value) VALUES ('entryTypes.0d410440-cbd2-47b2-8a7f-21e7b8afe43e.name', '"Informationsseite"');
INSERT INTO public.projectconfig (path, value) VALUES ('entryTypes.0d410440-cbd2-47b2-8a7f-21e7b8afe43e.section', '"ea25caf0-a9ce-415f-91f4-7c047d9b1933"');
INSERT INTO public.projectconfig (path, value) VALUES ('entryTypes.0d410440-cbd2-47b2-8a7f-21e7b8afe43e.sortOrder', '1');
INSERT INTO public.projectconfig (path, value) VALUES ('entryTypes.0d410440-cbd2-47b2-8a7f-21e7b8afe43e.titleFormat', 'null');
INSERT INTO public.projectconfig (path, value) VALUES ('entryTypes.0d410440-cbd2-47b2-8a7f-21e7b8afe43e.titleTranslationKeyFormat', 'null');
INSERT INTO public.projectconfig (path, value) VALUES ('entryTypes.0d410440-cbd2-47b2-8a7f-21e7b8afe43e.titleTranslationMethod', '"site"');
INSERT INTO public.projectconfig (path, value) VALUES ('entryTypes.e7599b97-ad13-4eea-bd62-3fdd165886ce.fieldLayouts.3ed9cd20-9052-4216-9f78-2d7ad05a0351.tabs.0.elements.0.autocapitalize', 'true');
INSERT INTO public.projectconfig (path, value) VALUES ('entryTypes.e7599b97-ad13-4eea-bd62-3fdd165886ce.fieldLayouts.3ed9cd20-9052-4216-9f78-2d7ad05a0351.tabs.0.elements.0.autocomplete', 'false');
INSERT INTO public.projectconfig (path, value) VALUES ('entryTypes.e7599b97-ad13-4eea-bd62-3fdd165886ce.fieldLayouts.3ed9cd20-9052-4216-9f78-2d7ad05a0351.tabs.0.elements.0.autocorrect', 'true');
INSERT INTO public.projectconfig (path, value) VALUES ('entryTypes.e7599b97-ad13-4eea-bd62-3fdd165886ce.fieldLayouts.3ed9cd20-9052-4216-9f78-2d7ad05a0351.tabs.0.elements.0.class', 'null');
INSERT INTO public.projectconfig (path, value) VALUES ('entryTypes.e7599b97-ad13-4eea-bd62-3fdd165886ce.fieldLayouts.3ed9cd20-9052-4216-9f78-2d7ad05a0351.tabs.0.elements.0.disabled', 'false');
INSERT INTO public.projectconfig (path, value) VALUES ('entryTypes.e7599b97-ad13-4eea-bd62-3fdd165886ce.fieldLayouts.3ed9cd20-9052-4216-9f78-2d7ad05a0351.tabs.0.elements.0.id', 'null');
INSERT INTO public.projectconfig (path, value) VALUES ('entryTypes.e7599b97-ad13-4eea-bd62-3fdd165886ce.fieldLayouts.3ed9cd20-9052-4216-9f78-2d7ad05a0351.tabs.0.elements.0.instructions', 'null');
INSERT INTO public.projectconfig (path, value) VALUES ('entryTypes.e7599b97-ad13-4eea-bd62-3fdd165886ce.fieldLayouts.3ed9cd20-9052-4216-9f78-2d7ad05a0351.tabs.0.elements.0.label', 'null');
INSERT INTO public.projectconfig (path, value) VALUES ('entryTypes.e7599b97-ad13-4eea-bd62-3fdd165886ce.fieldLayouts.3ed9cd20-9052-4216-9f78-2d7ad05a0351.tabs.0.elements.0.max', 'null');
INSERT INTO public.projectconfig (path, value) VALUES ('entryTypes.e7599b97-ad13-4eea-bd62-3fdd165886ce.fieldLayouts.3ed9cd20-9052-4216-9f78-2d7ad05a0351.tabs.0.elements.0.min', 'null');
INSERT INTO public.projectconfig (path, value) VALUES ('entryTypes.e7599b97-ad13-4eea-bd62-3fdd165886ce.fieldLayouts.3ed9cd20-9052-4216-9f78-2d7ad05a0351.tabs.0.elements.0.name', 'null');
INSERT INTO public.projectconfig (path, value) VALUES ('entryTypes.e7599b97-ad13-4eea-bd62-3fdd165886ce.fieldLayouts.3ed9cd20-9052-4216-9f78-2d7ad05a0351.tabs.0.elements.0.orientation', 'null');
INSERT INTO public.projectconfig (path, value) VALUES ('entryTypes.e7599b97-ad13-4eea-bd62-3fdd165886ce.fieldLayouts.3ed9cd20-9052-4216-9f78-2d7ad05a0351.tabs.0.elements.0.placeholder', 'null');
INSERT INTO public.projectconfig (path, value) VALUES ('entryTypes.e7599b97-ad13-4eea-bd62-3fdd165886ce.fieldLayouts.3ed9cd20-9052-4216-9f78-2d7ad05a0351.tabs.0.elements.0.readonly', 'false');
INSERT INTO public.projectconfig (path, value) VALUES ('entryTypes.e7599b97-ad13-4eea-bd62-3fdd165886ce.fieldLayouts.3ed9cd20-9052-4216-9f78-2d7ad05a0351.tabs.0.elements.0.requirable', 'false');
INSERT INTO public.projectconfig (path, value) VALUES ('entryTypes.e7599b97-ad13-4eea-bd62-3fdd165886ce.fieldLayouts.3ed9cd20-9052-4216-9f78-2d7ad05a0351.tabs.0.elements.0.size', 'null');
INSERT INTO public.projectconfig (path, value) VALUES ('entryTypes.e7599b97-ad13-4eea-bd62-3fdd165886ce.fieldLayouts.3ed9cd20-9052-4216-9f78-2d7ad05a0351.tabs.0.elements.0.step', 'null');
INSERT INTO public.projectconfig (path, value) VALUES ('entryTypes.e7599b97-ad13-4eea-bd62-3fdd165886ce.fieldLayouts.3ed9cd20-9052-4216-9f78-2d7ad05a0351.tabs.0.elements.0.tip', 'null');
INSERT INTO public.projectconfig (path, value) VALUES ('entryTypes.e7599b97-ad13-4eea-bd62-3fdd165886ce.fieldLayouts.3ed9cd20-9052-4216-9f78-2d7ad05a0351.tabs.0.elements.0.title', 'null');
INSERT INTO public.projectconfig (path, value) VALUES ('entryTypes.e7599b97-ad13-4eea-bd62-3fdd165886ce.fieldLayouts.3ed9cd20-9052-4216-9f78-2d7ad05a0351.tabs.0.elements.0.type', '"craft\\fieldlayoutelements\\EntryTitleField"');
INSERT INTO public.projectconfig (path, value) VALUES ('entryTypes.e7599b97-ad13-4eea-bd62-3fdd165886ce.fieldLayouts.3ed9cd20-9052-4216-9f78-2d7ad05a0351.tabs.0.elements.0.warning', 'null');
INSERT INTO public.projectconfig (path, value) VALUES ('entryTypes.e7599b97-ad13-4eea-bd62-3fdd165886ce.fieldLayouts.3ed9cd20-9052-4216-9f78-2d7ad05a0351.tabs.0.elements.0.width', '100');
INSERT INTO public.projectconfig (path, value) VALUES ('entryTypes.e7599b97-ad13-4eea-bd62-3fdd165886ce.fieldLayouts.3ed9cd20-9052-4216-9f78-2d7ad05a0351.tabs.0.elements.1.fieldUid', '"a1edddb7-5eaf-4b3a-ac4f-5b58c6494d65"');
INSERT INTO public.projectconfig (path, value) VALUES ('entryTypes.e7599b97-ad13-4eea-bd62-3fdd165886ce.fieldLayouts.3ed9cd20-9052-4216-9f78-2d7ad05a0351.tabs.0.elements.1.instructions', 'null');
INSERT INTO public.projectconfig (path, value) VALUES ('entryTypes.e7599b97-ad13-4eea-bd62-3fdd165886ce.fieldLayouts.3ed9cd20-9052-4216-9f78-2d7ad05a0351.tabs.0.elements.1.label', 'null');
INSERT INTO public.projectconfig (path, value) VALUES ('system.edition', '"pro"');
INSERT INTO public.projectconfig (path, value) VALUES ('fields.9e502000-1aa2-4c0c-aff6-210966db7501.fieldGroup', '"dbde185a-c4d5-4159-96a4-e75394214c6c"');
INSERT INTO public.projectconfig (path, value) VALUES ('users.allowPublicRegistration', 'true');
INSERT INTO public.projectconfig (path, value) VALUES ('users.defaultGroup', '"b3ebc429-1aaf-4077-9b55-732d13785f99"');
INSERT INTO public.projectconfig (path, value) VALUES ('users.groups.b3ebc429-1aaf-4077-9b55-732d13785f99.description', '"Start Benutzergruppe nach einer Registrierung"');
INSERT INTO public.projectconfig (path, value) VALUES ('users.groups.b3ebc429-1aaf-4077-9b55-732d13785f99.handle', '"registered"');
INSERT INTO public.projectconfig (path, value) VALUES ('users.groups.b3ebc429-1aaf-4077-9b55-732d13785f99.name', '"Registriert"');
INSERT INTO public.projectconfig (path, value) VALUES ('users.photoSubpath', 'null');
INSERT INTO public.projectconfig (path, value) VALUES ('users.photoVolumeUid', '"24c25c8a-80ea-4d24-ad72-d168a19e07cd"');
INSERT INTO public.projectconfig (path, value) VALUES ('users.requireEmailVerification', 'true');
INSERT INTO public.projectconfig (path, value) VALUES ('users.suspendByDefault', 'false');
INSERT INTO public.projectconfig (path, value) VALUES ('fieldGroups.34b5cb01-0278-41cb-8ac2-1c6d931920cf.name', '"Taxonomy"');
INSERT INTO public.projectconfig (path, value) VALUES ('entryTypes.e7599b97-ad13-4eea-bd62-3fdd165886ce.fieldLayouts.3ed9cd20-9052-4216-9f78-2d7ad05a0351.tabs.0.elements.1.required', 'false');
INSERT INTO public.projectconfig (path, value) VALUES ('entryTypes.e7599b97-ad13-4eea-bd62-3fdd165886ce.fieldLayouts.3ed9cd20-9052-4216-9f78-2d7ad05a0351.tabs.0.elements.1.tip', 'null');
INSERT INTO public.projectconfig (path, value) VALUES ('entryTypes.e7599b97-ad13-4eea-bd62-3fdd165886ce.fieldLayouts.3ed9cd20-9052-4216-9f78-2d7ad05a0351.tabs.0.elements.1.type', '"craft\\fieldlayoutelements\\CustomField"');
INSERT INTO public.projectconfig (path, value) VALUES ('entryTypes.e7599b97-ad13-4eea-bd62-3fdd165886ce.fieldLayouts.3ed9cd20-9052-4216-9f78-2d7ad05a0351.tabs.0.elements.1.warning', 'null');
INSERT INTO public.projectconfig (path, value) VALUES ('entryTypes.e7599b97-ad13-4eea-bd62-3fdd165886ce.fieldLayouts.3ed9cd20-9052-4216-9f78-2d7ad05a0351.tabs.0.elements.1.width', '50');
INSERT INTO public.projectconfig (path, value) VALUES ('entryTypes.e7599b97-ad13-4eea-bd62-3fdd165886ce.fieldLayouts.3ed9cd20-9052-4216-9f78-2d7ad05a0351.tabs.0.elements.2.fieldUid', '"24403202-e90c-4bf2-9f60-d8b2146f107b"');
INSERT INTO public.projectconfig (path, value) VALUES ('entryTypes.e7599b97-ad13-4eea-bd62-3fdd165886ce.fieldLayouts.3ed9cd20-9052-4216-9f78-2d7ad05a0351.tabs.0.elements.2.instructions', 'null');
INSERT INTO public.projectconfig (path, value) VALUES ('entryTypes.e7599b97-ad13-4eea-bd62-3fdd165886ce.fieldLayouts.3ed9cd20-9052-4216-9f78-2d7ad05a0351.tabs.0.elements.2.label', 'null');
INSERT INTO public.projectconfig (path, value) VALUES ('entryTypes.e7599b97-ad13-4eea-bd62-3fdd165886ce.fieldLayouts.3ed9cd20-9052-4216-9f78-2d7ad05a0351.tabs.0.elements.2.required', 'false');
INSERT INTO public.projectconfig (path, value) VALUES ('entryTypes.e7599b97-ad13-4eea-bd62-3fdd165886ce.fieldLayouts.3ed9cd20-9052-4216-9f78-2d7ad05a0351.tabs.0.elements.2.tip', 'null');
INSERT INTO public.projectconfig (path, value) VALUES ('entryTypes.e7599b97-ad13-4eea-bd62-3fdd165886ce.fieldLayouts.3ed9cd20-9052-4216-9f78-2d7ad05a0351.tabs.0.elements.2.type', '"craft\\fieldlayoutelements\\CustomField"');
INSERT INTO public.projectconfig (path, value) VALUES ('system.live', 'true');
INSERT INTO public.projectconfig (path, value) VALUES ('fields.9e502000-1aa2-4c0c-aff6-210966db7501.handle', '"downloads"');
INSERT INTO public.projectconfig (path, value) VALUES ('fields.9e502000-1aa2-4c0c-aff6-210966db7501.instructions', '""');
INSERT INTO public.projectconfig (path, value) VALUES ('fields.9e502000-1aa2-4c0c-aff6-210966db7501.name', '"Downloads"');
INSERT INTO public.projectconfig (path, value) VALUES ('fields.9e502000-1aa2-4c0c-aff6-210966db7501.searchable', 'false');
INSERT INTO public.projectconfig (path, value) VALUES ('fields.9e502000-1aa2-4c0c-aff6-210966db7501.settings.allowSelfRelations', 'false');
INSERT INTO public.projectconfig (path, value) VALUES ('fields.9e502000-1aa2-4c0c-aff6-210966db7501.settings.allowUploads', 'true');
INSERT INTO public.projectconfig (path, value) VALUES ('fields.9e502000-1aa2-4c0c-aff6-210966db7501.settings.allowedKinds', 'null');
INSERT INTO public.projectconfig (path, value) VALUES ('fields.9e502000-1aa2-4c0c-aff6-210966db7501.settings.defaultUploadLocationSource', '"volume:24c25c8a-80ea-4d24-ad72-d168a19e07cd"');
INSERT INTO public.projectconfig (path, value) VALUES ('fields.9e502000-1aa2-4c0c-aff6-210966db7501.settings.defaultUploadLocationSubpath', '""');
INSERT INTO public.projectconfig (path, value) VALUES ('fields.9e502000-1aa2-4c0c-aff6-210966db7501.settings.limit', '""');
INSERT INTO public.projectconfig (path, value) VALUES ('fields.9e502000-1aa2-4c0c-aff6-210966db7501.settings.localizeRelations', 'false');
INSERT INTO public.projectconfig (path, value) VALUES ('fields.9e502000-1aa2-4c0c-aff6-210966db7501.settings.previewMode', '"full"');
INSERT INTO public.projectconfig (path, value) VALUES ('fields.9e502000-1aa2-4c0c-aff6-210966db7501.settings.restrictFiles', '""');
INSERT INTO public.projectconfig (path, value) VALUES ('fields.9e502000-1aa2-4c0c-aff6-210966db7501.settings.selectionLabel', '""');
INSERT INTO public.projectconfig (path, value) VALUES ('fields.9e502000-1aa2-4c0c-aff6-210966db7501.settings.showSiteMenu', 'false');
INSERT INTO public.projectconfig (path, value) VALUES ('fields.9e502000-1aa2-4c0c-aff6-210966db7501.settings.showUnpermittedFiles', 'false');
INSERT INTO public.projectconfig (path, value) VALUES ('fields.9e502000-1aa2-4c0c-aff6-210966db7501.settings.showUnpermittedVolumes', 'false');
INSERT INTO public.projectconfig (path, value) VALUES ('fields.9e502000-1aa2-4c0c-aff6-210966db7501.settings.singleUploadLocationSource', '"volume:24c25c8a-80ea-4d24-ad72-d168a19e07cd"');
INSERT INTO public.projectconfig (path, value) VALUES ('fields.9e502000-1aa2-4c0c-aff6-210966db7501.settings.singleUploadLocationSubpath', '""');
INSERT INTO public.projectconfig (path, value) VALUES ('fields.9e502000-1aa2-4c0c-aff6-210966db7501.settings.source', 'null');
INSERT INTO public.projectconfig (path, value) VALUES ('fields.9e502000-1aa2-4c0c-aff6-210966db7501.settings.sources', '"*"');
INSERT INTO public.projectconfig (path, value) VALUES ('fields.9e502000-1aa2-4c0c-aff6-210966db7501.settings.targetSiteId', 'null');
INSERT INTO public.projectconfig (path, value) VALUES ('fields.9e502000-1aa2-4c0c-aff6-210966db7501.settings.useSingleFolder', 'false');
INSERT INTO public.projectconfig (path, value) VALUES ('fields.9e502000-1aa2-4c0c-aff6-210966db7501.settings.validateRelatedElements', 'false');
INSERT INTO public.projectconfig (path, value) VALUES ('fields.9e502000-1aa2-4c0c-aff6-210966db7501.settings.viewMode', '"list"');
INSERT INTO public.projectconfig (path, value) VALUES ('fields.9e502000-1aa2-4c0c-aff6-210966db7501.translationKeyFormat', 'null');
INSERT INTO public.projectconfig (path, value) VALUES ('fields.9e502000-1aa2-4c0c-aff6-210966db7501.translationMethod', '"site"');
INSERT INTO public.projectconfig (path, value) VALUES ('fields.9e502000-1aa2-4c0c-aff6-210966db7501.type', '"craft\\fields\\Assets"');
INSERT INTO public.projectconfig (path, value) VALUES ('fields.18d73ec4-3757-40a2-a96a-cdedf667d895.contentColumnType', '"text"');
INSERT INTO public.projectconfig (path, value) VALUES ('fields.18d73ec4-3757-40a2-a96a-cdedf667d895.fieldGroup', '"dbde185a-c4d5-4159-96a4-e75394214c6c"');
INSERT INTO public.projectconfig (path, value) VALUES ('fields.18d73ec4-3757-40a2-a96a-cdedf667d895.handle', '"body"');
INSERT INTO public.projectconfig (path, value) VALUES ('fields.18d73ec4-3757-40a2-a96a-cdedf667d895.instructions', '""');
INSERT INTO public.projectconfig (path, value) VALUES ('fields.18d73ec4-3757-40a2-a96a-cdedf667d895.name', '"Inhalt"');
INSERT INTO public.projectconfig (path, value) VALUES ('fields.18d73ec4-3757-40a2-a96a-cdedf667d895.searchable', 'false');
INSERT INTO public.projectconfig (path, value) VALUES ('fields.18d73ec4-3757-40a2-a96a-cdedf667d895.settings.availableTransforms', '"*"');
INSERT INTO public.projectconfig (path, value) VALUES ('fields.18d73ec4-3757-40a2-a96a-cdedf667d895.settings.availableVolumes', '"*"');
INSERT INTO public.projectconfig (path, value) VALUES ('fields.18d73ec4-3757-40a2-a96a-cdedf667d895.settings.cleanupHtml', 'true');
INSERT INTO public.projectconfig (path, value) VALUES ('fields.18d73ec4-3757-40a2-a96a-cdedf667d895.settings.columnType', '"text"');
INSERT INTO public.projectconfig (path, value) VALUES ('fields.18d73ec4-3757-40a2-a96a-cdedf667d895.settings.configSelectionMode', '"choose"');
INSERT INTO public.projectconfig (path, value) VALUES ('fields.18d73ec4-3757-40a2-a96a-cdedf667d895.settings.defaultTransform', '""');
INSERT INTO public.projectconfig (path, value) VALUES ('fields.18d73ec4-3757-40a2-a96a-cdedf667d895.settings.manualConfig', '""');
INSERT INTO public.projectconfig (path, value) VALUES ('fields.18d73ec4-3757-40a2-a96a-cdedf667d895.settings.purifierConfig', '""');
INSERT INTO public.projectconfig (path, value) VALUES ('fields.18d73ec4-3757-40a2-a96a-cdedf667d895.settings.purifyHtml', '"1"');
INSERT INTO public.projectconfig (path, value) VALUES ('fields.18d73ec4-3757-40a2-a96a-cdedf667d895.settings.redactorConfig', '""');
INSERT INTO public.projectconfig (path, value) VALUES ('fields.18d73ec4-3757-40a2-a96a-cdedf667d895.settings.removeEmptyTags', '"1"');
INSERT INTO public.projectconfig (path, value) VALUES ('fields.18d73ec4-3757-40a2-a96a-cdedf667d895.settings.removeInlineStyles', '"1"');
INSERT INTO public.projectconfig (path, value) VALUES ('fields.18d73ec4-3757-40a2-a96a-cdedf667d895.settings.removeNbsp', '"1"');
INSERT INTO public.projectconfig (path, value) VALUES ('fields.18d73ec4-3757-40a2-a96a-cdedf667d895.settings.showHtmlButtonForNonAdmins', '"1"');
INSERT INTO public.projectconfig (path, value) VALUES ('entryTypes.e7599b97-ad13-4eea-bd62-3fdd165886ce.fieldLayouts.3ed9cd20-9052-4216-9f78-2d7ad05a0351.tabs.0.elements.2.warning', 'null');
INSERT INTO public.projectconfig (path, value) VALUES ('email.fromEmail', '"emo@clubofmetalworking.de"');
INSERT INTO public.projectconfig (path, value) VALUES ('email.fromName', '"EMO Backend"');
INSERT INTO public.projectconfig (path, value) VALUES ('email.replyToEmail', 'null');
INSERT INTO public.projectconfig (path, value) VALUES ('email.template', '""');
INSERT INTO public.projectconfig (path, value) VALUES ('email.transportSettings.encryptionMethod', '""');
INSERT INTO public.projectconfig (path, value) VALUES ('email.transportSettings.host', '"125jahre-vdw.de"');
INSERT INTO public.projectconfig (path, value) VALUES ('email.transportSettings.password', '"iHml11&0"');
INSERT INTO public.projectconfig (path, value) VALUES ('email.transportSettings.port', '"25"');
INSERT INTO public.projectconfig (path, value) VALUES ('email.transportSettings.timeout', '"10"');
INSERT INTO public.projectconfig (path, value) VALUES ('email.transportSettings.useAuthentication', '"1"');
INSERT INTO public.projectconfig (path, value) VALUES ('email.transportSettings.username', '"emo@clubofmetalworking.de"');
INSERT INTO public.projectconfig (path, value) VALUES ('email.transportType', '"craft\\mail\\transportadapters\\Smtp"');
INSERT INTO public.projectconfig (path, value) VALUES ('entryTypes.e7599b97-ad13-4eea-bd62-3fdd165886ce.fieldLayouts.3ed9cd20-9052-4216-9f78-2d7ad05a0351.tabs.0.elements.2.width', '50');
INSERT INTO public.projectconfig (path, value) VALUES ('entryTypes.e7599b97-ad13-4eea-bd62-3fdd165886ce.fieldLayouts.3ed9cd20-9052-4216-9f78-2d7ad05a0351.tabs.0.elements.3.fieldUid', '"38135310-b63d-4169-8f04-6fbbe0404998"');
INSERT INTO public.projectconfig (path, value) VALUES ('entryTypes.e7599b97-ad13-4eea-bd62-3fdd165886ce.fieldLayouts.3ed9cd20-9052-4216-9f78-2d7ad05a0351.tabs.0.elements.3.instructions', 'null');
INSERT INTO public.projectconfig (path, value) VALUES ('entryTypes.e7599b97-ad13-4eea-bd62-3fdd165886ce.fieldLayouts.3ed9cd20-9052-4216-9f78-2d7ad05a0351.tabs.0.elements.3.label', 'null');
INSERT INTO public.projectconfig (path, value) VALUES ('entryTypes.e7599b97-ad13-4eea-bd62-3fdd165886ce.fieldLayouts.3ed9cd20-9052-4216-9f78-2d7ad05a0351.tabs.0.elements.3.required', 'false');
INSERT INTO public.projectconfig (path, value) VALUES ('entryTypes.e7599b97-ad13-4eea-bd62-3fdd165886ce.fieldLayouts.3ed9cd20-9052-4216-9f78-2d7ad05a0351.tabs.0.elements.3.tip', 'null');
INSERT INTO public.projectconfig (path, value) VALUES ('entryTypes.e7599b97-ad13-4eea-bd62-3fdd165886ce.fieldLayouts.3ed9cd20-9052-4216-9f78-2d7ad05a0351.tabs.0.elements.3.type', '"craft\\fieldlayoutelements\\CustomField"');
INSERT INTO public.projectconfig (path, value) VALUES ('entryTypes.e7599b97-ad13-4eea-bd62-3fdd165886ce.fieldLayouts.3ed9cd20-9052-4216-9f78-2d7ad05a0351.tabs.0.elements.3.warning', 'null');
INSERT INTO public.projectconfig (path, value) VALUES ('entryTypes.e7599b97-ad13-4eea-bd62-3fdd165886ce.fieldLayouts.3ed9cd20-9052-4216-9f78-2d7ad05a0351.tabs.0.elements.3.width', '100');
INSERT INTO public.projectconfig (path, value) VALUES ('entryTypes.e7599b97-ad13-4eea-bd62-3fdd165886ce.fieldLayouts.3ed9cd20-9052-4216-9f78-2d7ad05a0351.tabs.0.elements.4.fieldUid', '"18d73ec4-3757-40a2-a96a-cdedf667d895"');
INSERT INTO public.projectconfig (path, value) VALUES ('entryTypes.e7599b97-ad13-4eea-bd62-3fdd165886ce.fieldLayouts.3ed9cd20-9052-4216-9f78-2d7ad05a0351.tabs.0.elements.4.instructions', 'null');
INSERT INTO public.projectconfig (path, value) VALUES ('entryTypes.e7599b97-ad13-4eea-bd62-3fdd165886ce.fieldLayouts.3ed9cd20-9052-4216-9f78-2d7ad05a0351.tabs.0.elements.4.label', 'null');
INSERT INTO public.projectconfig (path, value) VALUES ('fieldGroups.a2bdc517-6ecc-4dfa-be02-558659dda46c.name', '"Downloads & Media"');
INSERT INTO public.projectconfig (path, value) VALUES ('entryTypes.e7599b97-ad13-4eea-bd62-3fdd165886ce.fieldLayouts.3ed9cd20-9052-4216-9f78-2d7ad05a0351.tabs.0.elements.4.required', 'false');
INSERT INTO public.projectconfig (path, value) VALUES ('entryTypes.e7599b97-ad13-4eea-bd62-3fdd165886ce.fieldLayouts.3ed9cd20-9052-4216-9f78-2d7ad05a0351.tabs.0.elements.4.tip', 'null');
INSERT INTO public.projectconfig (path, value) VALUES ('entryTypes.e7599b97-ad13-4eea-bd62-3fdd165886ce.fieldLayouts.3ed9cd20-9052-4216-9f78-2d7ad05a0351.tabs.0.elements.4.type', '"craft\\fieldlayoutelements\\CustomField"');
INSERT INTO public.projectconfig (path, value) VALUES ('entryTypes.e7599b97-ad13-4eea-bd62-3fdd165886ce.fieldLayouts.3ed9cd20-9052-4216-9f78-2d7ad05a0351.tabs.0.elements.4.warning', 'null');
INSERT INTO public.projectconfig (path, value) VALUES ('entryTypes.e7599b97-ad13-4eea-bd62-3fdd165886ce.fieldLayouts.3ed9cd20-9052-4216-9f78-2d7ad05a0351.tabs.0.elements.4.width', '100');
INSERT INTO public.projectconfig (path, value) VALUES ('entryTypes.e7599b97-ad13-4eea-bd62-3fdd165886ce.fieldLayouts.3ed9cd20-9052-4216-9f78-2d7ad05a0351.tabs.0.elements.5.type', '"craft\\fieldlayoutelements\\HorizontalRule"');
INSERT INTO public.projectconfig (path, value) VALUES ('entryTypes.e7599b97-ad13-4eea-bd62-3fdd165886ce.fieldLayouts.3ed9cd20-9052-4216-9f78-2d7ad05a0351.tabs.0.elements.6.fieldUid', '"9ef612f5-8b16-401c-bd20-058431414095"');
INSERT INTO public.projectconfig (path, value) VALUES ('entryTypes.e7599b97-ad13-4eea-bd62-3fdd165886ce.fieldLayouts.3ed9cd20-9052-4216-9f78-2d7ad05a0351.tabs.0.elements.6.instructions', 'null');
INSERT INTO public.projectconfig (path, value) VALUES ('entryTypes.e7599b97-ad13-4eea-bd62-3fdd165886ce.fieldLayouts.3ed9cd20-9052-4216-9f78-2d7ad05a0351.tabs.0.elements.6.label', 'null');
INSERT INTO public.projectconfig (path, value) VALUES ('entryTypes.e7599b97-ad13-4eea-bd62-3fdd165886ce.fieldLayouts.3ed9cd20-9052-4216-9f78-2d7ad05a0351.tabs.0.elements.6.required', 'false');
INSERT INTO public.projectconfig (path, value) VALUES ('entryTypes.e7599b97-ad13-4eea-bd62-3fdd165886ce.fieldLayouts.3ed9cd20-9052-4216-9f78-2d7ad05a0351.tabs.0.elements.6.tip', 'null');
INSERT INTO public.projectconfig (path, value) VALUES ('entryTypes.e7599b97-ad13-4eea-bd62-3fdd165886ce.fieldLayouts.3ed9cd20-9052-4216-9f78-2d7ad05a0351.tabs.0.elements.6.type', '"craft\\fieldlayoutelements\\CustomField"');
INSERT INTO public.projectconfig (path, value) VALUES ('entryTypes.e7599b97-ad13-4eea-bd62-3fdd165886ce.fieldLayouts.3ed9cd20-9052-4216-9f78-2d7ad05a0351.tabs.0.elements.6.warning', 'null');
INSERT INTO public.projectconfig (path, value) VALUES ('entryTypes.e7599b97-ad13-4eea-bd62-3fdd165886ce.fieldLayouts.3ed9cd20-9052-4216-9f78-2d7ad05a0351.tabs.0.elements.6.width', '50');
INSERT INTO public.projectconfig (path, value) VALUES ('entryTypes.e7599b97-ad13-4eea-bd62-3fdd165886ce.fieldLayouts.3ed9cd20-9052-4216-9f78-2d7ad05a0351.tabs.0.elements.7.fieldUid', '"10d914df-e824-4c0b-97c8-84c984dd0258"');
INSERT INTO public.projectconfig (path, value) VALUES ('entryTypes.e7599b97-ad13-4eea-bd62-3fdd165886ce.fieldLayouts.3ed9cd20-9052-4216-9f78-2d7ad05a0351.tabs.0.elements.7.instructions', 'null');
INSERT INTO public.projectconfig (path, value) VALUES ('entryTypes.e7599b97-ad13-4eea-bd62-3fdd165886ce.fieldLayouts.3ed9cd20-9052-4216-9f78-2d7ad05a0351.tabs.0.elements.7.label', 'null');
INSERT INTO public.projectconfig (path, value) VALUES ('entryTypes.e7599b97-ad13-4eea-bd62-3fdd165886ce.fieldLayouts.3ed9cd20-9052-4216-9f78-2d7ad05a0351.tabs.0.elements.7.required', 'false');
INSERT INTO public.projectconfig (path, value) VALUES ('entryTypes.e7599b97-ad13-4eea-bd62-3fdd165886ce.fieldLayouts.3ed9cd20-9052-4216-9f78-2d7ad05a0351.tabs.0.elements.7.tip', 'null');
INSERT INTO public.projectconfig (path, value) VALUES ('entryTypes.e7599b97-ad13-4eea-bd62-3fdd165886ce.fieldLayouts.3ed9cd20-9052-4216-9f78-2d7ad05a0351.tabs.0.elements.7.type', '"craft\\fieldlayoutelements\\CustomField"');
INSERT INTO public.projectconfig (path, value) VALUES ('entryTypes.e7599b97-ad13-4eea-bd62-3fdd165886ce.fieldLayouts.3ed9cd20-9052-4216-9f78-2d7ad05a0351.tabs.0.elements.7.warning', 'null');
INSERT INTO public.projectconfig (path, value) VALUES ('entryTypes.e7599b97-ad13-4eea-bd62-3fdd165886ce.fieldLayouts.3ed9cd20-9052-4216-9f78-2d7ad05a0351.tabs.0.elements.7.width', '50');
INSERT INTO public.projectconfig (path, value) VALUES ('entryTypes.e7599b97-ad13-4eea-bd62-3fdd165886ce.fieldLayouts.3ed9cd20-9052-4216-9f78-2d7ad05a0351.tabs.0.name', '"Inhalt"');
INSERT INTO public.projectconfig (path, value) VALUES ('entryTypes.e7599b97-ad13-4eea-bd62-3fdd165886ce.fieldLayouts.3ed9cd20-9052-4216-9f78-2d7ad05a0351.tabs.0.sortOrder', '1');
INSERT INTO public.projectconfig (path, value) VALUES ('fields.18d73ec4-3757-40a2-a96a-cdedf667d895.settings.showUnpermittedFiles', 'false');
INSERT INTO public.projectconfig (path, value) VALUES ('fields.18d73ec4-3757-40a2-a96a-cdedf667d895.settings.showUnpermittedVolumes', 'false');
INSERT INTO public.projectconfig (path, value) VALUES ('fields.18d73ec4-3757-40a2-a96a-cdedf667d895.settings.uiMode', '"enlarged"');
INSERT INTO public.projectconfig (path, value) VALUES ('fields.18d73ec4-3757-40a2-a96a-cdedf667d895.translationKeyFormat', 'null');
INSERT INTO public.projectconfig (path, value) VALUES ('fields.18d73ec4-3757-40a2-a96a-cdedf667d895.translationMethod', '"site"');
INSERT INTO public.projectconfig (path, value) VALUES ('fields.18d73ec4-3757-40a2-a96a-cdedf667d895.type', '"craft\\redactor\\Field"');
INSERT INTO public.projectconfig (path, value) VALUES ('entryTypes.e7599b97-ad13-4eea-bd62-3fdd165886ce.fieldLayouts.3ed9cd20-9052-4216-9f78-2d7ad05a0351.tabs.1.elements.0.fieldUid', '"ee9512d9-701e-4e12-842e-02a6030b0da9"');
INSERT INTO public.projectconfig (path, value) VALUES ('graphql.schemas.8fef4b60-b73e-42af-aa08-dc5646a0b808.isPublic', 'false');
INSERT INTO public.projectconfig (path, value) VALUES ('graphql.schemas.8fef4b60-b73e-42af-aa08-dc5646a0b808.name', '"Authenticated"');
INSERT INTO public.projectconfig (path, value) VALUES ('graphql.schemas.8fef4b60-b73e-42af-aa08-dc5646a0b808.scope.0', '"sections.08161406-afd7-44e4-b188-ebaadac868c6:read"');
INSERT INTO public.projectconfig (path, value) VALUES ('graphql.schemas.8fef4b60-b73e-42af-aa08-dc5646a0b808.scope.1', '"entrytypes.108570f4-3617-457d-a46e-c406066c04a4:read"');
INSERT INTO public.projectconfig (path, value) VALUES ('graphql.schemas.8fef4b60-b73e-42af-aa08-dc5646a0b808.scope.2', '"sections.37b0574b-1b49-4f90-9362-9d503abf7eac:read"');
INSERT INTO public.projectconfig (path, value) VALUES ('graphql.schemas.8fef4b60-b73e-42af-aa08-dc5646a0b808.scope.3', '"entrytypes.d05ed799-bbf3-4ead-8a61-965073026ee3:read"');
INSERT INTO public.projectconfig (path, value) VALUES ('graphql.schemas.8fef4b60-b73e-42af-aa08-dc5646a0b808.scope.4', '"sections.8ead6ec2-98a7-4ee4-9d59-c4ac9e294118:read"');
INSERT INTO public.projectconfig (path, value) VALUES ('graphql.schemas.8fef4b60-b73e-42af-aa08-dc5646a0b808.scope.5', '"entrytypes.c3e9dcdd-0256-499c-bf09-b1665dea607f:read"');
INSERT INTO public.projectconfig (path, value) VALUES ('graphql.schemas.8fef4b60-b73e-42af-aa08-dc5646a0b808.scope.6', '"volumes.24c25c8a-80ea-4d24-ad72-d168a19e07cd:read"');
INSERT INTO public.projectconfig (path, value) VALUES ('graphql.schemas.8fef4b60-b73e-42af-aa08-dc5646a0b808.scope.7', '"volumes.6d6fb726-ec98-4924-a4c4-0d5e30359a91:read"');
INSERT INTO public.projectconfig (path, value) VALUES ('graphql.schemas.8fef4b60-b73e-42af-aa08-dc5646a0b808.scope.8', '"usergroups.everyone:read"');
INSERT INTO public.projectconfig (path, value) VALUES ('graphql.schemas.8fef4b60-b73e-42af-aa08-dc5646a0b808.scope.9', '"usergroups.0144de20-93d5-432d-ba93-f08f4a599148:read"');
INSERT INTO public.projectconfig (path, value) VALUES ('graphql.schemas.8fef4b60-b73e-42af-aa08-dc5646a0b808.scope.10', '"usergroups.b3ebc429-1aaf-4077-9b55-732d13785f99:read"');
INSERT INTO public.projectconfig (path, value) VALUES ('graphql.schemas.8fef4b60-b73e-42af-aa08-dc5646a0b808.scope.11', '"taggroups.ea2dcd3b-7935-4765-9020-baa37294e9ab:read"');
INSERT INTO public.projectconfig (path, value) VALUES ('fields.ee9512d9-701e-4e12-842e-02a6030b0da9.contentColumnType', '"string(280)"');
INSERT INTO public.projectconfig (path, value) VALUES ('fields.ee9512d9-701e-4e12-842e-02a6030b0da9.fieldGroup', '"1bc07f3f-1822-42db-aaf9-aa04909a62d1"');
INSERT INTO public.projectconfig (path, value) VALUES ('fields.ee9512d9-701e-4e12-842e-02a6030b0da9.handle', '"meta_titel"');
INSERT INTO public.projectconfig (path, value) VALUES ('fields.ee9512d9-701e-4e12-842e-02a6030b0da9.instructions', '"Dieser Titel wird in den Suchmaschinen angezeigt. Empfehlenswert ist einen Mehrwert kommunizieren fr einen Call-to-Action aktion."');
INSERT INTO public.projectconfig (path, value) VALUES ('fields.ee9512d9-701e-4e12-842e-02a6030b0da9.name', '"Meta Titel"');
INSERT INTO public.projectconfig (path, value) VALUES ('fields.ee9512d9-701e-4e12-842e-02a6030b0da9.searchable', 'false');
INSERT INTO public.projectconfig (path, value) VALUES ('fields.ee9512d9-701e-4e12-842e-02a6030b0da9.settings.byteLimit', 'null');
INSERT INTO public.projectconfig (path, value) VALUES ('fields.ee9512d9-701e-4e12-842e-02a6030b0da9.settings.charLimit', '70');
INSERT INTO public.projectconfig (path, value) VALUES ('fields.ee9512d9-701e-4e12-842e-02a6030b0da9.settings.code', '""');
INSERT INTO public.projectconfig (path, value) VALUES ('fields.ee9512d9-701e-4e12-842e-02a6030b0da9.settings.columnType', 'null');
INSERT INTO public.projectconfig (path, value) VALUES ('fields.ee9512d9-701e-4e12-842e-02a6030b0da9.settings.initialRows', '"4"');
INSERT INTO public.projectconfig (path, value) VALUES ('fields.ee9512d9-701e-4e12-842e-02a6030b0da9.settings.multiline', '""');
INSERT INTO public.projectconfig (path, value) VALUES ('fields.ee9512d9-701e-4e12-842e-02a6030b0da9.settings.placeholder', '""');
INSERT INTO public.projectconfig (path, value) VALUES ('fields.ee9512d9-701e-4e12-842e-02a6030b0da9.settings.uiMode', '"normal"');
INSERT INTO public.projectconfig (path, value) VALUES ('fields.ee9512d9-701e-4e12-842e-02a6030b0da9.translationKeyFormat', 'null');
INSERT INTO public.projectconfig (path, value) VALUES ('fields.ee9512d9-701e-4e12-842e-02a6030b0da9.translationMethod', '"site"');
INSERT INTO public.projectconfig (path, value) VALUES ('fields.ee9512d9-701e-4e12-842e-02a6030b0da9.type', '"craft\\fields\\PlainText"');
INSERT INTO public.projectconfig (path, value) VALUES ('entryTypes.e7599b97-ad13-4eea-bd62-3fdd165886ce.fieldLayouts.3ed9cd20-9052-4216-9f78-2d7ad05a0351.tabs.1.elements.0.instructions', 'null');
INSERT INTO public.projectconfig (path, value) VALUES ('entryTypes.e7599b97-ad13-4eea-bd62-3fdd165886ce.fieldLayouts.3ed9cd20-9052-4216-9f78-2d7ad05a0351.tabs.1.elements.0.label', 'null');
INSERT INTO public.projectconfig (path, value) VALUES ('entryTypes.e7599b97-ad13-4eea-bd62-3fdd165886ce.fieldLayouts.3ed9cd20-9052-4216-9f78-2d7ad05a0351.tabs.1.elements.0.required', 'false');
INSERT INTO public.projectconfig (path, value) VALUES ('entryTypes.e7599b97-ad13-4eea-bd62-3fdd165886ce.fieldLayouts.3ed9cd20-9052-4216-9f78-2d7ad05a0351.tabs.1.elements.0.tip', 'null');
INSERT INTO public.projectconfig (path, value) VALUES ('entryTypes.e7599b97-ad13-4eea-bd62-3fdd165886ce.fieldLayouts.3ed9cd20-9052-4216-9f78-2d7ad05a0351.tabs.1.elements.0.type', '"craft\\fieldlayoutelements\\CustomField"');
INSERT INTO public.projectconfig (path, value) VALUES ('entryTypes.e7599b97-ad13-4eea-bd62-3fdd165886ce.fieldLayouts.3ed9cd20-9052-4216-9f78-2d7ad05a0351.tabs.1.elements.0.warning', 'null');
INSERT INTO public.projectconfig (path, value) VALUES ('entryTypes.e7599b97-ad13-4eea-bd62-3fdd165886ce.fieldLayouts.3ed9cd20-9052-4216-9f78-2d7ad05a0351.tabs.1.elements.0.width', '100');
INSERT INTO public.projectconfig (path, value) VALUES ('entryTypes.e7599b97-ad13-4eea-bd62-3fdd165886ce.fieldLayouts.3ed9cd20-9052-4216-9f78-2d7ad05a0351.tabs.1.elements.1.fieldUid', '"e95bbf80-2274-41dc-b724-b2a404d796de"');
INSERT INTO public.projectconfig (path, value) VALUES ('entryTypes.e7599b97-ad13-4eea-bd62-3fdd165886ce.fieldLayouts.3ed9cd20-9052-4216-9f78-2d7ad05a0351.tabs.1.elements.1.instructions', 'null');
INSERT INTO public.projectconfig (path, value) VALUES ('entryTypes.e7599b97-ad13-4eea-bd62-3fdd165886ce.fieldLayouts.3ed9cd20-9052-4216-9f78-2d7ad05a0351.tabs.1.elements.1.label', 'null');
INSERT INTO public.projectconfig (path, value) VALUES ('entryTypes.e7599b97-ad13-4eea-bd62-3fdd165886ce.fieldLayouts.3ed9cd20-9052-4216-9f78-2d7ad05a0351.tabs.1.elements.1.required', 'false');
INSERT INTO public.projectconfig (path, value) VALUES ('entryTypes.e7599b97-ad13-4eea-bd62-3fdd165886ce.fieldLayouts.3ed9cd20-9052-4216-9f78-2d7ad05a0351.tabs.1.elements.1.tip', 'null');
INSERT INTO public.projectconfig (path, value) VALUES ('entryTypes.e7599b97-ad13-4eea-bd62-3fdd165886ce.fieldLayouts.3ed9cd20-9052-4216-9f78-2d7ad05a0351.tabs.1.elements.1.type', '"craft\\fieldlayoutelements\\CustomField"');
INSERT INTO public.projectconfig (path, value) VALUES ('entryTypes.e7599b97-ad13-4eea-bd62-3fdd165886ce.fieldLayouts.3ed9cd20-9052-4216-9f78-2d7ad05a0351.tabs.1.elements.1.warning', 'null');
INSERT INTO public.projectconfig (path, value) VALUES ('entryTypes.e7599b97-ad13-4eea-bd62-3fdd165886ce.fieldLayouts.3ed9cd20-9052-4216-9f78-2d7ad05a0351.tabs.1.elements.1.width', '100');
INSERT INTO public.projectconfig (path, value) VALUES ('entryTypes.e7599b97-ad13-4eea-bd62-3fdd165886ce.fieldLayouts.3ed9cd20-9052-4216-9f78-2d7ad05a0351.tabs.1.name', '"Suchmaschine"');
INSERT INTO public.projectconfig (path, value) VALUES ('entryTypes.e7599b97-ad13-4eea-bd62-3fdd165886ce.fieldLayouts.3ed9cd20-9052-4216-9f78-2d7ad05a0351.tabs.1.sortOrder', '2');
INSERT INTO public.projectconfig (path, value) VALUES ('entryTypes.e7599b97-ad13-4eea-bd62-3fdd165886ce.fieldLayouts.3ed9cd20-9052-4216-9f78-2d7ad05a0351.tabs.2.elements.0.fieldUid', '"739c8fb6-1cae-4dcb-94a0-59d0cbe8f662"');
INSERT INTO public.projectconfig (path, value) VALUES ('entryTypes.e7599b97-ad13-4eea-bd62-3fdd165886ce.fieldLayouts.3ed9cd20-9052-4216-9f78-2d7ad05a0351.tabs.2.elements.0.instructions', 'null');
INSERT INTO public.projectconfig (path, value) VALUES ('entryTypes.e7599b97-ad13-4eea-bd62-3fdd165886ce.fieldLayouts.3ed9cd20-9052-4216-9f78-2d7ad05a0351.tabs.2.elements.0.label', 'null');
INSERT INTO public.projectconfig (path, value) VALUES ('entryTypes.e7599b97-ad13-4eea-bd62-3fdd165886ce.fieldLayouts.3ed9cd20-9052-4216-9f78-2d7ad05a0351.tabs.2.elements.0.required', 'false');
INSERT INTO public.projectconfig (path, value) VALUES ('entryTypes.e7599b97-ad13-4eea-bd62-3fdd165886ce.fieldLayouts.3ed9cd20-9052-4216-9f78-2d7ad05a0351.tabs.2.elements.0.tip', 'null');
INSERT INTO public.projectconfig (path, value) VALUES ('entryTypes.e7599b97-ad13-4eea-bd62-3fdd165886ce.fieldLayouts.3ed9cd20-9052-4216-9f78-2d7ad05a0351.tabs.2.elements.0.type', '"craft\\fieldlayoutelements\\CustomField"');
INSERT INTO public.projectconfig (path, value) VALUES ('fields.b819a17b-d2a6-48e3-81e8-e8496f4073c2.contentColumnType', '"text"');
INSERT INTO public.projectconfig (path, value) VALUES ('fieldGroups.dbde185a-c4d5-4159-96a4-e75394214c6c.name', '"Content"');
INSERT INTO public.projectconfig (path, value) VALUES ('sites.34380f2c-988a-43d1-9723-8633250a5237.baseUrl', '"$EN_BASE_URL"');
INSERT INTO public.projectconfig (path, value) VALUES ('sites.34380f2c-988a-43d1-9723-8633250a5237.enabled', 'true');
INSERT INTO public.projectconfig (path, value) VALUES ('sites.34380f2c-988a-43d1-9723-8633250a5237.handle', '"emoEnglish"');
INSERT INTO public.projectconfig (path, value) VALUES ('sites.34380f2c-988a-43d1-9723-8633250a5237.hasUrls', 'true');
INSERT INTO public.projectconfig (path, value) VALUES ('sites.34380f2c-988a-43d1-9723-8633250a5237.language', '"en"');
INSERT INTO public.projectconfig (path, value) VALUES ('sites.34380f2c-988a-43d1-9723-8633250a5237.name', '"EMO English"');
INSERT INTO public.projectconfig (path, value) VALUES ('sites.34380f2c-988a-43d1-9723-8633250a5237.primary', 'false');
INSERT INTO public.projectconfig (path, value) VALUES ('sites.34380f2c-988a-43d1-9723-8633250a5237.siteGroup', '"541d1036-b8ff-48fd-b44b-f39fd928f44e"');
INSERT INTO public.projectconfig (path, value) VALUES ('sites.34380f2c-988a-43d1-9723-8633250a5237.sortOrder', '2');
INSERT INTO public.projectconfig (path, value) VALUES ('entryTypes.e7599b97-ad13-4eea-bd62-3fdd165886ce.fieldLayouts.3ed9cd20-9052-4216-9f78-2d7ad05a0351.tabs.2.elements.0.warning', 'null');
INSERT INTO public.projectconfig (path, value) VALUES ('entryTypes.e7599b97-ad13-4eea-bd62-3fdd165886ce.fieldLayouts.3ed9cd20-9052-4216-9f78-2d7ad05a0351.tabs.2.elements.0.width', '100');
INSERT INTO public.projectconfig (path, value) VALUES ('entryTypes.e7599b97-ad13-4eea-bd62-3fdd165886ce.fieldLayouts.3ed9cd20-9052-4216-9f78-2d7ad05a0351.tabs.2.elements.1.fieldUid', '"9e502000-1aa2-4c0c-aff6-210966db7501"');
INSERT INTO public.projectconfig (path, value) VALUES ('entryTypes.e7599b97-ad13-4eea-bd62-3fdd165886ce.fieldLayouts.3ed9cd20-9052-4216-9f78-2d7ad05a0351.tabs.2.elements.1.instructions', 'null');
INSERT INTO public.projectconfig (path, value) VALUES ('entryTypes.e7599b97-ad13-4eea-bd62-3fdd165886ce.fieldLayouts.3ed9cd20-9052-4216-9f78-2d7ad05a0351.tabs.2.elements.1.label', 'null');
INSERT INTO public.projectconfig (path, value) VALUES ('entryTypes.e7599b97-ad13-4eea-bd62-3fdd165886ce.fieldLayouts.3ed9cd20-9052-4216-9f78-2d7ad05a0351.tabs.2.elements.1.required', 'false');
INSERT INTO public.projectconfig (path, value) VALUES ('entryTypes.e7599b97-ad13-4eea-bd62-3fdd165886ce.fieldLayouts.3ed9cd20-9052-4216-9f78-2d7ad05a0351.tabs.2.elements.1.tip', 'null');
INSERT INTO public.projectconfig (path, value) VALUES ('entryTypes.e7599b97-ad13-4eea-bd62-3fdd165886ce.fieldLayouts.3ed9cd20-9052-4216-9f78-2d7ad05a0351.tabs.2.elements.1.type', '"craft\\fieldlayoutelements\\CustomField"');
INSERT INTO public.projectconfig (path, value) VALUES ('entryTypes.e7599b97-ad13-4eea-bd62-3fdd165886ce.fieldLayouts.3ed9cd20-9052-4216-9f78-2d7ad05a0351.tabs.2.elements.1.warning', 'null');
INSERT INTO public.projectconfig (path, value) VALUES ('entryTypes.e7599b97-ad13-4eea-bd62-3fdd165886ce.fieldLayouts.3ed9cd20-9052-4216-9f78-2d7ad05a0351.tabs.2.elements.1.width', '100');
INSERT INTO public.projectconfig (path, value) VALUES ('entryTypes.e7599b97-ad13-4eea-bd62-3fdd165886ce.fieldLayouts.3ed9cd20-9052-4216-9f78-2d7ad05a0351.tabs.2.elements.2.fieldUid', '"d18731cd-c210-4397-bae3-3d498d1b6d8a"');
INSERT INTO public.projectconfig (path, value) VALUES ('entryTypes.e7599b97-ad13-4eea-bd62-3fdd165886ce.fieldLayouts.3ed9cd20-9052-4216-9f78-2d7ad05a0351.tabs.2.elements.2.instructions', 'null');
INSERT INTO public.projectconfig (path, value) VALUES ('entryTypes.e7599b97-ad13-4eea-bd62-3fdd165886ce.fieldLayouts.3ed9cd20-9052-4216-9f78-2d7ad05a0351.tabs.2.elements.2.label', 'null');
INSERT INTO public.projectconfig (path, value) VALUES ('entryTypes.e7599b97-ad13-4eea-bd62-3fdd165886ce.fieldLayouts.3ed9cd20-9052-4216-9f78-2d7ad05a0351.tabs.2.elements.2.required', 'false');
INSERT INTO public.projectconfig (path, value) VALUES ('entryTypes.e7599b97-ad13-4eea-bd62-3fdd165886ce.fieldLayouts.3ed9cd20-9052-4216-9f78-2d7ad05a0351.tabs.2.elements.2.tip', 'null');
INSERT INTO public.projectconfig (path, value) VALUES ('entryTypes.e7599b97-ad13-4eea-bd62-3fdd165886ce.fieldLayouts.3ed9cd20-9052-4216-9f78-2d7ad05a0351.tabs.2.elements.2.type', '"craft\\fieldlayoutelements\\CustomField"');
INSERT INTO public.projectconfig (path, value) VALUES ('entryTypes.e7599b97-ad13-4eea-bd62-3fdd165886ce.fieldLayouts.3ed9cd20-9052-4216-9f78-2d7ad05a0351.tabs.2.elements.2.warning', 'null');
INSERT INTO public.projectconfig (path, value) VALUES ('entryTypes.e7599b97-ad13-4eea-bd62-3fdd165886ce.fieldLayouts.3ed9cd20-9052-4216-9f78-2d7ad05a0351.tabs.2.elements.2.width', '100');
INSERT INTO public.projectconfig (path, value) VALUES ('entryTypes.e7599b97-ad13-4eea-bd62-3fdd165886ce.fieldLayouts.3ed9cd20-9052-4216-9f78-2d7ad05a0351.tabs.2.name', '"Medien"');
INSERT INTO public.projectconfig (path, value) VALUES ('entryTypes.e7599b97-ad13-4eea-bd62-3fdd165886ce.fieldLayouts.3ed9cd20-9052-4216-9f78-2d7ad05a0351.tabs.2.sortOrder', '3');
INSERT INTO public.projectconfig (path, value) VALUES ('entryTypes.e7599b97-ad13-4eea-bd62-3fdd165886ce.handle', '"article"');
INSERT INTO public.projectconfig (path, value) VALUES ('entryTypes.e7599b97-ad13-4eea-bd62-3fdd165886ce.hasTitleField', 'true');
INSERT INTO public.projectconfig (path, value) VALUES ('entryTypes.e7599b97-ad13-4eea-bd62-3fdd165886ce.name', '"Artikelbeitrag"');
INSERT INTO public.projectconfig (path, value) VALUES ('entryTypes.e7599b97-ad13-4eea-bd62-3fdd165886ce.section', '"9b5bd243-bb29-4fea-81a4-e597852129b7"');
INSERT INTO public.projectconfig (path, value) VALUES ('entryTypes.e7599b97-ad13-4eea-bd62-3fdd165886ce.sortOrder', '1');
INSERT INTO public.projectconfig (path, value) VALUES ('entryTypes.e7599b97-ad13-4eea-bd62-3fdd165886ce.titleFormat', 'null');
INSERT INTO public.projectconfig (path, value) VALUES ('entryTypes.e7599b97-ad13-4eea-bd62-3fdd165886ce.titleTranslationKeyFormat', 'null');
INSERT INTO public.projectconfig (path, value) VALUES ('entryTypes.e7599b97-ad13-4eea-bd62-3fdd165886ce.titleTranslationMethod', '"site"');
INSERT INTO public.projectconfig (path, value) VALUES ('fields.b819a17b-d2a6-48e3-81e8-e8496f4073c2.fieldGroup', '"5530bc01-dbd1-4eca-8a5d-fa8906f6a042"');
INSERT INTO public.projectconfig (path, value) VALUES ('fields.b819a17b-d2a6-48e3-81e8-e8496f4073c2.handle', '"booth"');
INSERT INTO public.projectconfig (path, value) VALUES ('fields.b819a17b-d2a6-48e3-81e8-e8496f4073c2.instructions', '""');
INSERT INTO public.projectconfig (path, value) VALUES ('fields.b819a17b-d2a6-48e3-81e8-e8496f4073c2.name', '"Stand"');
INSERT INTO public.projectconfig (path, value) VALUES ('fields.b819a17b-d2a6-48e3-81e8-e8496f4073c2.searchable', 'false');
INSERT INTO public.projectconfig (path, value) VALUES ('sections.9b5bd243-bb29-4fea-81a4-e597852129b7.enableVersioning', 'true');
INSERT INTO public.projectconfig (path, value) VALUES ('sections.9b5bd243-bb29-4fea-81a4-e597852129b7.handle', '"articles"');
INSERT INTO public.projectconfig (path, value) VALUES ('sections.9b5bd243-bb29-4fea-81a4-e597852129b7.name', '"Artikelbeitrag"');
INSERT INTO public.projectconfig (path, value) VALUES ('sections.9b5bd243-bb29-4fea-81a4-e597852129b7.previewTargets.0.__assoc__.0.0', '"label"');
INSERT INTO public.projectconfig (path, value) VALUES ('sections.9b5bd243-bb29-4fea-81a4-e597852129b7.previewTargets.0.__assoc__.0.1', '"Primre eintrag Seite"');
INSERT INTO public.projectconfig (path, value) VALUES ('sections.9b5bd243-bb29-4fea-81a4-e597852129b7.previewTargets.0.__assoc__.1.0', '"urlFormat"');
INSERT INTO public.projectconfig (path, value) VALUES ('sections.9b5bd243-bb29-4fea-81a4-e597852129b7.previewTargets.0.__assoc__.1.1', '"{url}"');
INSERT INTO public.projectconfig (path, value) VALUES ('sections.9b5bd243-bb29-4fea-81a4-e597852129b7.previewTargets.0.__assoc__.2.0', '"refresh"');
INSERT INTO public.projectconfig (path, value) VALUES ('sections.9b5bd243-bb29-4fea-81a4-e597852129b7.previewTargets.0.__assoc__.2.1', '"1"');
INSERT INTO public.projectconfig (path, value) VALUES ('sections.9b5bd243-bb29-4fea-81a4-e597852129b7.propagationMethod', '"all"');
INSERT INTO public.projectconfig (path, value) VALUES ('sections.9b5bd243-bb29-4fea-81a4-e597852129b7.siteSettings.34380f2c-988a-43d1-9723-8633250a5237.enabledByDefault', 'true');
INSERT INTO public.projectconfig (path, value) VALUES ('sections.9b5bd243-bb29-4fea-81a4-e597852129b7.siteSettings.34380f2c-988a-43d1-9723-8633250a5237.hasUrls', 'true');
INSERT INTO public.projectconfig (path, value) VALUES ('sections.9b5bd243-bb29-4fea-81a4-e597852129b7.siteSettings.34380f2c-988a-43d1-9723-8633250a5237.template', 'null');
INSERT INTO public.projectconfig (path, value) VALUES ('sections.9b5bd243-bb29-4fea-81a4-e597852129b7.siteSettings.34380f2c-988a-43d1-9723-8633250a5237.uriFormat', '"a/{slug}"');
INSERT INTO public.projectconfig (path, value) VALUES ('sections.9b5bd243-bb29-4fea-81a4-e597852129b7.siteSettings.ff97e19b-a38b-48c6-b4a8-4ed14019ec07.enabledByDefault', 'true');
INSERT INTO public.projectconfig (path, value) VALUES ('sections.9b5bd243-bb29-4fea-81a4-e597852129b7.siteSettings.ff97e19b-a38b-48c6-b4a8-4ed14019ec07.hasUrls', 'true');
INSERT INTO public.projectconfig (path, value) VALUES ('sections.9b5bd243-bb29-4fea-81a4-e597852129b7.siteSettings.ff97e19b-a38b-48c6-b4a8-4ed14019ec07.template', 'null');
INSERT INTO public.projectconfig (path, value) VALUES ('sections.9b5bd243-bb29-4fea-81a4-e597852129b7.siteSettings.ff97e19b-a38b-48c6-b4a8-4ed14019ec07.uriFormat', '"a/{slug}"');
INSERT INTO public.projectconfig (path, value) VALUES ('sections.9b5bd243-bb29-4fea-81a4-e597852129b7.type', '"channel"');
INSERT INTO public.projectconfig (path, value) VALUES ('fields.52b46a5b-3bc7-4eb4-a2c5-4372222a1c9f.contentColumnType', '"text"');
INSERT INTO public.projectconfig (path, value) VALUES ('fields.52b46a5b-3bc7-4eb4-a2c5-4372222a1c9f.fieldGroup', '"e0052448-4c56-4da7-a2b5-d0739570cba1"');
INSERT INTO public.projectconfig (path, value) VALUES ('fields.b819a17b-d2a6-48e3-81e8-e8496f4073c2.settings.byteLimit', 'null');
INSERT INTO public.projectconfig (path, value) VALUES ('fields.b819a17b-d2a6-48e3-81e8-e8496f4073c2.settings.charLimit', 'null');
INSERT INTO public.projectconfig (path, value) VALUES ('fields.b819a17b-d2a6-48e3-81e8-e8496f4073c2.settings.code', '""');
INSERT INTO public.projectconfig (path, value) VALUES ('fields.b819a17b-d2a6-48e3-81e8-e8496f4073c2.settings.columnType', 'null');
INSERT INTO public.projectconfig (path, value) VALUES ('fields.b819a17b-d2a6-48e3-81e8-e8496f4073c2.settings.initialRows', '"4"');
INSERT INTO public.projectconfig (path, value) VALUES ('fields.d93f6cc8-3554-4692-88db-230dc7d9bf0b.contentColumnType', '"text"');
INSERT INTO public.projectconfig (path, value) VALUES ('fields.b819a17b-d2a6-48e3-81e8-e8496f4073c2.settings.multiline', '""');
INSERT INTO public.projectconfig (path, value) VALUES ('fields.b819a17b-d2a6-48e3-81e8-e8496f4073c2.settings.placeholder', '"B13"');
INSERT INTO public.projectconfig (path, value) VALUES ('fields.b819a17b-d2a6-48e3-81e8-e8496f4073c2.settings.uiMode', '"normal"');
INSERT INTO public.projectconfig (path, value) VALUES ('fields.b819a17b-d2a6-48e3-81e8-e8496f4073c2.translationKeyFormat', 'null');
INSERT INTO public.projectconfig (path, value) VALUES ('fields.b819a17b-d2a6-48e3-81e8-e8496f4073c2.translationMethod', '"none"');
INSERT INTO public.projectconfig (path, value) VALUES ('fields.52b46a5b-3bc7-4eb4-a2c5-4372222a1c9f.handle', '"fax"');
INSERT INTO public.projectconfig (path, value) VALUES ('fields.52b46a5b-3bc7-4eb4-a2c5-4372222a1c9f.instructions', '""');
INSERT INTO public.projectconfig (path, value) VALUES ('fields.52b46a5b-3bc7-4eb4-a2c5-4372222a1c9f.name', '"Fax"');
INSERT INTO public.projectconfig (path, value) VALUES ('fields.52b46a5b-3bc7-4eb4-a2c5-4372222a1c9f.searchable', 'false');
INSERT INTO public.projectconfig (path, value) VALUES ('fields.52b46a5b-3bc7-4eb4-a2c5-4372222a1c9f.settings.byteLimit', 'null');
INSERT INTO public.projectconfig (path, value) VALUES ('fields.52b46a5b-3bc7-4eb4-a2c5-4372222a1c9f.settings.charLimit', 'null');
INSERT INTO public.projectconfig (path, value) VALUES ('fields.52b46a5b-3bc7-4eb4-a2c5-4372222a1c9f.settings.code', '""');
INSERT INTO public.projectconfig (path, value) VALUES ('fields.52b46a5b-3bc7-4eb4-a2c5-4372222a1c9f.settings.columnType', 'null');
INSERT INTO public.projectconfig (path, value) VALUES ('fields.52b46a5b-3bc7-4eb4-a2c5-4372222a1c9f.settings.initialRows', '"4"');
INSERT INTO public.projectconfig (path, value) VALUES ('fields.52b46a5b-3bc7-4eb4-a2c5-4372222a1c9f.settings.multiline', '""');
INSERT INTO public.projectconfig (path, value) VALUES ('fields.52b46a5b-3bc7-4eb4-a2c5-4372222a1c9f.settings.placeholder', '"+49 69 756081-0"');
INSERT INTO public.projectconfig (path, value) VALUES ('fields.52b46a5b-3bc7-4eb4-a2c5-4372222a1c9f.settings.uiMode', '"normal"');
INSERT INTO public.projectconfig (path, value) VALUES ('fields.52b46a5b-3bc7-4eb4-a2c5-4372222a1c9f.translationKeyFormat', 'null');
INSERT INTO public.projectconfig (path, value) VALUES ('fields.b819a17b-d2a6-48e3-81e8-e8496f4073c2.type', '"craft\\fields\\PlainText"');
INSERT INTO public.projectconfig (path, value) VALUES ('fields.52b46a5b-3bc7-4eb4-a2c5-4372222a1c9f.translationMethod', '"none"');
INSERT INTO public.projectconfig (path, value) VALUES ('fields.52b46a5b-3bc7-4eb4-a2c5-4372222a1c9f.type', '"craft\\fields\\PlainText"');
INSERT INTO public.projectconfig (path, value) VALUES ('fields.de7b667a-9d74-454c-bfd4-78f261a771a2.contentColumnType', '"text"');
INSERT INTO public.projectconfig (path, value) VALUES ('fields.de7b667a-9d74-454c-bfd4-78f261a771a2.fieldGroup', '"e0052448-4c56-4da7-a2b5-d0739570cba1"');
INSERT INTO public.projectconfig (path, value) VALUES ('fields.de7b667a-9d74-454c-bfd4-78f261a771a2.handle', '"instagram"');
INSERT INTO public.projectconfig (path, value) VALUES ('fields.de7b667a-9d74-454c-bfd4-78f261a771a2.instructions', '""');
INSERT INTO public.projectconfig (path, value) VALUES ('fields.de7b667a-9d74-454c-bfd4-78f261a771a2.name', '"Instagram"');
INSERT INTO public.projectconfig (path, value) VALUES ('fields.de7b667a-9d74-454c-bfd4-78f261a771a2.searchable', 'false');
INSERT INTO public.projectconfig (path, value) VALUES ('fields.de7b667a-9d74-454c-bfd4-78f261a771a2.settings.byteLimit', 'null');
INSERT INTO public.projectconfig (path, value) VALUES ('fields.de7b667a-9d74-454c-bfd4-78f261a771a2.settings.charLimit', 'null');
INSERT INTO public.projectconfig (path, value) VALUES ('fields.de7b667a-9d74-454c-bfd4-78f261a771a2.settings.code', '""');
INSERT INTO public.projectconfig (path, value) VALUES ('fields.de7b667a-9d74-454c-bfd4-78f261a771a2.settings.columnType', 'null');
INSERT INTO public.projectconfig (path, value) VALUES ('fields.de7b667a-9d74-454c-bfd4-78f261a771a2.settings.initialRows', '"4"');
INSERT INTO public.projectconfig (path, value) VALUES ('fields.de7b667a-9d74-454c-bfd4-78f261a771a2.settings.multiline', '""');
INSERT INTO public.projectconfig (path, value) VALUES ('fields.de7b667a-9d74-454c-bfd4-78f261a771a2.settings.placeholder', '"https://www.instagram.com/rogueinvitational/"');
INSERT INTO public.projectconfig (path, value) VALUES ('fields.b615217c-6a31-4d72-bc36-48a81c88be5d.handle', '"person_salutation"');
INSERT INTO public.projectconfig (path, value) VALUES ('graphql.schemas.3250dc31-0c3c-44aa-80ce-af78d5ac2ad5.isPublic', 'false');
INSERT INTO public.projectconfig (path, value) VALUES ('graphql.schemas.3250dc31-0c3c-44aa-80ce-af78d5ac2ad5.name', '"DMAG"');
INSERT INTO public.projectconfig (path, value) VALUES ('graphql.schemas.3250dc31-0c3c-44aa-80ce-af78d5ac2ad5.scope.0', '"sections.08161406-afd7-44e4-b188-ebaadac868c6:read"');
INSERT INTO public.projectconfig (path, value) VALUES ('graphql.schemas.3250dc31-0c3c-44aa-80ce-af78d5ac2ad5.scope.1', '"entrytypes.108570f4-3617-457d-a46e-c406066c04a4:read"');
INSERT INTO public.projectconfig (path, value) VALUES ('graphql.schemas.3250dc31-0c3c-44aa-80ce-af78d5ac2ad5.scope.2', '"sections.37b0574b-1b49-4f90-9362-9d503abf7eac:read"');
INSERT INTO public.projectconfig (path, value) VALUES ('graphql.schemas.3250dc31-0c3c-44aa-80ce-af78d5ac2ad5.scope.3', '"entrytypes.d05ed799-bbf3-4ead-8a61-965073026ee3:read"');
INSERT INTO public.projectconfig (path, value) VALUES ('graphql.schemas.3250dc31-0c3c-44aa-80ce-af78d5ac2ad5.scope.4', '"sections.8ead6ec2-98a7-4ee4-9d59-c4ac9e294118:read"');
INSERT INTO public.projectconfig (path, value) VALUES ('graphql.schemas.3250dc31-0c3c-44aa-80ce-af78d5ac2ad5.scope.5', '"entrytypes.c3e9dcdd-0256-499c-bf09-b1665dea607f:read"');
INSERT INTO public.projectconfig (path, value) VALUES ('graphql.schemas.3250dc31-0c3c-44aa-80ce-af78d5ac2ad5.scope.6', '"volumes.24c25c8a-80ea-4d24-ad72-d168a19e07cd:read"');
INSERT INTO public.projectconfig (path, value) VALUES ('fields.b615217c-6a31-4d72-bc36-48a81c88be5d.instructions', '""');
INSERT INTO public.projectconfig (path, value) VALUES ('fields.de7b667a-9d74-454c-bfd4-78f261a771a2.settings.uiMode', '"normal"');
INSERT INTO public.projectconfig (path, value) VALUES ('sections.f65cbcf7-3ede-40b8-b09e-b3a8e1a4674c.enableVersioning', 'false');
INSERT INTO public.projectconfig (path, value) VALUES ('fields.de7b667a-9d74-454c-bfd4-78f261a771a2.translationKeyFormat', 'null');
INSERT INTO public.projectconfig (path, value) VALUES ('fieldGroups.5530bc01-dbd1-4eca-8a5d-fa8906f6a042.name', '"Location"');
INSERT INTO public.projectconfig (path, value) VALUES ('entryTypes.75c0a1e7-4014-4664-ac9e-01d4114becdc.fieldLayouts.e633e577-fc52-4574-8ccb-971dbe2edda4.tabs.0.elements.3.width', '25');
INSERT INTO public.projectconfig (path, value) VALUES ('entryTypes.75c0a1e7-4014-4664-ac9e-01d4114becdc.fieldLayouts.e633e577-fc52-4574-8ccb-971dbe2edda4.tabs.0.elements.4.fieldUid', '"b819a17b-d2a6-48e3-81e8-e8496f4073c2"');
INSERT INTO public.projectconfig (path, value) VALUES ('entryTypes.75c0a1e7-4014-4664-ac9e-01d4114becdc.fieldLayouts.e633e577-fc52-4574-8ccb-971dbe2edda4.tabs.0.elements.4.instructions', 'null');
INSERT INTO public.projectconfig (path, value) VALUES ('entryTypes.75c0a1e7-4014-4664-ac9e-01d4114becdc.fieldLayouts.e633e577-fc52-4574-8ccb-971dbe2edda4.tabs.0.elements.4.label', 'null');
INSERT INTO public.projectconfig (path, value) VALUES ('entryTypes.75c0a1e7-4014-4664-ac9e-01d4114becdc.fieldLayouts.e633e577-fc52-4574-8ccb-971dbe2edda4.tabs.0.elements.4.required', 'false');
INSERT INTO public.projectconfig (path, value) VALUES ('fields.de7b667a-9d74-454c-bfd4-78f261a771a2.translationMethod', '"none"');
INSERT INTO public.projectconfig (path, value) VALUES ('fields.de7b667a-9d74-454c-bfd4-78f261a771a2.type', '"craft\\fields\\PlainText"');
INSERT INTO public.projectconfig (path, value) VALUES ('fields.d619fc81-496a-4a1b-8f02-4a71c453f5d2.contentColumnType', '"text"');
INSERT INTO public.projectconfig (path, value) VALUES ('fields.d619fc81-496a-4a1b-8f02-4a71c453f5d2.fieldGroup', '"ca6b85ed-e3a8-4acc-953d-6400dde26c06"');
INSERT INTO public.projectconfig (path, value) VALUES ('fields.d619fc81-496a-4a1b-8f02-4a71c453f5d2.handle', '"vdw_id"');
INSERT INTO public.projectconfig (path, value) VALUES ('fields.d619fc81-496a-4a1b-8f02-4a71c453f5d2.instructions', '""');
INSERT INTO public.projectconfig (path, value) VALUES ('fields.d619fc81-496a-4a1b-8f02-4a71c453f5d2.name', '"VDW_ID"');
INSERT INTO public.projectconfig (path, value) VALUES ('fields.d93f6cc8-3554-4692-88db-230dc7d9bf0b.fieldGroup', '"dbde185a-c4d5-4159-96a4-e75394214c6c"');
INSERT INTO public.projectconfig (path, value) VALUES ('fields.d93f6cc8-3554-4692-88db-230dc7d9bf0b.handle', '"faq"');
INSERT INTO public.projectconfig (path, value) VALUES ('fields.d93f6cc8-3554-4692-88db-230dc7d9bf0b.instructions', '""');
INSERT INTO public.projectconfig (path, value) VALUES ('fields.d93f6cc8-3554-4692-88db-230dc7d9bf0b.name', '"Fragen & Antworten"');
INSERT INTO public.projectconfig (path, value) VALUES ('fields.d93f6cc8-3554-4692-88db-230dc7d9bf0b.searchable', 'false');
INSERT INTO public.projectconfig (path, value) VALUES ('fields.d93f6cc8-3554-4692-88db-230dc7d9bf0b.settings.addRowLabel', '"Zeile hinzufgen"');
INSERT INTO public.projectconfig (path, value) VALUES ('fields.d93f6cc8-3554-4692-88db-230dc7d9bf0b.settings.columnType', '"text"');
INSERT INTO public.projectconfig (path, value) VALUES ('fields.d93f6cc8-3554-4692-88db-230dc7d9bf0b.settings.columns.__assoc__.0.0', '"col1"');
INSERT INTO public.projectconfig (path, value) VALUES ('fields.d93f6cc8-3554-4692-88db-230dc7d9bf0b.settings.columns.__assoc__.0.1.__assoc__.0.0', '"heading"');
INSERT INTO public.projectconfig (path, value) VALUES ('fields.d93f6cc8-3554-4692-88db-230dc7d9bf0b.settings.columns.__assoc__.0.1.__assoc__.0.1', '"Frage"');
INSERT INTO public.projectconfig (path, value) VALUES ('fields.d93f6cc8-3554-4692-88db-230dc7d9bf0b.settings.columns.__assoc__.0.1.__assoc__.1.0', '"handle"');
INSERT INTO public.projectconfig (path, value) VALUES ('fields.d93f6cc8-3554-4692-88db-230dc7d9bf0b.settings.columns.__assoc__.0.1.__assoc__.1.1', '"question"');
INSERT INTO public.projectconfig (path, value) VALUES ('fields.d93f6cc8-3554-4692-88db-230dc7d9bf0b.settings.columns.__assoc__.0.1.__assoc__.2.0', '"width"');
INSERT INTO public.projectconfig (path, value) VALUES ('fields.d93f6cc8-3554-4692-88db-230dc7d9bf0b.settings.columns.__assoc__.0.1.__assoc__.2.1', '""');
INSERT INTO public.projectconfig (path, value) VALUES ('fields.d93f6cc8-3554-4692-88db-230dc7d9bf0b.settings.columns.__assoc__.0.1.__assoc__.3.0', '"type"');
INSERT INTO public.projectconfig (path, value) VALUES ('fields.d93f6cc8-3554-4692-88db-230dc7d9bf0b.settings.columns.__assoc__.0.1.__assoc__.3.1', '"singleline"');
INSERT INTO public.projectconfig (path, value) VALUES ('fields.d93f6cc8-3554-4692-88db-230dc7d9bf0b.settings.columns.__assoc__.1.0', '"col2"');
INSERT INTO public.projectconfig (path, value) VALUES ('fields.d93f6cc8-3554-4692-88db-230dc7d9bf0b.settings.columns.__assoc__.1.1.__assoc__.0.0', '"heading"');
INSERT INTO public.projectconfig (path, value) VALUES ('fields.d93f6cc8-3554-4692-88db-230dc7d9bf0b.settings.columns.__assoc__.1.1.__assoc__.0.1', '"Antwort"');
INSERT INTO public.projectconfig (path, value) VALUES ('fields.d93f6cc8-3554-4692-88db-230dc7d9bf0b.settings.columns.__assoc__.1.1.__assoc__.1.0', '"handle"');
INSERT INTO public.projectconfig (path, value) VALUES ('fields.d93f6cc8-3554-4692-88db-230dc7d9bf0b.settings.columns.__assoc__.1.1.__assoc__.1.1', '"answer"');
INSERT INTO public.projectconfig (path, value) VALUES ('fields.d93f6cc8-3554-4692-88db-230dc7d9bf0b.settings.columns.__assoc__.1.1.__assoc__.2.0', '"width"');
INSERT INTO public.projectconfig (path, value) VALUES ('fields.d93f6cc8-3554-4692-88db-230dc7d9bf0b.settings.columns.__assoc__.1.1.__assoc__.2.1', '""');
INSERT INTO public.projectconfig (path, value) VALUES ('fields.d93f6cc8-3554-4692-88db-230dc7d9bf0b.settings.columns.__assoc__.1.1.__assoc__.3.0', '"type"');
INSERT INTO public.projectconfig (path, value) VALUES ('fields.d93f6cc8-3554-4692-88db-230dc7d9bf0b.settings.columns.__assoc__.1.1.__assoc__.3.1', '"singleline"');
INSERT INTO public.projectconfig (path, value) VALUES ('fields.d93f6cc8-3554-4692-88db-230dc7d9bf0b.settings.maxRows', '""');
INSERT INTO public.projectconfig (path, value) VALUES ('fields.d93f6cc8-3554-4692-88db-230dc7d9bf0b.settings.minRows', '""');
INSERT INTO public.projectconfig (path, value) VALUES ('fields.d93f6cc8-3554-4692-88db-230dc7d9bf0b.translationKeyFormat', 'null');
INSERT INTO public.projectconfig (path, value) VALUES ('fields.d93f6cc8-3554-4692-88db-230dc7d9bf0b.translationMethod', '"site"');
INSERT INTO public.projectconfig (path, value) VALUES ('fields.d93f6cc8-3554-4692-88db-230dc7d9bf0b.type', '"craft\\fields\\Table"');
INSERT INTO public.projectconfig (path, value) VALUES ('system.name', '"EMO Backend"');
INSERT INTO public.projectconfig (path, value) VALUES ('fields.b615217c-6a31-4d72-bc36-48a81c88be5d.name', '"Anrede"');
INSERT INTO public.projectconfig (path, value) VALUES ('sections.06745480-8d8c-4976-934e-dc80b2ab5632.enableVersioning', 'true');
INSERT INTO public.projectconfig (path, value) VALUES ('sections.06745480-8d8c-4976-934e-dc80b2ab5632.handle', '"events"');
INSERT INTO public.projectconfig (path, value) VALUES ('sections.06745480-8d8c-4976-934e-dc80b2ab5632.name', '"Veranstaltungen"');
INSERT INTO public.projectconfig (path, value) VALUES ('sections.06745480-8d8c-4976-934e-dc80b2ab5632.previewTargets.0.__assoc__.0.0', '"label"');
INSERT INTO public.projectconfig (path, value) VALUES ('sections.06745480-8d8c-4976-934e-dc80b2ab5632.previewTargets.0.__assoc__.0.1', '"Primre eintrag Seite"');
INSERT INTO public.projectconfig (path, value) VALUES ('sections.06745480-8d8c-4976-934e-dc80b2ab5632.previewTargets.0.__assoc__.1.0', '"urlFormat"');
INSERT INTO public.projectconfig (path, value) VALUES ('sections.06745480-8d8c-4976-934e-dc80b2ab5632.previewTargets.0.__assoc__.1.1', '"{url}"');
INSERT INTO public.projectconfig (path, value) VALUES ('sections.06745480-8d8c-4976-934e-dc80b2ab5632.previewTargets.0.__assoc__.2.0', '"refresh"');
INSERT INTO public.projectconfig (path, value) VALUES ('fields.e402c4ce-9e9f-4644-8430-d6229f2d5737.contentColumnType', '"text"');
INSERT INTO public.projectconfig (path, value) VALUES ('fields.e402c4ce-9e9f-4644-8430-d6229f2d5737.fieldGroup', '"e0052448-4c56-4da7-a2b5-d0739570cba1"');
INSERT INTO public.projectconfig (path, value) VALUES ('fields.e402c4ce-9e9f-4644-8430-d6229f2d5737.handle', '"email"');
INSERT INTO public.projectconfig (path, value) VALUES ('fields.e402c4ce-9e9f-4644-8430-d6229f2d5737.instructions', '""');
INSERT INTO public.projectconfig (path, value) VALUES ('fields.e402c4ce-9e9f-4644-8430-d6229f2d5737.name', '"E-Mail"');
INSERT INTO public.projectconfig (path, value) VALUES ('fields.e402c4ce-9e9f-4644-8430-d6229f2d5737.searchable', 'false');
INSERT INTO public.projectconfig (path, value) VALUES ('fields.e402c4ce-9e9f-4644-8430-d6229f2d5737.settings.byteLimit', 'null');
INSERT INTO public.projectconfig (path, value) VALUES ('fields.e402c4ce-9e9f-4644-8430-d6229f2d5737.settings.charLimit', 'null');
INSERT INTO public.projectconfig (path, value) VALUES ('fields.e402c4ce-9e9f-4644-8430-d6229f2d5737.settings.code', '""');
INSERT INTO public.projectconfig (path, value) VALUES ('fields.e402c4ce-9e9f-4644-8430-d6229f2d5737.settings.columnType', 'null');
INSERT INTO public.projectconfig (path, value) VALUES ('fields.e402c4ce-9e9f-4644-8430-d6229f2d5737.settings.initialRows', '"4"');
INSERT INTO public.projectconfig (path, value) VALUES ('fields.e402c4ce-9e9f-4644-8430-d6229f2d5737.settings.multiline', '""');
INSERT INTO public.projectconfig (path, value) VALUES ('fields.e402c4ce-9e9f-4644-8430-d6229f2d5737.settings.placeholder', '"john@doe.de"');
INSERT INTO public.projectconfig (path, value) VALUES ('fields.e402c4ce-9e9f-4644-8430-d6229f2d5737.settings.uiMode', '"normal"');
INSERT INTO public.projectconfig (path, value) VALUES ('fields.e402c4ce-9e9f-4644-8430-d6229f2d5737.translationKeyFormat', 'null');
INSERT INTO public.projectconfig (path, value) VALUES ('fields.e402c4ce-9e9f-4644-8430-d6229f2d5737.translationMethod', '"none"');
INSERT INTO public.projectconfig (path, value) VALUES ('fields.e402c4ce-9e9f-4644-8430-d6229f2d5737.type', '"craft\\fields\\PlainText"');
INSERT INTO public.projectconfig (path, value) VALUES ('sections.f65cbcf7-3ede-40b8-b09e-b3a8e1a4674c.handle', '"downloads"');
INSERT INTO public.projectconfig (path, value) VALUES ('sections.f65cbcf7-3ede-40b8-b09e-b3a8e1a4674c.name', '"Downloads & Medien"');
INSERT INTO public.projectconfig (path, value) VALUES ('sections.f65cbcf7-3ede-40b8-b09e-b3a8e1a4674c.previewTargets.0.__assoc__.0.0', '"label"');
INSERT INTO public.projectconfig (path, value) VALUES ('sections.f65cbcf7-3ede-40b8-b09e-b3a8e1a4674c.previewTargets.0.__assoc__.0.1', '"Primre eintrag Seite"');
INSERT INTO public.projectconfig (path, value) VALUES ('sections.f65cbcf7-3ede-40b8-b09e-b3a8e1a4674c.previewTargets.0.__assoc__.1.0', '"urlFormat"');
INSERT INTO public.projectconfig (path, value) VALUES ('sections.f65cbcf7-3ede-40b8-b09e-b3a8e1a4674c.previewTargets.0.__assoc__.1.1', '"{url}"');
INSERT INTO public.projectconfig (path, value) VALUES ('sections.f65cbcf7-3ede-40b8-b09e-b3a8e1a4674c.previewTargets.0.__assoc__.2.0', '"refresh"');
INSERT INTO public.projectconfig (path, value) VALUES ('sections.f65cbcf7-3ede-40b8-b09e-b3a8e1a4674c.previewTargets.0.__assoc__.2.1', '"1"');
INSERT INTO public.projectconfig (path, value) VALUES ('sections.f65cbcf7-3ede-40b8-b09e-b3a8e1a4674c.propagationMethod', '"all"');
INSERT INTO public.projectconfig (path, value) VALUES ('sections.f65cbcf7-3ede-40b8-b09e-b3a8e1a4674c.siteSettings.34380f2c-988a-43d1-9723-8633250a5237.enabledByDefault', 'true');
INSERT INTO public.projectconfig (path, value) VALUES ('sections.f65cbcf7-3ede-40b8-b09e-b3a8e1a4674c.siteSettings.34380f2c-988a-43d1-9723-8633250a5237.hasUrls', 'true');
INSERT INTO public.projectconfig (path, value) VALUES ('sections.f65cbcf7-3ede-40b8-b09e-b3a8e1a4674c.siteSettings.34380f2c-988a-43d1-9723-8633250a5237.template', 'null');
INSERT INTO public.projectconfig (path, value) VALUES ('sections.f65cbcf7-3ede-40b8-b09e-b3a8e1a4674c.siteSettings.34380f2c-988a-43d1-9723-8633250a5237.uriFormat', '"downloads-medien/{slug}"');
INSERT INTO public.projectconfig (path, value) VALUES ('sections.06745480-8d8c-4976-934e-dc80b2ab5632.previewTargets.0.__assoc__.2.1', '"1"');
INSERT INTO public.projectconfig (path, value) VALUES ('fields.0fe7b7e2-1d66-4533-b80c-3e1b63fce160.contentColumnType', '"datetime"');
INSERT INTO public.projectconfig (path, value) VALUES ('fields.5db55344-b925-4e15-b099-994baba0a7a4.translationKeyFormat', 'null');
INSERT INTO public.projectconfig (path, value) VALUES ('graphql.schemas.3250dc31-0c3c-44aa-80ce-af78d5ac2ad5.scope.7', '"volumes.6d6fb726-ec98-4924-a4c4-0d5e30359a91:read"');
INSERT INTO public.projectconfig (path, value) VALUES ('sections.06745480-8d8c-4976-934e-dc80b2ab5632.propagationMethod', '"all"');
INSERT INTO public.projectconfig (path, value) VALUES ('sections.06745480-8d8c-4976-934e-dc80b2ab5632.siteSettings.34380f2c-988a-43d1-9723-8633250a5237.enabledByDefault', 'true');
INSERT INTO public.projectconfig (path, value) VALUES ('sections.06745480-8d8c-4976-934e-dc80b2ab5632.siteSettings.34380f2c-988a-43d1-9723-8633250a5237.hasUrls', 'true');
INSERT INTO public.projectconfig (path, value) VALUES ('sections.06745480-8d8c-4976-934e-dc80b2ab5632.siteSettings.34380f2c-988a-43d1-9723-8633250a5237.template', 'null');
INSERT INTO public.projectconfig (path, value) VALUES ('sections.06745480-8d8c-4976-934e-dc80b2ab5632.siteSettings.34380f2c-988a-43d1-9723-8633250a5237.uriFormat', '"events/{slug}"');
INSERT INTO public.projectconfig (path, value) VALUES ('sections.06745480-8d8c-4976-934e-dc80b2ab5632.siteSettings.ff97e19b-a38b-48c6-b4a8-4ed14019ec07.enabledByDefault', 'true');
INSERT INTO public.projectconfig (path, value) VALUES ('entryTypes.4926019f-9936-4a51-a84f-38d927e89c25.fieldLayouts.0218e180-021b-4456-a518-adda18fa6acb.tabs.0.elements.0.autocapitalize', 'true');
INSERT INTO public.projectconfig (path, value) VALUES ('entryTypes.4926019f-9936-4a51-a84f-38d927e89c25.fieldLayouts.0218e180-021b-4456-a518-adda18fa6acb.tabs.0.elements.0.autocomplete', 'false');
INSERT INTO public.projectconfig (path, value) VALUES ('entryTypes.4926019f-9936-4a51-a84f-38d927e89c25.fieldLayouts.0218e180-021b-4456-a518-adda18fa6acb.tabs.0.elements.0.autocorrect', 'true');
INSERT INTO public.projectconfig (path, value) VALUES ('entryTypes.4926019f-9936-4a51-a84f-38d927e89c25.fieldLayouts.0218e180-021b-4456-a518-adda18fa6acb.tabs.0.elements.0.class', 'null');
INSERT INTO public.projectconfig (path, value) VALUES ('entryTypes.4926019f-9936-4a51-a84f-38d927e89c25.fieldLayouts.0218e180-021b-4456-a518-adda18fa6acb.tabs.0.elements.0.disabled', 'false');
INSERT INTO public.projectconfig (path, value) VALUES ('entryTypes.4926019f-9936-4a51-a84f-38d927e89c25.fieldLayouts.0218e180-021b-4456-a518-adda18fa6acb.tabs.0.elements.0.id', 'null');
INSERT INTO public.projectconfig (path, value) VALUES ('entryTypes.4926019f-9936-4a51-a84f-38d927e89c25.fieldLayouts.0218e180-021b-4456-a518-adda18fa6acb.tabs.0.elements.0.instructions', 'null');
INSERT INTO public.projectconfig (path, value) VALUES ('entryTypes.4926019f-9936-4a51-a84f-38d927e89c25.fieldLayouts.0218e180-021b-4456-a518-adda18fa6acb.tabs.0.elements.0.label', 'null');
INSERT INTO public.projectconfig (path, value) VALUES ('entryTypes.4926019f-9936-4a51-a84f-38d927e89c25.fieldLayouts.0218e180-021b-4456-a518-adda18fa6acb.tabs.0.elements.0.max', 'null');
INSERT INTO public.projectconfig (path, value) VALUES ('entryTypes.4926019f-9936-4a51-a84f-38d927e89c25.fieldLayouts.0218e180-021b-4456-a518-adda18fa6acb.tabs.0.elements.0.min', 'null');
INSERT INTO public.projectconfig (path, value) VALUES ('entryTypes.4926019f-9936-4a51-a84f-38d927e89c25.fieldLayouts.0218e180-021b-4456-a518-adda18fa6acb.tabs.0.elements.0.name', 'null');
INSERT INTO public.projectconfig (path, value) VALUES ('entryTypes.4926019f-9936-4a51-a84f-38d927e89c25.fieldLayouts.0218e180-021b-4456-a518-adda18fa6acb.tabs.0.elements.0.orientation', 'null');
INSERT INTO public.projectconfig (path, value) VALUES ('entryTypes.4926019f-9936-4a51-a84f-38d927e89c25.fieldLayouts.0218e180-021b-4456-a518-adda18fa6acb.tabs.0.elements.0.placeholder', 'null');
INSERT INTO public.projectconfig (path, value) VALUES ('entryTypes.4926019f-9936-4a51-a84f-38d927e89c25.fieldLayouts.0218e180-021b-4456-a518-adda18fa6acb.tabs.0.elements.0.readonly', 'false');
INSERT INTO public.projectconfig (path, value) VALUES ('entryTypes.4926019f-9936-4a51-a84f-38d927e89c25.fieldLayouts.0218e180-021b-4456-a518-adda18fa6acb.tabs.0.elements.0.requirable', 'false');
INSERT INTO public.projectconfig (path, value) VALUES ('entryTypes.4926019f-9936-4a51-a84f-38d927e89c25.fieldLayouts.0218e180-021b-4456-a518-adda18fa6acb.tabs.0.elements.0.size', 'null');
INSERT INTO public.projectconfig (path, value) VALUES ('entryTypes.4926019f-9936-4a51-a84f-38d927e89c25.fieldLayouts.0218e180-021b-4456-a518-adda18fa6acb.tabs.0.elements.0.step', 'null');
INSERT INTO public.projectconfig (path, value) VALUES ('entryTypes.4926019f-9936-4a51-a84f-38d927e89c25.fieldLayouts.0218e180-021b-4456-a518-adda18fa6acb.tabs.0.elements.0.tip', 'null');
INSERT INTO public.projectconfig (path, value) VALUES ('sections.06745480-8d8c-4976-934e-dc80b2ab5632.siteSettings.ff97e19b-a38b-48c6-b4a8-4ed14019ec07.hasUrls', 'true');
INSERT INTO public.projectconfig (path, value) VALUES ('sections.06745480-8d8c-4976-934e-dc80b2ab5632.siteSettings.ff97e19b-a38b-48c6-b4a8-4ed14019ec07.template', 'null');
INSERT INTO public.projectconfig (path, value) VALUES ('sections.06745480-8d8c-4976-934e-dc80b2ab5632.siteSettings.ff97e19b-a38b-48c6-b4a8-4ed14019ec07.uriFormat', '"events/{slug}"');
INSERT INTO public.projectconfig (path, value) VALUES ('fields.b29474fd-4aaa-4f11-9f8f-eae1269ca9e0.contentColumnType', '"datetime"');
INSERT INTO public.projectconfig (path, value) VALUES ('fields.b29474fd-4aaa-4f11-9f8f-eae1269ca9e0.fieldGroup', '"fb32794f-b761-46ab-b045-7c0821da0010"');
INSERT INTO public.projectconfig (path, value) VALUES ('fields.b29474fd-4aaa-4f11-9f8f-eae1269ca9e0.handle', '"article_date"');
INSERT INTO public.projectconfig (path, value) VALUES ('fields.b29474fd-4aaa-4f11-9f8f-eae1269ca9e0.instructions', '""');
INSERT INTO public.projectconfig (path, value) VALUES ('fields.b29474fd-4aaa-4f11-9f8f-eae1269ca9e0.name', '"Datum"');
INSERT INTO public.projectconfig (path, value) VALUES ('fields.b29474fd-4aaa-4f11-9f8f-eae1269ca9e0.searchable', 'false');
INSERT INTO public.projectconfig (path, value) VALUES ('fields.b29474fd-4aaa-4f11-9f8f-eae1269ca9e0.settings.max', 'null');
INSERT INTO public.projectconfig (path, value) VALUES ('fields.b29474fd-4aaa-4f11-9f8f-eae1269ca9e0.settings.min', 'null');
INSERT INTO public.projectconfig (path, value) VALUES ('fields.b29474fd-4aaa-4f11-9f8f-eae1269ca9e0.settings.minuteIncrement', '"60"');
INSERT INTO public.projectconfig (path, value) VALUES ('fields.b29474fd-4aaa-4f11-9f8f-eae1269ca9e0.settings.showDate', 'true');
INSERT INTO public.projectconfig (path, value) VALUES ('fields.b29474fd-4aaa-4f11-9f8f-eae1269ca9e0.settings.showTime', 'true');
INSERT INTO public.projectconfig (path, value) VALUES ('fields.b29474fd-4aaa-4f11-9f8f-eae1269ca9e0.translationKeyFormat', 'null');
INSERT INTO public.projectconfig (path, value) VALUES ('fields.dced25a8-d4dc-49a1-a4d9-4d7edea2959c.contentColumnType', '"text"');
INSERT INTO public.projectconfig (path, value) VALUES ('sites.ff97e19b-a38b-48c6-b4a8-4ed14019ec07.baseUrl', '"$DE_BASE_URL"');
INSERT INTO public.projectconfig (path, value) VALUES ('sites.ff97e19b-a38b-48c6-b4a8-4ed14019ec07.enabled', 'true');
INSERT INTO public.projectconfig (path, value) VALUES ('sites.ff97e19b-a38b-48c6-b4a8-4ed14019ec07.handle', '"emoDeutsch"');
INSERT INTO public.projectconfig (path, value) VALUES ('sites.ff97e19b-a38b-48c6-b4a8-4ed14019ec07.hasUrls', 'true');
INSERT INTO public.projectconfig (path, value) VALUES ('sites.ff97e19b-a38b-48c6-b4a8-4ed14019ec07.language', '"de"');
INSERT INTO public.projectconfig (path, value) VALUES ('sites.ff97e19b-a38b-48c6-b4a8-4ed14019ec07.name', '"EMO Deutsch"');
INSERT INTO public.projectconfig (path, value) VALUES ('sites.ff97e19b-a38b-48c6-b4a8-4ed14019ec07.primary', 'true');
INSERT INTO public.projectconfig (path, value) VALUES ('sites.ff97e19b-a38b-48c6-b4a8-4ed14019ec07.siteGroup', '"541d1036-b8ff-48fd-b44b-f39fd928f44e"');
INSERT INTO public.projectconfig (path, value) VALUES ('sites.ff97e19b-a38b-48c6-b4a8-4ed14019ec07.sortOrder', '1');
INSERT INTO public.projectconfig (path, value) VALUES ('fields.9ef612f5-8b16-401c-bd20-058431414095.contentColumnType', '"string"');
INSERT INTO public.projectconfig (path, value) VALUES ('fields.9ef612f5-8b16-401c-bd20-058431414095.fieldGroup', '"34b5cb01-0278-41cb-8ac2-1c6d931920cf"');
INSERT INTO public.projectconfig (path, value) VALUES ('fields.9ef612f5-8b16-401c-bd20-058431414095.handle', '"categories"');
INSERT INTO public.projectconfig (path, value) VALUES ('fields.9ef612f5-8b16-401c-bd20-058431414095.instructions', '""');
INSERT INTO public.projectconfig (path, value) VALUES ('fields.9ef612f5-8b16-401c-bd20-058431414095.name', '"Kategorien"');
INSERT INTO public.projectconfig (path, value) VALUES ('fields.9ef612f5-8b16-401c-bd20-058431414095.searchable', 'true');
INSERT INTO public.projectconfig (path, value) VALUES ('fields.9ef612f5-8b16-401c-bd20-058431414095.settings.allowLimit', 'false');
INSERT INTO public.projectconfig (path, value) VALUES ('fields.9ef612f5-8b16-401c-bd20-058431414095.settings.allowMultipleSources', 'false');
INSERT INTO public.projectconfig (path, value) VALUES ('fields.9ef612f5-8b16-401c-bd20-058431414095.settings.allowSelfRelations', 'false');
INSERT INTO public.projectconfig (path, value) VALUES ('fields.9ef612f5-8b16-401c-bd20-058431414095.settings.branchLimit', '""');
INSERT INTO public.projectconfig (path, value) VALUES ('fields.9ef612f5-8b16-401c-bd20-058431414095.settings.limit', 'null');
INSERT INTO public.projectconfig (path, value) VALUES ('fields.9ef612f5-8b16-401c-bd20-058431414095.settings.localizeRelations', 'false');
INSERT INTO public.projectconfig (path, value) VALUES ('fields.9ef612f5-8b16-401c-bd20-058431414095.settings.selectionLabel', '""');
INSERT INTO public.projectconfig (path, value) VALUES ('fields.9ef612f5-8b16-401c-bd20-058431414095.settings.showSiteMenu', 'false');
INSERT INTO public.projectconfig (path, value) VALUES ('fields.9ef612f5-8b16-401c-bd20-058431414095.settings.source', '"group:61b9cdf6-219a-4096-b35b-538d624e1ba9"');
INSERT INTO public.projectconfig (path, value) VALUES ('fields.9ef612f5-8b16-401c-bd20-058431414095.settings.sources', '"*"');
INSERT INTO public.projectconfig (path, value) VALUES ('fields.9ef612f5-8b16-401c-bd20-058431414095.settings.targetSiteId', 'null');
INSERT INTO public.projectconfig (path, value) VALUES ('fields.9ef612f5-8b16-401c-bd20-058431414095.settings.validateRelatedElements', 'false');
INSERT INTO public.projectconfig (path, value) VALUES ('fields.9ef612f5-8b16-401c-bd20-058431414095.settings.viewMode', 'null');
INSERT INTO public.projectconfig (path, value) VALUES ('fields.9ef612f5-8b16-401c-bd20-058431414095.translationKeyFormat', 'null');
INSERT INTO public.projectconfig (path, value) VALUES ('fields.9ef612f5-8b16-401c-bd20-058431414095.translationMethod', '"site"');
INSERT INTO public.projectconfig (path, value) VALUES ('fields.9ef612f5-8b16-401c-bd20-058431414095.type', '"craft\\fields\\Categories"');
INSERT INTO public.projectconfig (path, value) VALUES ('fieldGroups.bd527d51-1e8b-439f-8d9a-e8367987817e.name', '"Meta"');
INSERT INTO public.projectconfig (path, value) VALUES ('fields.38135310-b63d-4169-8f04-6fbbe0404998.contentColumnType', '"string(1600)"');
INSERT INTO public.projectconfig (path, value) VALUES ('fields.38135310-b63d-4169-8f04-6fbbe0404998.fieldGroup', '"bd527d51-1e8b-439f-8d9a-e8367987817e"');
INSERT INTO public.projectconfig (path, value) VALUES ('fields.38135310-b63d-4169-8f04-6fbbe0404998.handle', '"excerpt"');
INSERT INTO public.projectconfig (path, value) VALUES ('fields.38135310-b63d-4169-8f04-6fbbe0404998.instructions', '"Text erscheint in der bersichtsseite"');
INSERT INTO public.projectconfig (path, value) VALUES ('fields.38135310-b63d-4169-8f04-6fbbe0404998.name', '"Teasertext"');
INSERT INTO public.projectconfig (path, value) VALUES ('fields.38135310-b63d-4169-8f04-6fbbe0404998.searchable', 'false');
INSERT INTO public.projectconfig (path, value) VALUES ('fields.38135310-b63d-4169-8f04-6fbbe0404998.settings.byteLimit', 'null');
INSERT INTO public.projectconfig (path, value) VALUES ('fields.38135310-b63d-4169-8f04-6fbbe0404998.settings.charLimit', '400');
INSERT INTO public.projectconfig (path, value) VALUES ('fields.38135310-b63d-4169-8f04-6fbbe0404998.settings.code', '""');
INSERT INTO public.projectconfig (path, value) VALUES ('fields.38135310-b63d-4169-8f04-6fbbe0404998.settings.columnType', 'null');
INSERT INTO public.projectconfig (path, value) VALUES ('fields.38135310-b63d-4169-8f04-6fbbe0404998.settings.initialRows', '"4"');
INSERT INTO public.projectconfig (path, value) VALUES ('fields.38135310-b63d-4169-8f04-6fbbe0404998.settings.multiline', '"1"');
INSERT INTO public.projectconfig (path, value) VALUES ('fields.38135310-b63d-4169-8f04-6fbbe0404998.settings.placeholder', '""');
INSERT INTO public.projectconfig (path, value) VALUES ('fields.38135310-b63d-4169-8f04-6fbbe0404998.settings.uiMode', '"normal"');
INSERT INTO public.projectconfig (path, value) VALUES ('fields.38135310-b63d-4169-8f04-6fbbe0404998.translationKeyFormat', 'null');
INSERT INTO public.projectconfig (path, value) VALUES ('fields.38135310-b63d-4169-8f04-6fbbe0404998.translationMethod', '"none"');
INSERT INTO public.projectconfig (path, value) VALUES ('fields.b615217c-6a31-4d72-bc36-48a81c88be5d.searchable', 'false');
INSERT INTO public.projectconfig (path, value) VALUES ('fields.b615217c-6a31-4d72-bc36-48a81c88be5d.settings.options.0.__assoc__.0.0', '"label"');
INSERT INTO public.projectconfig (path, value) VALUES ('fields.b615217c-6a31-4d72-bc36-48a81c88be5d.settings.options.0.__assoc__.0.1', '"Herr"');
INSERT INTO public.projectconfig (path, value) VALUES ('fields.b615217c-6a31-4d72-bc36-48a81c88be5d.settings.options.0.__assoc__.1.0', '"value"');
INSERT INTO public.projectconfig (path, value) VALUES ('fields.b615217c-6a31-4d72-bc36-48a81c88be5d.settings.options.0.__assoc__.1.1', '"mr"');
INSERT INTO public.projectconfig (path, value) VALUES ('fields.b615217c-6a31-4d72-bc36-48a81c88be5d.settings.options.0.__assoc__.2.0', '"default"');
INSERT INTO public.projectconfig (path, value) VALUES ('fields.38135310-b63d-4169-8f04-6fbbe0404998.type', '"craft\\fields\\PlainText"');
INSERT INTO public.projectconfig (path, value) VALUES ('sections.ea25caf0-a9ce-415f-91f4-7c047d9b1933.enableVersioning', 'true');
INSERT INTO public.projectconfig (path, value) VALUES ('sections.ea25caf0-a9ce-415f-91f4-7c047d9b1933.handle', '"pages"');
INSERT INTO public.projectconfig (path, value) VALUES ('sections.ea25caf0-a9ce-415f-91f4-7c047d9b1933.name', '"Informationsseite"');
INSERT INTO public.projectconfig (path, value) VALUES ('sections.ea25caf0-a9ce-415f-91f4-7c047d9b1933.previewTargets.0.__assoc__.0.0', '"label"');
INSERT INTO public.projectconfig (path, value) VALUES ('sections.ea25caf0-a9ce-415f-91f4-7c047d9b1933.previewTargets.0.__assoc__.0.1', '"Primre eintrag Seite"');
INSERT INTO public.projectconfig (path, value) VALUES ('sections.ea25caf0-a9ce-415f-91f4-7c047d9b1933.previewTargets.0.__assoc__.1.0', '"urlFormat"');
INSERT INTO public.projectconfig (path, value) VALUES ('sections.ea25caf0-a9ce-415f-91f4-7c047d9b1933.previewTargets.0.__assoc__.1.1', '"/p/preview/{slug}"');
INSERT INTO public.projectconfig (path, value) VALUES ('sections.ea25caf0-a9ce-415f-91f4-7c047d9b1933.previewTargets.0.__assoc__.2.0', '"refresh"');
INSERT INTO public.projectconfig (path, value) VALUES ('sections.ea25caf0-a9ce-415f-91f4-7c047d9b1933.previewTargets.0.__assoc__.2.1', '"1"');
INSERT INTO public.projectconfig (path, value) VALUES ('sections.ea25caf0-a9ce-415f-91f4-7c047d9b1933.propagationMethod', '"none"');
INSERT INTO public.projectconfig (path, value) VALUES ('sections.ea25caf0-a9ce-415f-91f4-7c047d9b1933.siteSettings.34380f2c-988a-43d1-9723-8633250a5237.enabledByDefault', 'true');
INSERT INTO public.projectconfig (path, value) VALUES ('sections.ea25caf0-a9ce-415f-91f4-7c047d9b1933.siteSettings.34380f2c-988a-43d1-9723-8633250a5237.hasUrls', 'true');
INSERT INTO public.projectconfig (path, value) VALUES ('sections.ea25caf0-a9ce-415f-91f4-7c047d9b1933.siteSettings.34380f2c-988a-43d1-9723-8633250a5237.template', 'null');
INSERT INTO public.projectconfig (path, value) VALUES ('sections.ea25caf0-a9ce-415f-91f4-7c047d9b1933.siteSettings.34380f2c-988a-43d1-9723-8633250a5237.uriFormat', '"p/{slug}"');
INSERT INTO public.projectconfig (path, value) VALUES ('sections.ea25caf0-a9ce-415f-91f4-7c047d9b1933.siteSettings.ff97e19b-a38b-48c6-b4a8-4ed14019ec07.enabledByDefault', 'true');
INSERT INTO public.projectconfig (path, value) VALUES ('sections.ea25caf0-a9ce-415f-91f4-7c047d9b1933.siteSettings.ff97e19b-a38b-48c6-b4a8-4ed14019ec07.hasUrls', 'true');
INSERT INTO public.projectconfig (path, value) VALUES ('sections.ea25caf0-a9ce-415f-91f4-7c047d9b1933.siteSettings.ff97e19b-a38b-48c6-b4a8-4ed14019ec07.template', 'null');
INSERT INTO public.projectconfig (path, value) VALUES ('sections.ea25caf0-a9ce-415f-91f4-7c047d9b1933.siteSettings.ff97e19b-a38b-48c6-b4a8-4ed14019ec07.uriFormat', '"p/{slug}"');
INSERT INTO public.projectconfig (path, value) VALUES ('sections.ea25caf0-a9ce-415f-91f4-7c047d9b1933.type', '"channel"');
INSERT INTO public.projectconfig (path, value) VALUES ('fields.dced25a8-d4dc-49a1-a4d9-4d7edea2959c.fieldGroup', '"e0052448-4c56-4da7-a2b5-d0739570cba1"');
INSERT INTO public.projectconfig (path, value) VALUES ('fields.dced25a8-d4dc-49a1-a4d9-4d7edea2959c.handle', '"youtube"');
INSERT INTO public.projectconfig (path, value) VALUES ('fields.dced25a8-d4dc-49a1-a4d9-4d7edea2959c.instructions', '""');
INSERT INTO public.projectconfig (path, value) VALUES ('fields.dced25a8-d4dc-49a1-a4d9-4d7edea2959c.name', '"Youtube"');
INSERT INTO public.projectconfig (path, value) VALUES ('fields.dced25a8-d4dc-49a1-a4d9-4d7edea2959c.searchable', 'false');
INSERT INTO public.projectconfig (path, value) VALUES ('fields.dced25a8-d4dc-49a1-a4d9-4d7edea2959c.settings.byteLimit', 'null');
INSERT INTO public.projectconfig (path, value) VALUES ('fields.dced25a8-d4dc-49a1-a4d9-4d7edea2959c.settings.charLimit', 'null');
INSERT INTO public.projectconfig (path, value) VALUES ('fields.dced25a8-d4dc-49a1-a4d9-4d7edea2959c.settings.code', '""');
INSERT INTO public.projectconfig (path, value) VALUES ('fields.dced25a8-d4dc-49a1-a4d9-4d7edea2959c.settings.columnType', 'null');
INSERT INTO public.projectconfig (path, value) VALUES ('fields.dced25a8-d4dc-49a1-a4d9-4d7edea2959c.settings.initialRows', '"4"');
INSERT INTO public.projectconfig (path, value) VALUES ('fields.dced25a8-d4dc-49a1-a4d9-4d7edea2959c.settings.multiline', '""');
INSERT INTO public.projectconfig (path, value) VALUES ('fields.dced25a8-d4dc-49a1-a4d9-4d7edea2959c.settings.placeholder', '"https://www.youtube.com/user/Siemens"');
INSERT INTO public.projectconfig (path, value) VALUES ('fields.dced25a8-d4dc-49a1-a4d9-4d7edea2959c.settings.uiMode', '"normal"');
INSERT INTO public.projectconfig (path, value) VALUES ('fields.dced25a8-d4dc-49a1-a4d9-4d7edea2959c.translationKeyFormat', 'null');
INSERT INTO public.projectconfig (path, value) VALUES ('fieldGroups.46e7d308-41fb-4441-87ee-70fa77295bf7.name', '"Person"');
INSERT INTO public.projectconfig (path, value) VALUES ('fields.dced25a8-d4dc-49a1-a4d9-4d7edea2959c.translationMethod', '"none"');
INSERT INTO public.projectconfig (path, value) VALUES ('entryTypes.0d410440-cbd2-47b2-8a7f-21e7b8afe43e.fieldLayouts.c2bfcb97-5a33-4391-aef6-f939514b2fdf.tabs.0.elements.0.autocapitalize', 'true');
INSERT INTO public.projectconfig (path, value) VALUES ('entryTypes.0d410440-cbd2-47b2-8a7f-21e7b8afe43e.fieldLayouts.c2bfcb97-5a33-4391-aef6-f939514b2fdf.tabs.0.elements.0.autocomplete', 'false');
INSERT INTO public.projectconfig (path, value) VALUES ('entryTypes.0d410440-cbd2-47b2-8a7f-21e7b8afe43e.fieldLayouts.c2bfcb97-5a33-4391-aef6-f939514b2fdf.tabs.0.elements.0.autocorrect', 'true');
INSERT INTO public.projectconfig (path, value) VALUES ('entryTypes.0d410440-cbd2-47b2-8a7f-21e7b8afe43e.fieldLayouts.c2bfcb97-5a33-4391-aef6-f939514b2fdf.tabs.0.elements.0.class', 'null');
INSERT INTO public.projectconfig (path, value) VALUES ('entryTypes.0d410440-cbd2-47b2-8a7f-21e7b8afe43e.fieldLayouts.c2bfcb97-5a33-4391-aef6-f939514b2fdf.tabs.0.elements.0.disabled', 'false');
INSERT INTO public.projectconfig (path, value) VALUES ('entryTypes.0d410440-cbd2-47b2-8a7f-21e7b8afe43e.fieldLayouts.c2bfcb97-5a33-4391-aef6-f939514b2fdf.tabs.0.elements.0.id', 'null');
INSERT INTO public.projectconfig (path, value) VALUES ('entryTypes.0d410440-cbd2-47b2-8a7f-21e7b8afe43e.fieldLayouts.c2bfcb97-5a33-4391-aef6-f939514b2fdf.tabs.0.elements.0.instructions', 'null');
INSERT INTO public.projectconfig (path, value) VALUES ('entryTypes.0d410440-cbd2-47b2-8a7f-21e7b8afe43e.fieldLayouts.c2bfcb97-5a33-4391-aef6-f939514b2fdf.tabs.0.elements.0.label', 'null');
INSERT INTO public.projectconfig (path, value) VALUES ('entryTypes.0d410440-cbd2-47b2-8a7f-21e7b8afe43e.fieldLayouts.c2bfcb97-5a33-4391-aef6-f939514b2fdf.tabs.0.elements.0.max', 'null');
INSERT INTO public.projectconfig (path, value) VALUES ('entryTypes.0d410440-cbd2-47b2-8a7f-21e7b8afe43e.fieldLayouts.c2bfcb97-5a33-4391-aef6-f939514b2fdf.tabs.0.elements.0.min', 'null');
INSERT INTO public.projectconfig (path, value) VALUES ('entryTypes.0d410440-cbd2-47b2-8a7f-21e7b8afe43e.fieldLayouts.c2bfcb97-5a33-4391-aef6-f939514b2fdf.tabs.0.elements.0.name', 'null');
INSERT INTO public.projectconfig (path, value) VALUES ('entryTypes.0d410440-cbd2-47b2-8a7f-21e7b8afe43e.fieldLayouts.c2bfcb97-5a33-4391-aef6-f939514b2fdf.tabs.0.elements.0.orientation', 'null');
INSERT INTO public.projectconfig (path, value) VALUES ('entryTypes.0d410440-cbd2-47b2-8a7f-21e7b8afe43e.fieldLayouts.c2bfcb97-5a33-4391-aef6-f939514b2fdf.tabs.0.elements.0.placeholder', 'null');
INSERT INTO public.projectconfig (path, value) VALUES ('entryTypes.0d410440-cbd2-47b2-8a7f-21e7b8afe43e.fieldLayouts.c2bfcb97-5a33-4391-aef6-f939514b2fdf.tabs.0.elements.0.readonly', 'false');
INSERT INTO public.projectconfig (path, value) VALUES ('entryTypes.0d410440-cbd2-47b2-8a7f-21e7b8afe43e.fieldLayouts.c2bfcb97-5a33-4391-aef6-f939514b2fdf.tabs.0.elements.0.requirable', 'false');
INSERT INTO public.projectconfig (path, value) VALUES ('fields.dced25a8-d4dc-49a1-a4d9-4d7edea2959c.type', '"craft\\fields\\PlainText"');
INSERT INTO public.projectconfig (path, value) VALUES ('fields.d619fc81-496a-4a1b-8f02-4a71c453f5d2.searchable', 'false');
INSERT INTO public.projectconfig (path, value) VALUES ('entryTypes.0d410440-cbd2-47b2-8a7f-21e7b8afe43e.fieldLayouts.c2bfcb97-5a33-4391-aef6-f939514b2fdf.tabs.0.elements.0.size', 'null');
INSERT INTO public.projectconfig (path, value) VALUES ('fields.39780143-51f5-4ce9-b1cf-0a9df42c8055.contentColumnType', '"text"');
INSERT INTO public.projectconfig (path, value) VALUES ('entryTypes.0d410440-cbd2-47b2-8a7f-21e7b8afe43e.fieldLayouts.c2bfcb97-5a33-4391-aef6-f939514b2fdf.tabs.0.elements.0.step', 'null');
INSERT INTO public.projectconfig (path, value) VALUES ('entryTypes.0d410440-cbd2-47b2-8a7f-21e7b8afe43e.fieldLayouts.c2bfcb97-5a33-4391-aef6-f939514b2fdf.tabs.0.elements.0.tip', 'null');
INSERT INTO public.projectconfig (path, value) VALUES ('entryTypes.0d410440-cbd2-47b2-8a7f-21e7b8afe43e.fieldLayouts.c2bfcb97-5a33-4391-aef6-f939514b2fdf.tabs.0.elements.0.title', 'null');
INSERT INTO public.projectconfig (path, value) VALUES ('entryTypes.0d410440-cbd2-47b2-8a7f-21e7b8afe43e.fieldLayouts.c2bfcb97-5a33-4391-aef6-f939514b2fdf.tabs.0.elements.0.type', '"craft\\fieldlayoutelements\\EntryTitleField"');
INSERT INTO public.projectconfig (path, value) VALUES ('entryTypes.0d410440-cbd2-47b2-8a7f-21e7b8afe43e.fieldLayouts.c2bfcb97-5a33-4391-aef6-f939514b2fdf.tabs.0.elements.0.warning', 'null');
INSERT INTO public.projectconfig (path, value) VALUES ('entryTypes.0d410440-cbd2-47b2-8a7f-21e7b8afe43e.fieldLayouts.c2bfcb97-5a33-4391-aef6-f939514b2fdf.tabs.0.elements.0.width', '100');
INSERT INTO public.projectconfig (path, value) VALUES ('entryTypes.0d410440-cbd2-47b2-8a7f-21e7b8afe43e.fieldLayouts.c2bfcb97-5a33-4391-aef6-f939514b2fdf.tabs.0.elements.1.fieldUid', '"a1edddb7-5eaf-4b3a-ac4f-5b58c6494d65"');
INSERT INTO public.projectconfig (path, value) VALUES ('entryTypes.0d410440-cbd2-47b2-8a7f-21e7b8afe43e.fieldLayouts.c2bfcb97-5a33-4391-aef6-f939514b2fdf.tabs.0.elements.1.instructions', 'null');
INSERT INTO public.projectconfig (path, value) VALUES ('entryTypes.0d410440-cbd2-47b2-8a7f-21e7b8afe43e.fieldLayouts.c2bfcb97-5a33-4391-aef6-f939514b2fdf.tabs.0.elements.1.label', 'null');
INSERT INTO public.projectconfig (path, value) VALUES ('entryTypes.0d410440-cbd2-47b2-8a7f-21e7b8afe43e.fieldLayouts.c2bfcb97-5a33-4391-aef6-f939514b2fdf.tabs.0.elements.1.required', 'false');
INSERT INTO public.projectconfig (path, value) VALUES ('entryTypes.0d410440-cbd2-47b2-8a7f-21e7b8afe43e.fieldLayouts.c2bfcb97-5a33-4391-aef6-f939514b2fdf.tabs.0.elements.1.tip', 'null');
INSERT INTO public.projectconfig (path, value) VALUES ('fields.5791152b-3883-4751-9803-a1efd9730f3d.contentColumnType', '"string"');
INSERT INTO public.projectconfig (path, value) VALUES ('system.retryDuration', '30');
INSERT INTO public.projectconfig (path, value) VALUES ('fields.39780143-51f5-4ce9-b1cf-0a9df42c8055.fieldGroup', '"e0052448-4c56-4da7-a2b5-d0739570cba1"');
INSERT INTO public.projectconfig (path, value) VALUES ('fields.39780143-51f5-4ce9-b1cf-0a9df42c8055.handle', '"phone"');
INSERT INTO public.projectconfig (path, value) VALUES ('fields.39780143-51f5-4ce9-b1cf-0a9df42c8055.instructions', '""');
INSERT INTO public.projectconfig (path, value) VALUES ('fields.39780143-51f5-4ce9-b1cf-0a9df42c8055.name', '"Telefon"');
INSERT INTO public.projectconfig (path, value) VALUES ('fields.39780143-51f5-4ce9-b1cf-0a9df42c8055.searchable', 'false');
INSERT INTO public.projectconfig (path, value) VALUES ('fields.39780143-51f5-4ce9-b1cf-0a9df42c8055.settings.byteLimit', 'null');
INSERT INTO public.projectconfig (path, value) VALUES ('fields.39780143-51f5-4ce9-b1cf-0a9df42c8055.settings.charLimit', 'null');
INSERT INTO public.projectconfig (path, value) VALUES ('fields.39780143-51f5-4ce9-b1cf-0a9df42c8055.settings.code', '""');
INSERT INTO public.projectconfig (path, value) VALUES ('fields.39780143-51f5-4ce9-b1cf-0a9df42c8055.settings.columnType', 'null');
INSERT INTO public.projectconfig (path, value) VALUES ('fields.39780143-51f5-4ce9-b1cf-0a9df42c8055.settings.initialRows', '"4"');
INSERT INTO public.projectconfig (path, value) VALUES ('fields.39780143-51f5-4ce9-b1cf-0a9df42c8055.settings.multiline', '""');
INSERT INTO public.projectconfig (path, value) VALUES ('fields.39780143-51f5-4ce9-b1cf-0a9df42c8055.settings.placeholder', '"+49 69 756081-0"');
INSERT INTO public.projectconfig (path, value) VALUES ('fields.39780143-51f5-4ce9-b1cf-0a9df42c8055.settings.uiMode', '"normal"');
INSERT INTO public.projectconfig (path, value) VALUES ('fields.39780143-51f5-4ce9-b1cf-0a9df42c8055.translationKeyFormat', 'null');
INSERT INTO public.projectconfig (path, value) VALUES ('fields.39780143-51f5-4ce9-b1cf-0a9df42c8055.translationMethod', '"none"');
INSERT INTO public.projectconfig (path, value) VALUES ('fields.39780143-51f5-4ce9-b1cf-0a9df42c8055.type', '"craft\\fields\\PlainText"');
INSERT INTO public.projectconfig (path, value) VALUES ('fields.d619fc81-496a-4a1b-8f02-4a71c453f5d2.settings.byteLimit', 'null');
INSERT INTO public.projectconfig (path, value) VALUES ('fields.24403202-e90c-4bf2-9f60-d8b2146f107b.contentColumnType', '"string"');
INSERT INTO public.projectconfig (path, value) VALUES ('fields.24403202-e90c-4bf2-9f60-d8b2146f107b.fieldGroup', '"bd527d51-1e8b-439f-8d9a-e8367987817e"');
INSERT INTO public.projectconfig (path, value) VALUES ('fields.24403202-e90c-4bf2-9f60-d8b2146f107b.handle', '"thumbimage"');
INSERT INTO public.projectconfig (path, value) VALUES ('fields.24403202-e90c-4bf2-9f60-d8b2146f107b.instructions', '""');
INSERT INTO public.projectconfig (path, value) VALUES ('fields.24403202-e90c-4bf2-9f60-d8b2146f107b.name', '"Titelbild"');
INSERT INTO public.projectconfig (path, value) VALUES ('fields.24403202-e90c-4bf2-9f60-d8b2146f107b.searchable', 'false');
INSERT INTO public.projectconfig (path, value) VALUES ('fields.24403202-e90c-4bf2-9f60-d8b2146f107b.settings.allowSelfRelations', 'false');
INSERT INTO public.projectconfig (path, value) VALUES ('fields.24403202-e90c-4bf2-9f60-d8b2146f107b.settings.allowUploads', 'true');
INSERT INTO public.projectconfig (path, value) VALUES ('fields.2b41ab49-178c-4ff2-b65d-fbbe2e33c562.contentColumnType', '"text"');
INSERT INTO public.projectconfig (path, value) VALUES ('categoryGroups.61b9cdf6-219a-4096-b35b-538d624e1ba9.fieldLayouts.655007d3-8586-4e80-96c0-e0c2e201b343.tabs.0.elements.0.autocapitalize', 'true');
INSERT INTO public.projectconfig (path, value) VALUES ('categoryGroups.61b9cdf6-219a-4096-b35b-538d624e1ba9.fieldLayouts.655007d3-8586-4e80-96c0-e0c2e201b343.tabs.0.elements.0.autocomplete', 'false');
INSERT INTO public.projectconfig (path, value) VALUES ('categoryGroups.61b9cdf6-219a-4096-b35b-538d624e1ba9.fieldLayouts.655007d3-8586-4e80-96c0-e0c2e201b343.tabs.0.elements.0.autocorrect', 'true');
INSERT INTO public.projectconfig (path, value) VALUES ('categoryGroups.61b9cdf6-219a-4096-b35b-538d624e1ba9.fieldLayouts.655007d3-8586-4e80-96c0-e0c2e201b343.tabs.0.elements.0.class', 'null');
INSERT INTO public.projectconfig (path, value) VALUES ('categoryGroups.61b9cdf6-219a-4096-b35b-538d624e1ba9.fieldLayouts.655007d3-8586-4e80-96c0-e0c2e201b343.tabs.0.elements.0.disabled', 'false');
INSERT INTO public.projectconfig (path, value) VALUES ('categoryGroups.61b9cdf6-219a-4096-b35b-538d624e1ba9.fieldLayouts.655007d3-8586-4e80-96c0-e0c2e201b343.tabs.0.elements.0.id', 'null');
INSERT INTO public.projectconfig (path, value) VALUES ('categoryGroups.61b9cdf6-219a-4096-b35b-538d624e1ba9.fieldLayouts.655007d3-8586-4e80-96c0-e0c2e201b343.tabs.0.elements.0.instructions', '""');
INSERT INTO public.projectconfig (path, value) VALUES ('categoryGroups.61b9cdf6-219a-4096-b35b-538d624e1ba9.fieldLayouts.655007d3-8586-4e80-96c0-e0c2e201b343.tabs.0.elements.0.label', '""');
INSERT INTO public.projectconfig (path, value) VALUES ('categoryGroups.61b9cdf6-219a-4096-b35b-538d624e1ba9.fieldLayouts.655007d3-8586-4e80-96c0-e0c2e201b343.tabs.0.elements.0.max', 'null');
INSERT INTO public.projectconfig (path, value) VALUES ('categoryGroups.61b9cdf6-219a-4096-b35b-538d624e1ba9.fieldLayouts.655007d3-8586-4e80-96c0-e0c2e201b343.tabs.0.elements.0.min', 'null');
INSERT INTO public.projectconfig (path, value) VALUES ('categoryGroups.61b9cdf6-219a-4096-b35b-538d624e1ba9.fieldLayouts.655007d3-8586-4e80-96c0-e0c2e201b343.tabs.0.elements.0.name', 'null');
INSERT INTO public.projectconfig (path, value) VALUES ('categoryGroups.61b9cdf6-219a-4096-b35b-538d624e1ba9.fieldLayouts.655007d3-8586-4e80-96c0-e0c2e201b343.tabs.0.elements.0.orientation', 'null');
INSERT INTO public.projectconfig (path, value) VALUES ('categoryGroups.61b9cdf6-219a-4096-b35b-538d624e1ba9.fieldLayouts.655007d3-8586-4e80-96c0-e0c2e201b343.tabs.0.elements.0.placeholder', 'null');
INSERT INTO public.projectconfig (path, value) VALUES ('categoryGroups.61b9cdf6-219a-4096-b35b-538d624e1ba9.fieldLayouts.655007d3-8586-4e80-96c0-e0c2e201b343.tabs.0.elements.0.readonly', 'false');
INSERT INTO public.projectconfig (path, value) VALUES ('categoryGroups.61b9cdf6-219a-4096-b35b-538d624e1ba9.fieldLayouts.655007d3-8586-4e80-96c0-e0c2e201b343.tabs.0.elements.0.requirable', 'false');
INSERT INTO public.projectconfig (path, value) VALUES ('categoryGroups.61b9cdf6-219a-4096-b35b-538d624e1ba9.fieldLayouts.655007d3-8586-4e80-96c0-e0c2e201b343.tabs.0.elements.0.size', 'null');
INSERT INTO public.projectconfig (path, value) VALUES ('categoryGroups.61b9cdf6-219a-4096-b35b-538d624e1ba9.fieldLayouts.655007d3-8586-4e80-96c0-e0c2e201b343.tabs.0.elements.0.step', 'null');
INSERT INTO public.projectconfig (path, value) VALUES ('categoryGroups.61b9cdf6-219a-4096-b35b-538d624e1ba9.fieldLayouts.655007d3-8586-4e80-96c0-e0c2e201b343.tabs.0.elements.0.tip', 'null');
INSERT INTO public.projectconfig (path, value) VALUES ('categoryGroups.61b9cdf6-219a-4096-b35b-538d624e1ba9.fieldLayouts.655007d3-8586-4e80-96c0-e0c2e201b343.tabs.0.elements.0.title', 'null');
INSERT INTO public.projectconfig (path, value) VALUES ('categoryGroups.61b9cdf6-219a-4096-b35b-538d624e1ba9.fieldLayouts.655007d3-8586-4e80-96c0-e0c2e201b343.tabs.0.elements.0.type', '"craft\\fieldlayoutelements\\TitleField"');
INSERT INTO public.projectconfig (path, value) VALUES ('categoryGroups.61b9cdf6-219a-4096-b35b-538d624e1ba9.fieldLayouts.655007d3-8586-4e80-96c0-e0c2e201b343.tabs.0.elements.0.warning', 'null');
INSERT INTO public.projectconfig (path, value) VALUES ('categoryGroups.61b9cdf6-219a-4096-b35b-538d624e1ba9.fieldLayouts.655007d3-8586-4e80-96c0-e0c2e201b343.tabs.0.elements.0.width', '100');
INSERT INTO public.projectconfig (path, value) VALUES ('categoryGroups.61b9cdf6-219a-4096-b35b-538d624e1ba9.fieldLayouts.655007d3-8586-4e80-96c0-e0c2e201b343.tabs.0.name', '"Inhalt"');
INSERT INTO public.projectconfig (path, value) VALUES ('categoryGroups.61b9cdf6-219a-4096-b35b-538d624e1ba9.fieldLayouts.655007d3-8586-4e80-96c0-e0c2e201b343.tabs.0.sortOrder', '1');
INSERT INTO public.projectconfig (path, value) VALUES ('categoryGroups.61b9cdf6-219a-4096-b35b-538d624e1ba9.handle', '"categories"');
INSERT INTO public.projectconfig (path, value) VALUES ('categoryGroups.61b9cdf6-219a-4096-b35b-538d624e1ba9.name', '"Kategorie"');
INSERT INTO public.projectconfig (path, value) VALUES ('categoryGroups.61b9cdf6-219a-4096-b35b-538d624e1ba9.siteSettings.34380f2c-988a-43d1-9723-8633250a5237.hasUrls', 'true');
INSERT INTO public.projectconfig (path, value) VALUES ('categoryGroups.61b9cdf6-219a-4096-b35b-538d624e1ba9.siteSettings.34380f2c-988a-43d1-9723-8633250a5237.template', 'null');
INSERT INTO public.projectconfig (path, value) VALUES ('categoryGroups.61b9cdf6-219a-4096-b35b-538d624e1ba9.siteSettings.34380f2c-988a-43d1-9723-8633250a5237.uriFormat', '"kategorie/{slug}"');
INSERT INTO public.projectconfig (path, value) VALUES ('categoryGroups.61b9cdf6-219a-4096-b35b-538d624e1ba9.siteSettings.ff97e19b-a38b-48c6-b4a8-4ed14019ec07.hasUrls', 'true');
INSERT INTO public.projectconfig (path, value) VALUES ('categoryGroups.61b9cdf6-219a-4096-b35b-538d624e1ba9.siteSettings.ff97e19b-a38b-48c6-b4a8-4ed14019ec07.template', 'null');
INSERT INTO public.projectconfig (path, value) VALUES ('categoryGroups.61b9cdf6-219a-4096-b35b-538d624e1ba9.siteSettings.ff97e19b-a38b-48c6-b4a8-4ed14019ec07.uriFormat', '"kategorie/{slug}"');
INSERT INTO public.projectconfig (path, value) VALUES ('categoryGroups.61b9cdf6-219a-4096-b35b-538d624e1ba9.structure.maxLevels', '2');
INSERT INTO public.projectconfig (path, value) VALUES ('categoryGroups.61b9cdf6-219a-4096-b35b-538d624e1ba9.structure.uid', '"cee94a14-2190-4dc1-a129-1ccafd44ed14"');
INSERT INTO public.projectconfig (path, value) VALUES ('fields.2b41ab49-178c-4ff2-b65d-fbbe2e33c562.fieldGroup', '"e0052448-4c56-4da7-a2b5-d0739570cba1"');
INSERT INTO public.projectconfig (path, value) VALUES ('fields.2b41ab49-178c-4ff2-b65d-fbbe2e33c562.handle', '"industryarena"');
INSERT INTO public.projectconfig (path, value) VALUES ('fields.2b41ab49-178c-4ff2-b65d-fbbe2e33c562.instructions', '""');
INSERT INTO public.projectconfig (path, value) VALUES ('fields.2b41ab49-178c-4ff2-b65d-fbbe2e33c562.name', '"IndustryArena"');
INSERT INTO public.projectconfig (path, value) VALUES ('fields.2b41ab49-178c-4ff2-b65d-fbbe2e33c562.searchable', 'false');
INSERT INTO public.projectconfig (path, value) VALUES ('fields.2b41ab49-178c-4ff2-b65d-fbbe2e33c562.settings.byteLimit', 'null');
INSERT INTO public.projectconfig (path, value) VALUES ('fields.2b41ab49-178c-4ff2-b65d-fbbe2e33c562.settings.charLimit', 'null');
INSERT INTO public.projectconfig (path, value) VALUES ('fields.2b41ab49-178c-4ff2-b65d-fbbe2e33c562.settings.code', '""');
INSERT INTO public.projectconfig (path, value) VALUES ('fields.2b41ab49-178c-4ff2-b65d-fbbe2e33c562.settings.columnType', 'null');
INSERT INTO public.projectconfig (path, value) VALUES ('fields.2b41ab49-178c-4ff2-b65d-fbbe2e33c562.settings.initialRows', '"4"');
INSERT INTO public.projectconfig (path, value) VALUES ('fields.2b41ab49-178c-4ff2-b65d-fbbe2e33c562.settings.multiline', '""');
INSERT INTO public.projectconfig (path, value) VALUES ('fields.2b41ab49-178c-4ff2-b65d-fbbe2e33c562.settings.placeholder', '"https://industryarena.com/umati"');
INSERT INTO public.projectconfig (path, value) VALUES ('fields.2b41ab49-178c-4ff2-b65d-fbbe2e33c562.settings.uiMode', '"normal"');
INSERT INTO public.projectconfig (path, value) VALUES ('fields.2b41ab49-178c-4ff2-b65d-fbbe2e33c562.translationKeyFormat', 'null');
INSERT INTO public.projectconfig (path, value) VALUES ('fields.2b41ab49-178c-4ff2-b65d-fbbe2e33c562.translationMethod', '"none"');
INSERT INTO public.projectconfig (path, value) VALUES ('fields.2b41ab49-178c-4ff2-b65d-fbbe2e33c562.type', '"craft\\fields\\PlainText"');
INSERT INTO public.projectconfig (path, value) VALUES ('fields.d619fc81-496a-4a1b-8f02-4a71c453f5d2.settings.charLimit', 'null');
INSERT INTO public.projectconfig (path, value) VALUES ('fields.d619fc81-496a-4a1b-8f02-4a71c453f5d2.settings.code', '""');
INSERT INTO public.projectconfig (path, value) VALUES ('fields.24403202-e90c-4bf2-9f60-d8b2146f107b.settings.allowedKinds', 'null');
INSERT INTO public.projectconfig (path, value) VALUES ('fields.24403202-e90c-4bf2-9f60-d8b2146f107b.settings.defaultUploadLocationSource', '"volume:24c25c8a-80ea-4d24-ad72-d168a19e07cd"');
INSERT INTO public.projectconfig (path, value) VALUES ('fields.24403202-e90c-4bf2-9f60-d8b2146f107b.settings.defaultUploadLocationSubpath', '""');
INSERT INTO public.projectconfig (path, value) VALUES ('fields.24403202-e90c-4bf2-9f60-d8b2146f107b.settings.limit', '"1"');
INSERT INTO public.projectconfig (path, value) VALUES ('fields.24403202-e90c-4bf2-9f60-d8b2146f107b.settings.localizeRelations', 'false');
INSERT INTO public.projectconfig (path, value) VALUES ('fields.24403202-e90c-4bf2-9f60-d8b2146f107b.settings.previewMode', '"full"');
INSERT INTO public.projectconfig (path, value) VALUES ('fields.24403202-e90c-4bf2-9f60-d8b2146f107b.settings.restrictFiles', '""');
INSERT INTO public.projectconfig (path, value) VALUES ('fields.24403202-e90c-4bf2-9f60-d8b2146f107b.settings.selectionLabel', '""');
INSERT INTO public.projectconfig (path, value) VALUES ('fields.d619fc81-496a-4a1b-8f02-4a71c453f5d2.settings.columnType', 'null');
INSERT INTO public.projectconfig (path, value) VALUES ('fields.d619fc81-496a-4a1b-8f02-4a71c453f5d2.settings.initialRows', '"4"');
INSERT INTO public.projectconfig (path, value) VALUES ('fields.d619fc81-496a-4a1b-8f02-4a71c453f5d2.settings.multiline', '""');
INSERT INTO public.projectconfig (path, value) VALUES ('fields.d619fc81-496a-4a1b-8f02-4a71c453f5d2.settings.placeholder', '""');
INSERT INTO public.projectconfig (path, value) VALUES ('fields.d619fc81-496a-4a1b-8f02-4a71c453f5d2.settings.uiMode', '"normal"');
INSERT INTO public.projectconfig (path, value) VALUES ('fields.d619fc81-496a-4a1b-8f02-4a71c453f5d2.translationKeyFormat', 'null');
INSERT INTO public.projectconfig (path, value) VALUES ('fields.d619fc81-496a-4a1b-8f02-4a71c453f5d2.translationMethod', '"none"');
INSERT INTO public.projectconfig (path, value) VALUES ('fields.d619fc81-496a-4a1b-8f02-4a71c453f5d2.type', '"craft\\fields\\PlainText"');
INSERT INTO public.projectconfig (path, value) VALUES ('entryTypes.5f92a88d-eede-41f6-8695-815d1211d2fe.fieldLayouts.fc561d93-5d34-40b4-a588-f309aeb64350.tabs.1.elements.9.fieldUid', '"8d3d3523-0a94-44fa-be0d-11ecb92bdc20"');
INSERT INTO public.projectconfig (path, value) VALUES ('entryTypes.5f92a88d-eede-41f6-8695-815d1211d2fe.fieldLayouts.fc561d93-5d34-40b4-a588-f309aeb64350.tabs.1.elements.9.instructions', 'null');
INSERT INTO public.projectconfig (path, value) VALUES ('entryTypes.5f92a88d-eede-41f6-8695-815d1211d2fe.fieldLayouts.fc561d93-5d34-40b4-a588-f309aeb64350.tabs.1.elements.9.label', 'null');
INSERT INTO public.projectconfig (path, value) VALUES ('entryTypes.5f92a88d-eede-41f6-8695-815d1211d2fe.fieldLayouts.fc561d93-5d34-40b4-a588-f309aeb64350.tabs.1.elements.9.required', 'false');
INSERT INTO public.projectconfig (path, value) VALUES ('entryTypes.5f92a88d-eede-41f6-8695-815d1211d2fe.fieldLayouts.fc561d93-5d34-40b4-a588-f309aeb64350.tabs.1.elements.9.tip', 'null');
INSERT INTO public.projectconfig (path, value) VALUES ('entryTypes.5f92a88d-eede-41f6-8695-815d1211d2fe.fieldLayouts.fc561d93-5d34-40b4-a588-f309aeb64350.tabs.1.elements.9.type', '"craft\\fieldlayoutelements\\CustomField"');
INSERT INTO public.projectconfig (path, value) VALUES ('entryTypes.5f92a88d-eede-41f6-8695-815d1211d2fe.fieldLayouts.fc561d93-5d34-40b4-a588-f309aeb64350.tabs.1.elements.9.warning', 'null');
INSERT INTO public.projectconfig (path, value) VALUES ('entryTypes.5f92a88d-eede-41f6-8695-815d1211d2fe.fieldLayouts.fc561d93-5d34-40b4-a588-f309aeb64350.tabs.1.elements.9.width', '50');
INSERT INTO public.projectconfig (path, value) VALUES ('entryTypes.5f92a88d-eede-41f6-8695-815d1211d2fe.fieldLayouts.fc561d93-5d34-40b4-a588-f309aeb64350.tabs.1.elements.10.fieldUid', '"5db55344-b925-4e15-b099-994baba0a7a4"');
INSERT INTO public.projectconfig (path, value) VALUES ('entryTypes.5f92a88d-eede-41f6-8695-815d1211d2fe.fieldLayouts.fc561d93-5d34-40b4-a588-f309aeb64350.tabs.1.elements.10.instructions', 'null');
INSERT INTO public.projectconfig (path, value) VALUES ('entryTypes.5f92a88d-eede-41f6-8695-815d1211d2fe.fieldLayouts.fc561d93-5d34-40b4-a588-f309aeb64350.tabs.1.elements.10.label', 'null');
INSERT INTO public.projectconfig (path, value) VALUES ('fields.24403202-e90c-4bf2-9f60-d8b2146f107b.settings.showSiteMenu', 'true');
INSERT INTO public.projectconfig (path, value) VALUES ('fields.24403202-e90c-4bf2-9f60-d8b2146f107b.settings.showUnpermittedFiles', 'false');
INSERT INTO public.projectconfig (path, value) VALUES ('entryTypes.5f92a88d-eede-41f6-8695-815d1211d2fe.fieldLayouts.fc561d93-5d34-40b4-a588-f309aeb64350.tabs.1.elements.10.required', 'false');
INSERT INTO public.projectconfig (path, value) VALUES ('entryTypes.5f92a88d-eede-41f6-8695-815d1211d2fe.fieldLayouts.fc561d93-5d34-40b4-a588-f309aeb64350.tabs.1.elements.10.tip', 'null');
INSERT INTO public.projectconfig (path, value) VALUES ('entryTypes.5f92a88d-eede-41f6-8695-815d1211d2fe.fieldLayouts.fc561d93-5d34-40b4-a588-f309aeb64350.tabs.1.elements.10.type', '"craft\\fieldlayoutelements\\CustomField"');
INSERT INTO public.projectconfig (path, value) VALUES ('entryTypes.5f92a88d-eede-41f6-8695-815d1211d2fe.fieldLayouts.fc561d93-5d34-40b4-a588-f309aeb64350.tabs.1.elements.10.warning', 'null');
INSERT INTO public.projectconfig (path, value) VALUES ('entryTypes.5f92a88d-eede-41f6-8695-815d1211d2fe.fieldLayouts.fc561d93-5d34-40b4-a588-f309aeb64350.tabs.1.elements.10.width', '50');
INSERT INTO public.projectconfig (path, value) VALUES ('entryTypes.5f92a88d-eede-41f6-8695-815d1211d2fe.fieldLayouts.fc561d93-5d34-40b4-a588-f309aeb64350.tabs.1.elements.11.heading', '"Kontakt"');
INSERT INTO public.projectconfig (path, value) VALUES ('entryTypes.5f92a88d-eede-41f6-8695-815d1211d2fe.fieldLayouts.fc561d93-5d34-40b4-a588-f309aeb64350.tabs.1.elements.11.type', '"craft\\fieldlayoutelements\\Heading"');
INSERT INTO public.projectconfig (path, value) VALUES ('entryTypes.5f92a88d-eede-41f6-8695-815d1211d2fe.fieldLayouts.fc561d93-5d34-40b4-a588-f309aeb64350.tabs.1.elements.12.fieldUid', '"e402c4ce-9e9f-4644-8430-d6229f2d5737"');
INSERT INTO public.projectconfig (path, value) VALUES ('entryTypes.5f92a88d-eede-41f6-8695-815d1211d2fe.fieldLayouts.fc561d93-5d34-40b4-a588-f309aeb64350.tabs.1.elements.12.instructions', 'null');
INSERT INTO public.projectconfig (path, value) VALUES ('entryTypes.5f92a88d-eede-41f6-8695-815d1211d2fe.fieldLayouts.fc561d93-5d34-40b4-a588-f309aeb64350.tabs.1.elements.12.label', 'null');
INSERT INTO public.projectconfig (path, value) VALUES ('entryTypes.5f92a88d-eede-41f6-8695-815d1211d2fe.fieldLayouts.fc561d93-5d34-40b4-a588-f309aeb64350.tabs.1.elements.12.required', 'false');
INSERT INTO public.projectconfig (path, value) VALUES ('sections.06745480-8d8c-4976-934e-dc80b2ab5632.type', '"channel"');
INSERT INTO public.projectconfig (path, value) VALUES ('entryTypes.5f92a88d-eede-41f6-8695-815d1211d2fe.fieldLayouts.fc561d93-5d34-40b4-a588-f309aeb64350.tabs.1.elements.12.tip', 'null');
INSERT INTO public.projectconfig (path, value) VALUES ('entryTypes.5f92a88d-eede-41f6-8695-815d1211d2fe.fieldLayouts.fc561d93-5d34-40b4-a588-f309aeb64350.tabs.1.elements.12.type', '"craft\\fieldlayoutelements\\CustomField"');
INSERT INTO public.projectconfig (path, value) VALUES ('entryTypes.5f92a88d-eede-41f6-8695-815d1211d2fe.fieldLayouts.fc561d93-5d34-40b4-a588-f309aeb64350.tabs.1.elements.12.warning', 'null');
INSERT INTO public.projectconfig (path, value) VALUES ('entryTypes.5f92a88d-eede-41f6-8695-815d1211d2fe.fieldLayouts.fc561d93-5d34-40b4-a588-f309aeb64350.tabs.1.elements.12.width', '50');
INSERT INTO public.projectconfig (path, value) VALUES ('entryTypes.5f92a88d-eede-41f6-8695-815d1211d2fe.fieldLayouts.fc561d93-5d34-40b4-a588-f309aeb64350.tabs.1.elements.13.fieldUid', '"39780143-51f5-4ce9-b1cf-0a9df42c8055"');
INSERT INTO public.projectconfig (path, value) VALUES ('entryTypes.5f92a88d-eede-41f6-8695-815d1211d2fe.fieldLayouts.fc561d93-5d34-40b4-a588-f309aeb64350.tabs.1.elements.13.instructions', 'null');
INSERT INTO public.projectconfig (path, value) VALUES ('entryTypes.5f92a88d-eede-41f6-8695-815d1211d2fe.fieldLayouts.fc561d93-5d34-40b4-a588-f309aeb64350.tabs.1.elements.13.label', 'null');
INSERT INTO public.projectconfig (path, value) VALUES ('entryTypes.5f92a88d-eede-41f6-8695-815d1211d2fe.fieldLayouts.fc561d93-5d34-40b4-a588-f309aeb64350.tabs.1.elements.13.required', 'false');
INSERT INTO public.projectconfig (path, value) VALUES ('entryTypes.5f92a88d-eede-41f6-8695-815d1211d2fe.fieldLayouts.fc561d93-5d34-40b4-a588-f309aeb64350.tabs.1.elements.13.tip', 'null');
INSERT INTO public.projectconfig (path, value) VALUES ('entryTypes.5f92a88d-eede-41f6-8695-815d1211d2fe.fieldLayouts.fc561d93-5d34-40b4-a588-f309aeb64350.tabs.1.elements.13.type', '"craft\\fieldlayoutelements\\CustomField"');
INSERT INTO public.projectconfig (path, value) VALUES ('entryTypes.5f92a88d-eede-41f6-8695-815d1211d2fe.fieldLayouts.fc561d93-5d34-40b4-a588-f309aeb64350.tabs.1.elements.13.warning', 'null');
INSERT INTO public.projectconfig (path, value) VALUES ('system.schemaVersion', '"3.6.1"');
INSERT INTO public.projectconfig (path, value) VALUES ('system.timeZone', '"UTC"');
INSERT INTO public.projectconfig (path, value) VALUES ('fields.24403202-e90c-4bf2-9f60-d8b2146f107b.settings.showUnpermittedVolumes', 'false');
INSERT INTO public.projectconfig (path, value) VALUES ('fields.10d914df-e824-4c0b-97c8-84c984dd0258.contentColumnType', '"string"');
INSERT INTO public.projectconfig (path, value) VALUES ('fields.10d914df-e824-4c0b-97c8-84c984dd0258.fieldGroup', '"34b5cb01-0278-41cb-8ac2-1c6d931920cf"');
INSERT INTO public.projectconfig (path, value) VALUES ('fields.10d914df-e824-4c0b-97c8-84c984dd0258.handle', '"tags"');
INSERT INTO public.projectconfig (path, value) VALUES ('fields.10d914df-e824-4c0b-97c8-84c984dd0258.instructions', '""');
INSERT INTO public.projectconfig (path, value) VALUES ('fields.10d914df-e824-4c0b-97c8-84c984dd0258.name', '"Tags"');
INSERT INTO public.projectconfig (path, value) VALUES ('fields.10d914df-e824-4c0b-97c8-84c984dd0258.searchable', 'true');
INSERT INTO public.projectconfig (path, value) VALUES ('fields.10d914df-e824-4c0b-97c8-84c984dd0258.settings.allowLimit', 'false');
INSERT INTO public.projectconfig (path, value) VALUES ('fields.10d914df-e824-4c0b-97c8-84c984dd0258.settings.allowMultipleSources', 'false');
INSERT INTO public.projectconfig (path, value) VALUES ('fields.10d914df-e824-4c0b-97c8-84c984dd0258.settings.allowSelfRelations', 'false');
INSERT INTO public.projectconfig (path, value) VALUES ('fields.10d914df-e824-4c0b-97c8-84c984dd0258.settings.branchLimit', '""');
INSERT INTO public.projectconfig (path, value) VALUES ('fields.10d914df-e824-4c0b-97c8-84c984dd0258.settings.limit', 'null');
INSERT INTO public.projectconfig (path, value) VALUES ('fields.10d914df-e824-4c0b-97c8-84c984dd0258.settings.localizeRelations', 'false');
INSERT INTO public.projectconfig (path, value) VALUES ('fields.10d914df-e824-4c0b-97c8-84c984dd0258.settings.selectionLabel', '""');
INSERT INTO public.projectconfig (path, value) VALUES ('fields.10d914df-e824-4c0b-97c8-84c984dd0258.settings.showSiteMenu', 'false');
INSERT INTO public.projectconfig (path, value) VALUES ('fields.10d914df-e824-4c0b-97c8-84c984dd0258.settings.source', '"group:68aee50b-ea3a-4325-aed3-211fef3f4db3"');
INSERT INTO public.projectconfig (path, value) VALUES ('fields.10d914df-e824-4c0b-97c8-84c984dd0258.settings.sources', '"*"');
INSERT INTO public.projectconfig (path, value) VALUES ('fields.10d914df-e824-4c0b-97c8-84c984dd0258.settings.targetSiteId', 'null');
INSERT INTO public.projectconfig (path, value) VALUES ('fields.a6d20208-15f2-493d-8a54-0adae2193700.contentColumnType', '"text"');
INSERT INTO public.projectconfig (path, value) VALUES ('fields.a6d20208-15f2-493d-8a54-0adae2193700.fieldGroup', '"ca6b85ed-e3a8-4acc-953d-6400dde26c06"');
INSERT INTO public.projectconfig (path, value) VALUES ('fields.a6d20208-15f2-493d-8a54-0adae2193700.handle', '"vdw_auftrag"');
INSERT INTO public.projectconfig (path, value) VALUES ('fields.a6d20208-15f2-493d-8a54-0adae2193700.instructions', '""');
INSERT INTO public.projectconfig (path, value) VALUES ('fields.a6d20208-15f2-493d-8a54-0adae2193700.name', '"VDW_AUFTRAG"');
INSERT INTO public.projectconfig (path, value) VALUES ('fields.dd5974d9-ec7e-426b-aba0-2a01563861f4.contentColumnType', '"string"');
INSERT INTO public.projectconfig (path, value) VALUES ('fields.dd5974d9-ec7e-426b-aba0-2a01563861f4.fieldGroup', '"1409bb4a-dc75-44ba-99c9-5234616c4ab7"');
INSERT INTO public.projectconfig (path, value) VALUES ('fields.dd5974d9-ec7e-426b-aba0-2a01563861f4.handle', '"persons"');
INSERT INTO public.projectconfig (path, value) VALUES ('fields.dd5974d9-ec7e-426b-aba0-2a01563861f4.instructions', '""');
INSERT INTO public.projectconfig (path, value) VALUES ('fields.dd5974d9-ec7e-426b-aba0-2a01563861f4.name', '"Personen"');
INSERT INTO public.projectconfig (path, value) VALUES ('fields.dd5974d9-ec7e-426b-aba0-2a01563861f4.searchable', 'false');
INSERT INTO public.projectconfig (path, value) VALUES ('fields.dd5974d9-ec7e-426b-aba0-2a01563861f4.settings.allowSelfRelations', 'false');
INSERT INTO public.projectconfig (path, value) VALUES ('fields.dd5974d9-ec7e-426b-aba0-2a01563861f4.settings.limit', '""');
INSERT INTO public.projectconfig (path, value) VALUES ('fields.dd5974d9-ec7e-426b-aba0-2a01563861f4.settings.localizeRelations', 'false');
INSERT INTO public.projectconfig (path, value) VALUES ('fields.dd5974d9-ec7e-426b-aba0-2a01563861f4.settings.selectionLabel', '""');
INSERT INTO public.projectconfig (path, value) VALUES ('fields.dd5974d9-ec7e-426b-aba0-2a01563861f4.settings.showSiteMenu', 'false');
INSERT INTO public.projectconfig (path, value) VALUES ('fields.dd5974d9-ec7e-426b-aba0-2a01563861f4.settings.source', 'null');
INSERT INTO public.projectconfig (path, value) VALUES ('fields.dd5974d9-ec7e-426b-aba0-2a01563861f4.settings.sources.0', '"section:0daaa545-d1a0-4655-a507-2bac8b560f1d"');
INSERT INTO public.projectconfig (path, value) VALUES ('fields.dd5974d9-ec7e-426b-aba0-2a01563861f4.settings.targetSiteId', 'null');
INSERT INTO public.projectconfig (path, value) VALUES ('fields.a6d20208-15f2-493d-8a54-0adae2193700.searchable', 'false');
INSERT INTO public.projectconfig (path, value) VALUES ('fields.a6d20208-15f2-493d-8a54-0adae2193700.settings.byteLimit', 'null');
INSERT INTO public.projectconfig (path, value) VALUES ('fields.a6d20208-15f2-493d-8a54-0adae2193700.settings.charLimit', 'null');
INSERT INTO public.projectconfig (path, value) VALUES ('fields.a6d20208-15f2-493d-8a54-0adae2193700.settings.code', '""');
INSERT INTO public.projectconfig (path, value) VALUES ('fields.a6d20208-15f2-493d-8a54-0adae2193700.settings.columnType', 'null');
INSERT INTO public.projectconfig (path, value) VALUES ('fields.a6d20208-15f2-493d-8a54-0adae2193700.settings.initialRows', '"4"');
INSERT INTO public.projectconfig (path, value) VALUES ('fields.a6d20208-15f2-493d-8a54-0adae2193700.settings.multiline', '""');
INSERT INTO public.projectconfig (path, value) VALUES ('fields.a6d20208-15f2-493d-8a54-0adae2193700.settings.placeholder', '""');
INSERT INTO public.projectconfig (path, value) VALUES ('fields.a6d20208-15f2-493d-8a54-0adae2193700.settings.uiMode', '"normal"');
INSERT INTO public.projectconfig (path, value) VALUES ('fields.a6d20208-15f2-493d-8a54-0adae2193700.translationKeyFormat', 'null');
INSERT INTO public.projectconfig (path, value) VALUES ('fields.a6d20208-15f2-493d-8a54-0adae2193700.translationMethod', '"none"');
INSERT INTO public.projectconfig (path, value) VALUES ('fields.a6d20208-15f2-493d-8a54-0adae2193700.type', '"craft\\fields\\PlainText"');
INSERT INTO public.projectconfig (path, value) VALUES ('entryTypes.5f92a88d-eede-41f6-8695-815d1211d2fe.fieldLayouts.fc561d93-5d34-40b4-a588-f309aeb64350.tabs.1.elements.13.width', '50');
INSERT INTO public.projectconfig (path, value) VALUES ('fields.10d914df-e824-4c0b-97c8-84c984dd0258.settings.validateRelatedElements', 'false');
INSERT INTO public.projectconfig (path, value) VALUES ('fields.10d914df-e824-4c0b-97c8-84c984dd0258.settings.viewMode', 'null');
INSERT INTO public.projectconfig (path, value) VALUES ('fields.10d914df-e824-4c0b-97c8-84c984dd0258.translationKeyFormat', 'null');
INSERT INTO public.projectconfig (path, value) VALUES ('fields.10d914df-e824-4c0b-97c8-84c984dd0258.translationMethod', '"site"');
INSERT INTO public.projectconfig (path, value) VALUES ('fields.10d914df-e824-4c0b-97c8-84c984dd0258.type', '"craft\\fields\\Categories"');
INSERT INTO public.projectconfig (path, value) VALUES ('entryTypes.5f92a88d-eede-41f6-8695-815d1211d2fe.fieldLayouts.fc561d93-5d34-40b4-a588-f309aeb64350.tabs.1.elements.14.fieldUid', '"c85c285d-0701-44db-b2a7-306dd269680c"');
INSERT INTO public.projectconfig (path, value) VALUES ('entryTypes.5f92a88d-eede-41f6-8695-815d1211d2fe.fieldLayouts.fc561d93-5d34-40b4-a588-f309aeb64350.tabs.1.elements.14.instructions', 'null');
INSERT INTO public.projectconfig (path, value) VALUES ('entryTypes.5f92a88d-eede-41f6-8695-815d1211d2fe.fieldLayouts.fc561d93-5d34-40b4-a588-f309aeb64350.tabs.1.elements.14.label', 'null');
INSERT INTO public.projectconfig (path, value) VALUES ('entryTypes.5f92a88d-eede-41f6-8695-815d1211d2fe.fieldLayouts.fc561d93-5d34-40b4-a588-f309aeb64350.tabs.1.elements.14.required', 'false');
INSERT INTO public.projectconfig (path, value) VALUES ('entryTypes.5f92a88d-eede-41f6-8695-815d1211d2fe.fieldLayouts.fc561d93-5d34-40b4-a588-f309aeb64350.tabs.1.elements.14.tip', 'null');
INSERT INTO public.projectconfig (path, value) VALUES ('entryTypes.5f92a88d-eede-41f6-8695-815d1211d2fe.fieldLayouts.fc561d93-5d34-40b4-a588-f309aeb64350.tabs.1.elements.14.type', '"craft\\fieldlayoutelements\\CustomField"');
INSERT INTO public.projectconfig (path, value) VALUES ('entryTypes.5f92a88d-eede-41f6-8695-815d1211d2fe.fieldLayouts.fc561d93-5d34-40b4-a588-f309aeb64350.tabs.1.elements.14.warning', 'null');
INSERT INTO public.projectconfig (path, value) VALUES ('entryTypes.5f92a88d-eede-41f6-8695-815d1211d2fe.fieldLayouts.fc561d93-5d34-40b4-a588-f309aeb64350.tabs.1.elements.14.width', '50');
INSERT INTO public.projectconfig (path, value) VALUES ('entryTypes.5f92a88d-eede-41f6-8695-815d1211d2fe.fieldLayouts.fc561d93-5d34-40b4-a588-f309aeb64350.tabs.1.elements.15.fieldUid', '"52b46a5b-3bc7-4eb4-a2c5-4372222a1c9f"');
INSERT INTO public.projectconfig (path, value) VALUES ('entryTypes.5f92a88d-eede-41f6-8695-815d1211d2fe.fieldLayouts.fc561d93-5d34-40b4-a588-f309aeb64350.tabs.1.elements.15.instructions', 'null');
INSERT INTO public.projectconfig (path, value) VALUES ('entryTypes.5f92a88d-eede-41f6-8695-815d1211d2fe.fieldLayouts.fc561d93-5d34-40b4-a588-f309aeb64350.tabs.1.elements.15.label', 'null');
INSERT INTO public.projectconfig (path, value) VALUES ('entryTypes.5f92a88d-eede-41f6-8695-815d1211d2fe.fieldLayouts.fc561d93-5d34-40b4-a588-f309aeb64350.tabs.1.elements.15.required', 'false');
INSERT INTO public.projectconfig (path, value) VALUES ('entryTypes.5f92a88d-eede-41f6-8695-815d1211d2fe.fieldLayouts.fc561d93-5d34-40b4-a588-f309aeb64350.tabs.1.elements.15.tip', 'null');
INSERT INTO public.projectconfig (path, value) VALUES ('sections.f65cbcf7-3ede-40b8-b09e-b3a8e1a4674c.siteSettings.ff97e19b-a38b-48c6-b4a8-4ed14019ec07.enabledByDefault', 'true');
INSERT INTO public.projectconfig (path, value) VALUES ('categoryGroups.68aee50b-ea3a-4325-aed3-211fef3f4db3.fieldLayouts.a65f7e44-24f6-4456-92b9-32d7ea6766e1.tabs.0.elements.0.autocapitalize', 'true');
INSERT INTO public.projectconfig (path, value) VALUES ('categoryGroups.68aee50b-ea3a-4325-aed3-211fef3f4db3.fieldLayouts.a65f7e44-24f6-4456-92b9-32d7ea6766e1.tabs.0.elements.0.autocomplete', 'false');
INSERT INTO public.projectconfig (path, value) VALUES ('categoryGroups.68aee50b-ea3a-4325-aed3-211fef3f4db3.fieldLayouts.a65f7e44-24f6-4456-92b9-32d7ea6766e1.tabs.0.elements.0.autocorrect', 'true');
INSERT INTO public.projectconfig (path, value) VALUES ('categoryGroups.68aee50b-ea3a-4325-aed3-211fef3f4db3.fieldLayouts.a65f7e44-24f6-4456-92b9-32d7ea6766e1.tabs.0.elements.0.class', 'null');
INSERT INTO public.projectconfig (path, value) VALUES ('categoryGroups.68aee50b-ea3a-4325-aed3-211fef3f4db3.fieldLayouts.a65f7e44-24f6-4456-92b9-32d7ea6766e1.tabs.0.elements.0.disabled', 'false');
INSERT INTO public.projectconfig (path, value) VALUES ('categoryGroups.68aee50b-ea3a-4325-aed3-211fef3f4db3.fieldLayouts.a65f7e44-24f6-4456-92b9-32d7ea6766e1.tabs.0.elements.0.id', 'null');
INSERT INTO public.projectconfig (path, value) VALUES ('categoryGroups.68aee50b-ea3a-4325-aed3-211fef3f4db3.fieldLayouts.a65f7e44-24f6-4456-92b9-32d7ea6766e1.tabs.0.elements.0.instructions', 'null');
INSERT INTO public.projectconfig (path, value) VALUES ('categoryGroups.68aee50b-ea3a-4325-aed3-211fef3f4db3.fieldLayouts.a65f7e44-24f6-4456-92b9-32d7ea6766e1.tabs.0.elements.0.label', 'null');
INSERT INTO public.projectconfig (path, value) VALUES ('categoryGroups.68aee50b-ea3a-4325-aed3-211fef3f4db3.fieldLayouts.a65f7e44-24f6-4456-92b9-32d7ea6766e1.tabs.0.elements.0.max', 'null');
INSERT INTO public.projectconfig (path, value) VALUES ('categoryGroups.68aee50b-ea3a-4325-aed3-211fef3f4db3.fieldLayouts.a65f7e44-24f6-4456-92b9-32d7ea6766e1.tabs.0.elements.0.min', 'null');
INSERT INTO public.projectconfig (path, value) VALUES ('categoryGroups.68aee50b-ea3a-4325-aed3-211fef3f4db3.fieldLayouts.a65f7e44-24f6-4456-92b9-32d7ea6766e1.tabs.0.elements.0.name', 'null');
INSERT INTO public.projectconfig (path, value) VALUES ('categoryGroups.68aee50b-ea3a-4325-aed3-211fef3f4db3.fieldLayouts.a65f7e44-24f6-4456-92b9-32d7ea6766e1.tabs.0.elements.0.orientation', 'null');
INSERT INTO public.projectconfig (path, value) VALUES ('categoryGroups.68aee50b-ea3a-4325-aed3-211fef3f4db3.fieldLayouts.a65f7e44-24f6-4456-92b9-32d7ea6766e1.tabs.0.elements.0.placeholder', 'null');
INSERT INTO public.projectconfig (path, value) VALUES ('categoryGroups.68aee50b-ea3a-4325-aed3-211fef3f4db3.fieldLayouts.a65f7e44-24f6-4456-92b9-32d7ea6766e1.tabs.0.elements.0.readonly', 'false');
INSERT INTO public.projectconfig (path, value) VALUES ('categoryGroups.68aee50b-ea3a-4325-aed3-211fef3f4db3.fieldLayouts.a65f7e44-24f6-4456-92b9-32d7ea6766e1.tabs.0.elements.0.requirable', 'false');
INSERT INTO public.projectconfig (path, value) VALUES ('categoryGroups.68aee50b-ea3a-4325-aed3-211fef3f4db3.fieldLayouts.a65f7e44-24f6-4456-92b9-32d7ea6766e1.tabs.0.elements.0.size', 'null');
INSERT INTO public.projectconfig (path, value) VALUES ('fields.68317155-d437-4b8a-a640-382a9092e553.contentColumnType', '"smallint(4)"');
INSERT INTO public.projectconfig (path, value) VALUES ('fields.68317155-d437-4b8a-a640-382a9092e553.fieldGroup', '"ca6b85ed-e3a8-4acc-953d-6400dde26c06"');
INSERT INTO public.projectconfig (path, value) VALUES ('fields.68317155-d437-4b8a-a640-382a9092e553.handle', '"event_year"');
INSERT INTO public.projectconfig (path, value) VALUES ('fields.68317155-d437-4b8a-a640-382a9092e553.instructions', '""');
INSERT INTO public.projectconfig (path, value) VALUES ('fields.68317155-d437-4b8a-a640-382a9092e553.name', '"Veranstaltungsjahr"');
INSERT INTO public.projectconfig (path, value) VALUES ('fields.68317155-d437-4b8a-a640-382a9092e553.searchable', 'false');
INSERT INTO public.projectconfig (path, value) VALUES ('fields.68317155-d437-4b8a-a640-382a9092e553.settings.decimals', '0');
INSERT INTO public.projectconfig (path, value) VALUES ('fields.68317155-d437-4b8a-a640-382a9092e553.settings.defaultValue', '"2019"');
INSERT INTO public.projectconfig (path, value) VALUES ('fields.68317155-d437-4b8a-a640-382a9092e553.settings.max', '"2060"');
INSERT INTO public.projectconfig (path, value) VALUES ('fields.68317155-d437-4b8a-a640-382a9092e553.settings.min', '"2018"');
INSERT INTO public.projectconfig (path, value) VALUES ('fields.68317155-d437-4b8a-a640-382a9092e553.settings.prefix', '""');
INSERT INTO public.projectconfig (path, value) VALUES ('fields.68317155-d437-4b8a-a640-382a9092e553.settings.previewCurrency', '""');
INSERT INTO public.projectconfig (path, value) VALUES ('fields.68317155-d437-4b8a-a640-382a9092e553.settings.previewFormat', '"decimal"');
INSERT INTO public.projectconfig (path, value) VALUES ('fields.68317155-d437-4b8a-a640-382a9092e553.settings.size', 'null');
INSERT INTO public.projectconfig (path, value) VALUES ('fields.68317155-d437-4b8a-a640-382a9092e553.settings.suffix', '""');
INSERT INTO public.projectconfig (path, value) VALUES ('fields.68317155-d437-4b8a-a640-382a9092e553.translationKeyFormat', 'null');
INSERT INTO public.projectconfig (path, value) VALUES ('fields.68317155-d437-4b8a-a640-382a9092e553.translationMethod', '"none"');
INSERT INTO public.projectconfig (path, value) VALUES ('fields.68317155-d437-4b8a-a640-382a9092e553.type', '"craft\\fields\\Number"');
INSERT INTO public.projectconfig (path, value) VALUES ('entryTypes.5f92a88d-eede-41f6-8695-815d1211d2fe.fieldLayouts.fc561d93-5d34-40b4-a588-f309aeb64350.tabs.1.elements.15.type', '"craft\\fieldlayoutelements\\CustomField"');
INSERT INTO public.projectconfig (path, value) VALUES ('entryTypes.5f92a88d-eede-41f6-8695-815d1211d2fe.fieldLayouts.fc561d93-5d34-40b4-a588-f309aeb64350.tabs.1.elements.15.warning', 'null');
INSERT INTO public.projectconfig (path, value) VALUES ('entryTypes.5f92a88d-eede-41f6-8695-815d1211d2fe.fieldLayouts.fc561d93-5d34-40b4-a588-f309aeb64350.tabs.1.elements.15.width', '50');
INSERT INTO public.projectconfig (path, value) VALUES ('entryTypes.5f92a88d-eede-41f6-8695-815d1211d2fe.fieldLayouts.fc561d93-5d34-40b4-a588-f309aeb64350.tabs.1.name', '"Firma"');
INSERT INTO public.projectconfig (path, value) VALUES ('sections.0daaa545-d1a0-4655-a507-2bac8b560f1d.enableVersioning', 'true');
INSERT INTO public.projectconfig (path, value) VALUES ('sections.0daaa545-d1a0-4655-a507-2bac8b560f1d.handle', '"persons"');
INSERT INTO public.projectconfig (path, value) VALUES ('sections.0daaa545-d1a0-4655-a507-2bac8b560f1d.name', '"Personen"');
INSERT INTO public.projectconfig (path, value) VALUES ('sections.0daaa545-d1a0-4655-a507-2bac8b560f1d.previewTargets.0.__assoc__.0.0', '"label"');
INSERT INTO public.projectconfig (path, value) VALUES ('sections.0daaa545-d1a0-4655-a507-2bac8b560f1d.previewTargets.0.__assoc__.0.1', '"Primre eintrag Seite"');
INSERT INTO public.projectconfig (path, value) VALUES ('sections.0daaa545-d1a0-4655-a507-2bac8b560f1d.previewTargets.0.__assoc__.1.0', '"urlFormat"');
INSERT INTO public.projectconfig (path, value) VALUES ('sections.0daaa545-d1a0-4655-a507-2bac8b560f1d.previewTargets.0.__assoc__.1.1', '"{url}"');
INSERT INTO public.projectconfig (path, value) VALUES ('sections.0daaa545-d1a0-4655-a507-2bac8b560f1d.previewTargets.0.__assoc__.2.0', '"refresh"');
INSERT INTO public.projectconfig (path, value) VALUES ('sections.0daaa545-d1a0-4655-a507-2bac8b560f1d.previewTargets.0.__assoc__.2.1', '"1"');
INSERT INTO public.projectconfig (path, value) VALUES ('sections.0daaa545-d1a0-4655-a507-2bac8b560f1d.propagationMethod', '"all"');
INSERT INTO public.projectconfig (path, value) VALUES ('sections.0daaa545-d1a0-4655-a507-2bac8b560f1d.siteSettings.34380f2c-988a-43d1-9723-8633250a5237.enabledByDefault', 'true');
INSERT INTO public.projectconfig (path, value) VALUES ('sections.0daaa545-d1a0-4655-a507-2bac8b560f1d.siteSettings.34380f2c-988a-43d1-9723-8633250a5237.hasUrls', 'true');
INSERT INTO public.projectconfig (path, value) VALUES ('sections.0daaa545-d1a0-4655-a507-2bac8b560f1d.siteSettings.34380f2c-988a-43d1-9723-8633250a5237.template', 'null');
INSERT INTO public.projectconfig (path, value) VALUES ('sections.0daaa545-d1a0-4655-a507-2bac8b560f1d.siteSettings.34380f2c-988a-43d1-9723-8633250a5237.uriFormat', '"personen/{slug}"');
INSERT INTO public.projectconfig (path, value) VALUES ('sections.0daaa545-d1a0-4655-a507-2bac8b560f1d.siteSettings.ff97e19b-a38b-48c6-b4a8-4ed14019ec07.enabledByDefault', 'true');
INSERT INTO public.projectconfig (path, value) VALUES ('sections.0daaa545-d1a0-4655-a507-2bac8b560f1d.siteSettings.ff97e19b-a38b-48c6-b4a8-4ed14019ec07.hasUrls', 'true');
INSERT INTO public.projectconfig (path, value) VALUES ('sections.0daaa545-d1a0-4655-a507-2bac8b560f1d.siteSettings.ff97e19b-a38b-48c6-b4a8-4ed14019ec07.template', 'null');
INSERT INTO public.projectconfig (path, value) VALUES ('sections.0daaa545-d1a0-4655-a507-2bac8b560f1d.siteSettings.ff97e19b-a38b-48c6-b4a8-4ed14019ec07.uriFormat', '"personen/{slug}"');
INSERT INTO public.projectconfig (path, value) VALUES ('sections.0daaa545-d1a0-4655-a507-2bac8b560f1d.type', '"channel"');
INSERT INTO public.projectconfig (path, value) VALUES ('entryTypes.5f92a88d-eede-41f6-8695-815d1211d2fe.fieldLayouts.fc561d93-5d34-40b4-a588-f309aeb64350.tabs.1.sortOrder', '2');
INSERT INTO public.projectconfig (path, value) VALUES ('entryTypes.5f92a88d-eede-41f6-8695-815d1211d2fe.fieldLayouts.fc561d93-5d34-40b4-a588-f309aeb64350.tabs.2.elements.0.fieldUid', '"d619fc81-496a-4a1b-8f02-4a71c453f5d2"');
INSERT INTO public.projectconfig (path, value) VALUES ('graphql.publicToken.enabled', 'true');
INSERT INTO public.projectconfig (path, value) VALUES ('graphql.publicToken.expiryDate', 'null');
INSERT INTO public.projectconfig (path, value) VALUES ('categoryGroups.68aee50b-ea3a-4325-aed3-211fef3f4db3.fieldLayouts.a65f7e44-24f6-4456-92b9-32d7ea6766e1.tabs.0.elements.0.step', 'null');
INSERT INTO public.projectconfig (path, value) VALUES ('categoryGroups.68aee50b-ea3a-4325-aed3-211fef3f4db3.fieldLayouts.a65f7e44-24f6-4456-92b9-32d7ea6766e1.tabs.0.elements.0.tip', 'null');
INSERT INTO public.projectconfig (path, value) VALUES ('categoryGroups.68aee50b-ea3a-4325-aed3-211fef3f4db3.fieldLayouts.a65f7e44-24f6-4456-92b9-32d7ea6766e1.tabs.0.elements.0.title', 'null');
INSERT INTO public.projectconfig (path, value) VALUES ('fields.e95bbf80-2274-41dc-b724-b2a404d796de.contentColumnType', '"string(640)"');
INSERT INTO public.projectconfig (path, value) VALUES ('fields.e95bbf80-2274-41dc-b724-b2a404d796de.fieldGroup', '"1bc07f3f-1822-42db-aaf9-aa04909a62d1"');
INSERT INTO public.projectconfig (path, value) VALUES ('fields.e95bbf80-2274-41dc-b724-b2a404d796de.handle', '"meta_description"');
INSERT INTO public.projectconfig (path, value) VALUES ('fields.e95bbf80-2274-41dc-b724-b2a404d796de.instructions', '"Kurze Zusammenfassung des Inhalts, die in den Suchergebnissen von Suchmaschinen angezeigt wird. Die Beschreibung soll Besucher/innen zu verstehen zu geben, was sich hinter dem Ergebnis verbirgt."');
INSERT INTO public.projectconfig (path, value) VALUES ('plugins.redactor.edition', '"standard"');
INSERT INTO public.projectconfig (path, value) VALUES ('plugins.redactor.enabled', 'true');
INSERT INTO public.projectconfig (path, value) VALUES ('plugins.redactor.schemaVersion', '"2.3.0"');
INSERT INTO public.projectconfig (path, value) VALUES ('fields.b615217c-6a31-4d72-bc36-48a81c88be5d.settings.options.0.__assoc__.2.1', '"1"');
INSERT INTO public.projectconfig (path, value) VALUES ('fields.b615217c-6a31-4d72-bc36-48a81c88be5d.settings.options.1.__assoc__.0.0', '"label"');
INSERT INTO public.projectconfig (path, value) VALUES ('fields.b615217c-6a31-4d72-bc36-48a81c88be5d.settings.options.1.__assoc__.0.1', '"Frau"');
INSERT INTO public.projectconfig (path, value) VALUES ('fields.b615217c-6a31-4d72-bc36-48a81c88be5d.settings.options.1.__assoc__.1.0', '"value"');
INSERT INTO public.projectconfig (path, value) VALUES ('fields.b615217c-6a31-4d72-bc36-48a81c88be5d.settings.options.1.__assoc__.1.1', '"mrs"');
INSERT INTO public.projectconfig (path, value) VALUES ('fields.b615217c-6a31-4d72-bc36-48a81c88be5d.settings.options.1.__assoc__.2.0', '"default"');
INSERT INTO public.projectconfig (path, value) VALUES ('fields.b615217c-6a31-4d72-bc36-48a81c88be5d.settings.options.1.__assoc__.2.1', '""');
INSERT INTO public.projectconfig (path, value) VALUES ('fields.b615217c-6a31-4d72-bc36-48a81c88be5d.translationKeyFormat', 'null');
INSERT INTO public.projectconfig (path, value) VALUES ('fields.b615217c-6a31-4d72-bc36-48a81c88be5d.translationMethod', '"none"');
INSERT INTO public.projectconfig (path, value) VALUES ('fields.5db55344-b925-4e15-b099-994baba0a7a4.translationMethod', '"none"');
INSERT INTO public.projectconfig (path, value) VALUES ('fields.5db55344-b925-4e15-b099-994baba0a7a4.type', '"craft\\fields\\PlainText"');
INSERT INTO public.projectconfig (path, value) VALUES ('fields.b615217c-6a31-4d72-bc36-48a81c88be5d.type', '"craft\\fields\\RadioButtons"');
INSERT INTO public.projectconfig (path, value) VALUES ('fields.92b7aba3-37db-44f6-bfb9-b7b63fb33ce9.settings.options.9.__assoc__.2.1', '""');
INSERT INTO public.projectconfig (path, value) VALUES ('fields.92b7aba3-37db-44f6-bfb9-b7b63fb33ce9.settings.options.10.__assoc__.0.0', '"label"');
INSERT INTO public.projectconfig (path, value) VALUES ('fields.92b7aba3-37db-44f6-bfb9-b7b63fb33ce9.settings.options.10.__assoc__.0.1', '"Andere berufliche Stellung"');
INSERT INTO public.projectconfig (path, value) VALUES ('fields.92b7aba3-37db-44f6-bfb9-b7b63fb33ce9.settings.options.10.__assoc__.1.0', '"value"');
INSERT INTO public.projectconfig (path, value) VALUES ('fields.92b7aba3-37db-44f6-bfb9-b7b63fb33ce9.settings.options.10.__assoc__.1.1', '"andereBeruflicheStellung"');
INSERT INTO public.projectconfig (path, value) VALUES ('fields.92b7aba3-37db-44f6-bfb9-b7b63fb33ce9.settings.options.10.__assoc__.2.0', '"default"');
INSERT INTO public.projectconfig (path, value) VALUES ('fields.92b7aba3-37db-44f6-bfb9-b7b63fb33ce9.settings.options.10.__assoc__.2.1', '""');
INSERT INTO public.projectconfig (path, value) VALUES ('fields.92b7aba3-37db-44f6-bfb9-b7b63fb33ce9.settings.options.11.__assoc__.0.0', '"label"');
INSERT INTO public.projectconfig (path, value) VALUES ('fields.92b7aba3-37db-44f6-bfb9-b7b63fb33ce9.settings.options.11.__assoc__.0.1', '"Schler"');
INSERT INTO public.projectconfig (path, value) VALUES ('fields.92b7aba3-37db-44f6-bfb9-b7b63fb33ce9.settings.options.11.__assoc__.1.0', '"value"');
INSERT INTO public.projectconfig (path, value) VALUES ('fields.92b7aba3-37db-44f6-bfb9-b7b63fb33ce9.settings.options.11.__assoc__.1.1', '"schueler"');
INSERT INTO public.projectconfig (path, value) VALUES ('fields.92b7aba3-37db-44f6-bfb9-b7b63fb33ce9.settings.options.11.__assoc__.2.0', '"default"');
INSERT INTO public.projectconfig (path, value) VALUES ('fields.92b7aba3-37db-44f6-bfb9-b7b63fb33ce9.settings.options.11.__assoc__.2.1', '""');
INSERT INTO public.projectconfig (path, value) VALUES ('fields.92b7aba3-37db-44f6-bfb9-b7b63fb33ce9.settings.options.12.__assoc__.0.0', '"label"');
INSERT INTO public.projectconfig (path, value) VALUES ('fields.e61e3323-bb6b-466f-9f03-1a5c39d1605b.contentColumnType', '"text"');
INSERT INTO public.projectconfig (path, value) VALUES ('fields.e61e3323-bb6b-466f-9f03-1a5c39d1605b.fieldGroup', '"e0052448-4c56-4da7-a2b5-d0739570cba1"');
INSERT INTO public.projectconfig (path, value) VALUES ('fields.e61e3323-bb6b-466f-9f03-1a5c39d1605b.handle', '"twitter"');
INSERT INTO public.projectconfig (path, value) VALUES ('fields.e61e3323-bb6b-466f-9f03-1a5c39d1605b.instructions', '""');
INSERT INTO public.projectconfig (path, value) VALUES ('fields.92b7aba3-37db-44f6-bfb9-b7b63fb33ce9.settings.options.12.__assoc__.0.1', '"Student"');
INSERT INTO public.projectconfig (path, value) VALUES ('fields.92b7aba3-37db-44f6-bfb9-b7b63fb33ce9.settings.options.12.__assoc__.1.0', '"value"');
INSERT INTO public.projectconfig (path, value) VALUES ('fields.92b7aba3-37db-44f6-bfb9-b7b63fb33ce9.settings.options.12.__assoc__.1.1', '"student"');
INSERT INTO public.projectconfig (path, value) VALUES ('fields.92b7aba3-37db-44f6-bfb9-b7b63fb33ce9.settings.options.12.__assoc__.2.0', '"default"');
INSERT INTO public.projectconfig (path, value) VALUES ('fields.92b7aba3-37db-44f6-bfb9-b7b63fb33ce9.settings.options.12.__assoc__.2.1', '""');
INSERT INTO public.projectconfig (path, value) VALUES ('fields.92b7aba3-37db-44f6-bfb9-b7b63fb33ce9.settings.options.13.__assoc__.0.0', '"label"');
INSERT INTO public.projectconfig (path, value) VALUES ('fields.92b7aba3-37db-44f6-bfb9-b7b63fb33ce9.settings.options.13.__assoc__.0.1', '"Nicht berufsttig"');
INSERT INTO public.projectconfig (path, value) VALUES ('fields.92b7aba3-37db-44f6-bfb9-b7b63fb33ce9.settings.options.13.__assoc__.1.0', '"value"');
INSERT INTO public.projectconfig (path, value) VALUES ('fields.92b7aba3-37db-44f6-bfb9-b7b63fb33ce9.settings.options.13.__assoc__.1.1', '"nichtBerufstaetig"');
INSERT INTO public.projectconfig (path, value) VALUES ('fields.92b7aba3-37db-44f6-bfb9-b7b63fb33ce9.settings.options.13.__assoc__.2.0', '"default"');
INSERT INTO public.projectconfig (path, value) VALUES ('fields.92b7aba3-37db-44f6-bfb9-b7b63fb33ce9.settings.options.13.__assoc__.2.1', '""');
INSERT INTO public.projectconfig (path, value) VALUES ('fields.92b7aba3-37db-44f6-bfb9-b7b63fb33ce9.translationKeyFormat', 'null');
INSERT INTO public.projectconfig (path, value) VALUES ('fields.92b7aba3-37db-44f6-bfb9-b7b63fb33ce9.translationMethod', '"none"');
INSERT INTO public.projectconfig (path, value) VALUES ('fields.92b7aba3-37db-44f6-bfb9-b7b63fb33ce9.type', '"craft\\fields\\Dropdown"');
INSERT INTO public.projectconfig (path, value) VALUES ('fields.531d4f4f-7561-416d-a5f2-116a484ad6ff.fieldGroup', '"46e7d308-41fb-4441-87ee-70fa77295bf7"');
INSERT INTO public.projectconfig (path, value) VALUES ('fields.531d4f4f-7561-416d-a5f2-116a484ad6ff.handle', '"person_email"');
INSERT INTO public.projectconfig (path, value) VALUES ('fields.531d4f4f-7561-416d-a5f2-116a484ad6ff.instructions', '""');
INSERT INTO public.projectconfig (path, value) VALUES ('fields.531d4f4f-7561-416d-a5f2-116a484ad6ff.name', '"E-Mail"');
INSERT INTO public.projectconfig (path, value) VALUES ('fields.531d4f4f-7561-416d-a5f2-116a484ad6ff.searchable', 'false');
INSERT INTO public.projectconfig (path, value) VALUES ('fields.531d4f4f-7561-416d-a5f2-116a484ad6ff.settings.byteLimit', 'null');
INSERT INTO public.projectconfig (path, value) VALUES ('fields.531d4f4f-7561-416d-a5f2-116a484ad6ff.settings.charLimit', 'null');
INSERT INTO public.projectconfig (path, value) VALUES ('fields.531d4f4f-7561-416d-a5f2-116a484ad6ff.settings.code', '""');
INSERT INTO public.projectconfig (path, value) VALUES ('fields.531d4f4f-7561-416d-a5f2-116a484ad6ff.settings.columnType', 'null');
INSERT INTO public.projectconfig (path, value) VALUES ('fields.531d4f4f-7561-416d-a5f2-116a484ad6ff.settings.initialRows', '"4"');
INSERT INTO public.projectconfig (path, value) VALUES ('fields.531d4f4f-7561-416d-a5f2-116a484ad6ff.settings.multiline', '""');
INSERT INTO public.projectconfig (path, value) VALUES ('fields.531d4f4f-7561-416d-a5f2-116a484ad6ff.settings.placeholder', '""');
INSERT INTO public.projectconfig (path, value) VALUES ('fields.531d4f4f-7561-416d-a5f2-116a484ad6ff.settings.uiMode', '"normal"');
INSERT INTO public.projectconfig (path, value) VALUES ('fields.531d4f4f-7561-416d-a5f2-116a484ad6ff.translationKeyFormat', 'null');
INSERT INTO public.projectconfig (path, value) VALUES ('fields.531d4f4f-7561-416d-a5f2-116a484ad6ff.translationMethod', '"none"');
INSERT INTO public.projectconfig (path, value) VALUES ('fields.531d4f4f-7561-416d-a5f2-116a484ad6ff.type', '"craft\\fields\\PlainText"');
INSERT INTO public.projectconfig (path, value) VALUES ('fields.0157ca30-ec6c-42c5-8869-589c4bf6965f.contentColumnType', '"text"');
INSERT INTO public.projectconfig (path, value) VALUES ('fields.0157ca30-ec6c-42c5-8869-589c4bf6965f.fieldGroup', '"46e7d308-41fb-4441-87ee-70fa77295bf7"');
INSERT INTO public.projectconfig (path, value) VALUES ('fields.0157ca30-ec6c-42c5-8869-589c4bf6965f.handle', '"person_lastname"');
INSERT INTO public.projectconfig (path, value) VALUES ('fields.0157ca30-ec6c-42c5-8869-589c4bf6965f.instructions', '""');
INSERT INTO public.projectconfig (path, value) VALUES ('fields.0157ca30-ec6c-42c5-8869-589c4bf6965f.name', '"Nachname"');
INSERT INTO public.projectconfig (path, value) VALUES ('entryTypes.0d410440-cbd2-47b2-8a7f-21e7b8afe43e.fieldLayouts.c2bfcb97-5a33-4391-aef6-f939514b2fdf.tabs.0.elements.1.type', '"craft\\fieldlayoutelements\\CustomField"');
INSERT INTO public.projectconfig (path, value) VALUES ('entryTypes.0d410440-cbd2-47b2-8a7f-21e7b8afe43e.fieldLayouts.c2bfcb97-5a33-4391-aef6-f939514b2fdf.tabs.0.elements.1.warning', 'null');
INSERT INTO public.projectconfig (path, value) VALUES ('entryTypes.0d410440-cbd2-47b2-8a7f-21e7b8afe43e.fieldLayouts.c2bfcb97-5a33-4391-aef6-f939514b2fdf.tabs.0.elements.1.width', '50');
INSERT INTO public.projectconfig (path, value) VALUES ('sections.1b0aae41-58ef-4c4b-8749-6e8a8c98221d.enableVersioning', 'false');
INSERT INTO public.projectconfig (path, value) VALUES ('sections.1b0aae41-58ef-4c4b-8749-6e8a8c98221d.handle', '"exhibitors"');
INSERT INTO public.projectconfig (path, value) VALUES ('sections.1b0aae41-58ef-4c4b-8749-6e8a8c98221d.name', '"Aussteller"');
INSERT INTO public.projectconfig (path, value) VALUES ('sections.1b0aae41-58ef-4c4b-8749-6e8a8c98221d.previewTargets.0.__assoc__.0.0', '"label"');
INSERT INTO public.projectconfig (path, value) VALUES ('sections.1b0aae41-58ef-4c4b-8749-6e8a8c98221d.previewTargets.0.__assoc__.0.1', '"Primre eintrag Seite"');
INSERT INTO public.projectconfig (path, value) VALUES ('sections.1b0aae41-58ef-4c4b-8749-6e8a8c98221d.previewTargets.0.__assoc__.1.0', '"urlFormat"');
INSERT INTO public.projectconfig (path, value) VALUES ('sections.1b0aae41-58ef-4c4b-8749-6e8a8c98221d.previewTargets.0.__assoc__.1.1', '"{url}"');
INSERT INTO public.projectconfig (path, value) VALUES ('sections.1b0aae41-58ef-4c4b-8749-6e8a8c98221d.previewTargets.0.__assoc__.2.0', '"refresh"');
INSERT INTO public.projectconfig (path, value) VALUES ('fields.6b846f7f-9152-4526-813f-a931a421c454.contentColumnType', '"text"');
INSERT INTO public.projectconfig (path, value) VALUES ('fields.6b846f7f-9152-4526-813f-a931a421c454.fieldGroup', '"46e7d308-41fb-4441-87ee-70fa77295bf7"');
INSERT INTO public.projectconfig (path, value) VALUES ('fields.6b846f7f-9152-4526-813f-a931a421c454.handle', '"person_title"');
INSERT INTO public.projectconfig (path, value) VALUES ('fields.6b846f7f-9152-4526-813f-a931a421c454.instructions', '""');
INSERT INTO public.projectconfig (path, value) VALUES ('fields.6b846f7f-9152-4526-813f-a931a421c454.name', '"Titel"');
INSERT INTO public.projectconfig (path, value) VALUES ('fields.6b846f7f-9152-4526-813f-a931a421c454.searchable', 'false');
INSERT INTO public.projectconfig (path, value) VALUES ('fields.6b846f7f-9152-4526-813f-a931a421c454.settings.byteLimit', 'null');
INSERT INTO public.projectconfig (path, value) VALUES ('fields.6b846f7f-9152-4526-813f-a931a421c454.settings.charLimit', 'null');
INSERT INTO public.projectconfig (path, value) VALUES ('fields.6b846f7f-9152-4526-813f-a931a421c454.settings.code', '""');
INSERT INTO public.projectconfig (path, value) VALUES ('fields.6b846f7f-9152-4526-813f-a931a421c454.settings.columnType', 'null');
INSERT INTO public.projectconfig (path, value) VALUES ('sections.1b0aae41-58ef-4c4b-8749-6e8a8c98221d.previewTargets.0.__assoc__.2.1', '"1"');
INSERT INTO public.projectconfig (path, value) VALUES ('sections.1b0aae41-58ef-4c4b-8749-6e8a8c98221d.propagationMethod', '"all"');
INSERT INTO public.projectconfig (path, value) VALUES ('sections.1b0aae41-58ef-4c4b-8749-6e8a8c98221d.siteSettings.34380f2c-988a-43d1-9723-8633250a5237.enabledByDefault', 'true');
INSERT INTO public.projectconfig (path, value) VALUES ('fields.6b846f7f-9152-4526-813f-a931a421c454.settings.initialRows', '"4"');
INSERT INTO public.projectconfig (path, value) VALUES ('fields.6b846f7f-9152-4526-813f-a931a421c454.settings.multiline', '""');
INSERT INTO public.projectconfig (path, value) VALUES ('fields.6b846f7f-9152-4526-813f-a931a421c454.settings.placeholder', '""');
INSERT INTO public.projectconfig (path, value) VALUES ('fields.6b846f7f-9152-4526-813f-a931a421c454.settings.uiMode', '"normal"');
INSERT INTO public.projectconfig (path, value) VALUES ('fields.6b846f7f-9152-4526-813f-a931a421c454.translationKeyFormat', 'null');
INSERT INTO public.projectconfig (path, value) VALUES ('fields.6b846f7f-9152-4526-813f-a931a421c454.translationMethod', '"none"');
INSERT INTO public.projectconfig (path, value) VALUES ('fields.6b846f7f-9152-4526-813f-a931a421c454.type', '"craft\\fields\\PlainText"');
INSERT INTO public.projectconfig (path, value) VALUES ('fields.e61e3323-bb6b-466f-9f03-1a5c39d1605b.name', '"Twitter"');
INSERT INTO public.projectconfig (path, value) VALUES ('fields.e61e3323-bb6b-466f-9f03-1a5c39d1605b.searchable', 'false');
INSERT INTO public.projectconfig (path, value) VALUES ('fields.e61e3323-bb6b-466f-9f03-1a5c39d1605b.settings.byteLimit', 'null');
INSERT INTO public.projectconfig (path, value) VALUES ('fields.e61e3323-bb6b-466f-9f03-1a5c39d1605b.settings.charLimit', 'null');
INSERT INTO public.projectconfig (path, value) VALUES ('fields.e61e3323-bb6b-466f-9f03-1a5c39d1605b.settings.code', '""');
INSERT INTO public.projectconfig (path, value) VALUES ('fields.e61e3323-bb6b-466f-9f03-1a5c39d1605b.settings.columnType', 'null');
INSERT INTO public.projectconfig (path, value) VALUES ('fields.e61e3323-bb6b-466f-9f03-1a5c39d1605b.settings.initialRows', '"4"');
INSERT INTO public.projectconfig (path, value) VALUES ('fields.e61e3323-bb6b-466f-9f03-1a5c39d1605b.settings.multiline', '""');
INSERT INTO public.projectconfig (path, value) VALUES ('fields.e61e3323-bb6b-466f-9f03-1a5c39d1605b.settings.placeholder', '"https://twitter.com/bremen_de"');
INSERT INTO public.projectconfig (path, value) VALUES ('fields.e61e3323-bb6b-466f-9f03-1a5c39d1605b.settings.uiMode', '"normal"');
INSERT INTO public.projectconfig (path, value) VALUES ('fields.e61e3323-bb6b-466f-9f03-1a5c39d1605b.translationKeyFormat', 'null');
INSERT INTO public.projectconfig (path, value) VALUES ('fields.e61e3323-bb6b-466f-9f03-1a5c39d1605b.translationMethod', '"none"');
INSERT INTO public.projectconfig (path, value) VALUES ('fields.e61e3323-bb6b-466f-9f03-1a5c39d1605b.type', '"craft\\fields\\PlainText"');
INSERT INTO public.projectconfig (path, value) VALUES ('sections.1b0aae41-58ef-4c4b-8749-6e8a8c98221d.siteSettings.34380f2c-988a-43d1-9723-8633250a5237.hasUrls', 'true');
INSERT INTO public.projectconfig (path, value) VALUES ('sections.1b0aae41-58ef-4c4b-8749-6e8a8c98221d.siteSettings.34380f2c-988a-43d1-9723-8633250a5237.template', 'null');
INSERT INTO public.projectconfig (path, value) VALUES ('sections.1b0aae41-58ef-4c4b-8749-6e8a8c98221d.siteSettings.34380f2c-988a-43d1-9723-8633250a5237.uriFormat', '"exhibitors/{slug}"');
INSERT INTO public.projectconfig (path, value) VALUES ('sections.1b0aae41-58ef-4c4b-8749-6e8a8c98221d.siteSettings.ff97e19b-a38b-48c6-b4a8-4ed14019ec07.enabledByDefault', 'true');
INSERT INTO public.projectconfig (path, value) VALUES ('sections.1b0aae41-58ef-4c4b-8749-6e8a8c98221d.siteSettings.ff97e19b-a38b-48c6-b4a8-4ed14019ec07.hasUrls', 'true');
INSERT INTO public.projectconfig (path, value) VALUES ('sections.1b0aae41-58ef-4c4b-8749-6e8a8c98221d.siteSettings.ff97e19b-a38b-48c6-b4a8-4ed14019ec07.template', 'null');
INSERT INTO public.projectconfig (path, value) VALUES ('sections.1b0aae41-58ef-4c4b-8749-6e8a8c98221d.siteSettings.ff97e19b-a38b-48c6-b4a8-4ed14019ec07.uriFormat', '"aussteller/{slug}"');
INSERT INTO public.projectconfig (path, value) VALUES ('sections.1b0aae41-58ef-4c4b-8749-6e8a8c98221d.type', '"channel"');
INSERT INTO public.projectconfig (path, value) VALUES ('fields.5db55344-b925-4e15-b099-994baba0a7a4.contentColumnType', '"string(8)"');
INSERT INTO public.projectconfig (path, value) VALUES ('fields.5db55344-b925-4e15-b099-994baba0a7a4.fieldGroup', '"1d55be6c-f0ae-45f5-91a7-6a4a464d109e"');
INSERT INTO public.projectconfig (path, value) VALUES ('fields.5db55344-b925-4e15-b099-994baba0a7a4.handle', '"address_country"');
INSERT INTO public.projectconfig (path, value) VALUES ('fields.5db55344-b925-4e15-b099-994baba0a7a4.instructions', '"Kurzwahl nutzen, siehe https://de.wikipedia.org/wiki/ISO-3166-1-Kodierliste (Bsp. AT = sterreich, Vereinigte Staaten = US)"');
INSERT INTO public.projectconfig (path, value) VALUES ('fields.5db55344-b925-4e15-b099-994baba0a7a4.name', '"Land"');
INSERT INTO public.projectconfig (path, value) VALUES ('fields.5db55344-b925-4e15-b099-994baba0a7a4.searchable', 'false');
INSERT INTO public.projectconfig (path, value) VALUES ('fields.5db55344-b925-4e15-b099-994baba0a7a4.settings.byteLimit', 'null');
INSERT INTO public.projectconfig (path, value) VALUES ('fields.5db55344-b925-4e15-b099-994baba0a7a4.settings.charLimit', '2');
INSERT INTO public.projectconfig (path, value) VALUES ('fields.5db55344-b925-4e15-b099-994baba0a7a4.settings.code', '""');
INSERT INTO public.projectconfig (path, value) VALUES ('fields.5db55344-b925-4e15-b099-994baba0a7a4.settings.columnType', 'null');
INSERT INTO public.projectconfig (path, value) VALUES ('fields.5db55344-b925-4e15-b099-994baba0a7a4.settings.initialRows', '"4"');
INSERT INTO public.projectconfig (path, value) VALUES ('fields.5db55344-b925-4e15-b099-994baba0a7a4.settings.multiline', '""');
INSERT INTO public.projectconfig (path, value) VALUES ('fields.5db55344-b925-4e15-b099-994baba0a7a4.settings.placeholder', '""');
INSERT INTO public.projectconfig (path, value) VALUES ('fields.5db55344-b925-4e15-b099-994baba0a7a4.settings.uiMode', '"normal"');
INSERT INTO public.projectconfig (path, value) VALUES ('entryTypes.0d410440-cbd2-47b2-8a7f-21e7b8afe43e.fieldLayouts.c2bfcb97-5a33-4391-aef6-f939514b2fdf.tabs.0.elements.2.fieldUid', '"24403202-e90c-4bf2-9f60-d8b2146f107b"');
INSERT INTO public.projectconfig (path, value) VALUES ('entryTypes.f2313657-ca71-492d-9931-0f1a1c49cdce.fieldLayouts.bc02eba3-888e-4833-9396-af64dae92bee.tabs.0.elements.0.autocapitalize', 'true');
INSERT INTO public.projectconfig (path, value) VALUES ('entryTypes.f2313657-ca71-492d-9931-0f1a1c49cdce.fieldLayouts.bc02eba3-888e-4833-9396-af64dae92bee.tabs.0.elements.0.autocomplete', 'false');
INSERT INTO public.projectconfig (path, value) VALUES ('entryTypes.f2313657-ca71-492d-9931-0f1a1c49cdce.fieldLayouts.bc02eba3-888e-4833-9396-af64dae92bee.tabs.0.elements.0.autocorrect', 'true');
INSERT INTO public.projectconfig (path, value) VALUES ('entryTypes.f2313657-ca71-492d-9931-0f1a1c49cdce.fieldLayouts.bc02eba3-888e-4833-9396-af64dae92bee.tabs.0.elements.0.class', 'null');
INSERT INTO public.projectconfig (path, value) VALUES ('entryTypes.f2313657-ca71-492d-9931-0f1a1c49cdce.fieldLayouts.bc02eba3-888e-4833-9396-af64dae92bee.tabs.0.elements.0.disabled', 'false');
INSERT INTO public.projectconfig (path, value) VALUES ('entryTypes.f2313657-ca71-492d-9931-0f1a1c49cdce.fieldLayouts.bc02eba3-888e-4833-9396-af64dae92bee.tabs.0.elements.0.id', 'null');
INSERT INTO public.projectconfig (path, value) VALUES ('entryTypes.f2313657-ca71-492d-9931-0f1a1c49cdce.fieldLayouts.bc02eba3-888e-4833-9396-af64dae92bee.tabs.0.elements.0.instructions', 'null');
INSERT INTO public.projectconfig (path, value) VALUES ('entryTypes.f2313657-ca71-492d-9931-0f1a1c49cdce.fieldLayouts.bc02eba3-888e-4833-9396-af64dae92bee.tabs.0.elements.0.label', 'null');
INSERT INTO public.projectconfig (path, value) VALUES ('entryTypes.f2313657-ca71-492d-9931-0f1a1c49cdce.fieldLayouts.bc02eba3-888e-4833-9396-af64dae92bee.tabs.0.elements.0.max', 'null');
INSERT INTO public.projectconfig (path, value) VALUES ('entryTypes.f2313657-ca71-492d-9931-0f1a1c49cdce.fieldLayouts.bc02eba3-888e-4833-9396-af64dae92bee.tabs.0.elements.0.min', 'null');
INSERT INTO public.projectconfig (path, value) VALUES ('entryTypes.f2313657-ca71-492d-9931-0f1a1c49cdce.fieldLayouts.bc02eba3-888e-4833-9396-af64dae92bee.tabs.0.elements.0.name', 'null');
INSERT INTO public.projectconfig (path, value) VALUES ('entryTypes.f2313657-ca71-492d-9931-0f1a1c49cdce.fieldLayouts.bc02eba3-888e-4833-9396-af64dae92bee.tabs.0.elements.0.orientation', 'null');
INSERT INTO public.projectconfig (path, value) VALUES ('entryTypes.f2313657-ca71-492d-9931-0f1a1c49cdce.fieldLayouts.bc02eba3-888e-4833-9396-af64dae92bee.tabs.0.elements.0.placeholder', 'null');
INSERT INTO public.projectconfig (path, value) VALUES ('entryTypes.f2313657-ca71-492d-9931-0f1a1c49cdce.fieldLayouts.bc02eba3-888e-4833-9396-af64dae92bee.tabs.0.elements.0.readonly', 'false');
INSERT INTO public.projectconfig (path, value) VALUES ('entryTypes.f2313657-ca71-492d-9931-0f1a1c49cdce.fieldLayouts.bc02eba3-888e-4833-9396-af64dae92bee.tabs.0.elements.0.requirable', 'false');
INSERT INTO public.projectconfig (path, value) VALUES ('entryTypes.f2313657-ca71-492d-9931-0f1a1c49cdce.fieldLayouts.bc02eba3-888e-4833-9396-af64dae92bee.tabs.0.elements.0.size', 'null');
INSERT INTO public.projectconfig (path, value) VALUES ('entryTypes.f2313657-ca71-492d-9931-0f1a1c49cdce.fieldLayouts.bc02eba3-888e-4833-9396-af64dae92bee.tabs.0.elements.0.step', 'null');
INSERT INTO public.projectconfig (path, value) VALUES ('entryTypes.f2313657-ca71-492d-9931-0f1a1c49cdce.fieldLayouts.bc02eba3-888e-4833-9396-af64dae92bee.tabs.0.elements.0.tip', 'null');
INSERT INTO public.projectconfig (path, value) VALUES ('entryTypes.f2313657-ca71-492d-9931-0f1a1c49cdce.fieldLayouts.bc02eba3-888e-4833-9396-af64dae92bee.tabs.0.elements.0.title', 'null');
INSERT INTO public.projectconfig (path, value) VALUES ('entryTypes.f2313657-ca71-492d-9931-0f1a1c49cdce.fieldLayouts.bc02eba3-888e-4833-9396-af64dae92bee.tabs.0.elements.0.type', '"craft\\fieldlayoutelements\\EntryTitleField"');
INSERT INTO public.projectconfig (path, value) VALUES ('entryTypes.f2313657-ca71-492d-9931-0f1a1c49cdce.fieldLayouts.bc02eba3-888e-4833-9396-af64dae92bee.tabs.0.elements.0.warning', 'null');
INSERT INTO public.projectconfig (path, value) VALUES ('entryTypes.f2313657-ca71-492d-9931-0f1a1c49cdce.fieldLayouts.bc02eba3-888e-4833-9396-af64dae92bee.tabs.0.elements.0.width', '50');
INSERT INTO public.projectconfig (path, value) VALUES ('entryTypes.f2313657-ca71-492d-9931-0f1a1c49cdce.fieldLayouts.bc02eba3-888e-4833-9396-af64dae92bee.tabs.0.elements.1.fieldUid', '"6b846f7f-9152-4526-813f-a931a421c454"');
INSERT INTO public.projectconfig (path, value) VALUES ('entryTypes.f2313657-ca71-492d-9931-0f1a1c49cdce.fieldLayouts.bc02eba3-888e-4833-9396-af64dae92bee.tabs.0.elements.1.instructions', 'null');
INSERT INTO public.projectconfig (path, value) VALUES ('entryTypes.f2313657-ca71-492d-9931-0f1a1c49cdce.fieldLayouts.bc02eba3-888e-4833-9396-af64dae92bee.tabs.0.elements.1.label', 'null');
INSERT INTO public.projectconfig (path, value) VALUES ('entryTypes.0d410440-cbd2-47b2-8a7f-21e7b8afe43e.fieldLayouts.c2bfcb97-5a33-4391-aef6-f939514b2fdf.tabs.0.elements.2.instructions', 'null');
INSERT INTO public.projectconfig (path, value) VALUES ('fields.f226fb33-c938-4e3d-9c88-8d5678ddb8ea.contentColumnType', '"text"');
INSERT INTO public.projectconfig (path, value) VALUES ('fields.f226fb33-c938-4e3d-9c88-8d5678ddb8ea.fieldGroup', '"e0052448-4c56-4da7-a2b5-d0739570cba1"');
INSERT INTO public.projectconfig (path, value) VALUES ('entryTypes.0d410440-cbd2-47b2-8a7f-21e7b8afe43e.fieldLayouts.c2bfcb97-5a33-4391-aef6-f939514b2fdf.tabs.0.elements.2.label', 'null');
INSERT INTO public.projectconfig (path, value) VALUES ('entryTypes.0d410440-cbd2-47b2-8a7f-21e7b8afe43e.fieldLayouts.c2bfcb97-5a33-4391-aef6-f939514b2fdf.tabs.0.elements.2.required', 'false');
INSERT INTO public.projectconfig (path, value) VALUES ('fields.e95bbf80-2274-41dc-b724-b2a404d796de.name', '"Meta Description"');
INSERT INTO public.projectconfig (path, value) VALUES ('fields.d18731cd-c210-4397-bae3-3d498d1b6d8a.contentColumnType', '"text"');
INSERT INTO public.projectconfig (path, value) VALUES ('fields.d18731cd-c210-4397-bae3-3d498d1b6d8a.fieldGroup', '"dbde185a-c4d5-4159-96a4-e75394214c6c"');
INSERT INTO public.projectconfig (path, value) VALUES ('fields.d18731cd-c210-4397-bae3-3d498d1b6d8a.handle', '"videohtml"');
INSERT INTO public.projectconfig (path, value) VALUES ('fields.d18731cd-c210-4397-bae3-3d498d1b6d8a.instructions', '""');
INSERT INTO public.projectconfig (path, value) VALUES ('fields.d18731cd-c210-4397-bae3-3d498d1b6d8a.name', '"Videoeinbettung"');
INSERT INTO public.projectconfig (path, value) VALUES ('fields.d18731cd-c210-4397-bae3-3d498d1b6d8a.searchable', 'false');
INSERT INTO public.projectconfig (path, value) VALUES ('fields.d18731cd-c210-4397-bae3-3d498d1b6d8a.settings.byteLimit', 'null');
INSERT INTO public.projectconfig (path, value) VALUES ('fields.d18731cd-c210-4397-bae3-3d498d1b6d8a.settings.charLimit', 'null');
INSERT INTO public.projectconfig (path, value) VALUES ('fields.d18731cd-c210-4397-bae3-3d498d1b6d8a.settings.code', '""');
INSERT INTO public.projectconfig (path, value) VALUES ('fields.d18731cd-c210-4397-bae3-3d498d1b6d8a.settings.columnType', 'null');
INSERT INTO public.projectconfig (path, value) VALUES ('fields.d18731cd-c210-4397-bae3-3d498d1b6d8a.settings.initialRows', '"4"');
INSERT INTO public.projectconfig (path, value) VALUES ('fields.d18731cd-c210-4397-bae3-3d498d1b6d8a.settings.multiline', '"1"');
INSERT INTO public.projectconfig (path, value) VALUES ('fields.d18731cd-c210-4397-bae3-3d498d1b6d8a.settings.placeholder', '""');
INSERT INTO public.projectconfig (path, value) VALUES ('fields.d18731cd-c210-4397-bae3-3d498d1b6d8a.settings.uiMode', '"enlarged"');
INSERT INTO public.projectconfig (path, value) VALUES ('fields.f226fb33-c938-4e3d-9c88-8d5678ddb8ea.handle', '"xing"');
INSERT INTO public.projectconfig (path, value) VALUES ('fields.f226fb33-c938-4e3d-9c88-8d5678ddb8ea.instructions', '""');
INSERT INTO public.projectconfig (path, value) VALUES ('fields.f226fb33-c938-4e3d-9c88-8d5678ddb8ea.name', '"Xing"');
INSERT INTO public.projectconfig (path, value) VALUES ('fields.f226fb33-c938-4e3d-9c88-8d5678ddb8ea.searchable', 'false');
INSERT INTO public.projectconfig (path, value) VALUES ('fields.f226fb33-c938-4e3d-9c88-8d5678ddb8ea.settings.byteLimit', 'null');
INSERT INTO public.projectconfig (path, value) VALUES ('fields.f226fb33-c938-4e3d-9c88-8d5678ddb8ea.settings.charLimit', 'null');
INSERT INTO public.projectconfig (path, value) VALUES ('fields.f226fb33-c938-4e3d-9c88-8d5678ddb8ea.settings.code', '""');
INSERT INTO public.projectconfig (path, value) VALUES ('fields.f226fb33-c938-4e3d-9c88-8d5678ddb8ea.settings.columnType', 'null');
INSERT INTO public.projectconfig (path, value) VALUES ('fields.f226fb33-c938-4e3d-9c88-8d5678ddb8ea.settings.initialRows', '"4"');
INSERT INTO public.projectconfig (path, value) VALUES ('fields.f226fb33-c938-4e3d-9c88-8d5678ddb8ea.settings.multiline', '""');
INSERT INTO public.projectconfig (path, value) VALUES ('fields.f226fb33-c938-4e3d-9c88-8d5678ddb8ea.settings.placeholder', '"https://www.xing.com/profile/Ugur_Sahin53"');
INSERT INTO public.projectconfig (path, value) VALUES ('fields.f226fb33-c938-4e3d-9c88-8d5678ddb8ea.settings.uiMode', '"normal"');
INSERT INTO public.projectconfig (path, value) VALUES ('fields.f226fb33-c938-4e3d-9c88-8d5678ddb8ea.translationKeyFormat', 'null');
INSERT INTO public.projectconfig (path, value) VALUES ('fields.f226fb33-c938-4e3d-9c88-8d5678ddb8ea.translationMethod', '"none"');
INSERT INTO public.projectconfig (path, value) VALUES ('fields.f226fb33-c938-4e3d-9c88-8d5678ddb8ea.type', '"craft\\fields\\PlainText"');
INSERT INTO public.projectconfig (path, value) VALUES ('fields.d18731cd-c210-4397-bae3-3d498d1b6d8a.translationKeyFormat', 'null');
INSERT INTO public.projectconfig (path, value) VALUES ('fields.d18731cd-c210-4397-bae3-3d498d1b6d8a.translationMethod', '"site"');
INSERT INTO public.projectconfig (path, value) VALUES ('fields.d18731cd-c210-4397-bae3-3d498d1b6d8a.type', '"craft\\fields\\PlainText"');
INSERT INTO public.projectconfig (path, value) VALUES ('fields.e95bbf80-2274-41dc-b724-b2a404d796de.searchable', 'false');
INSERT INTO public.projectconfig (path, value) VALUES ('fields.e95bbf80-2274-41dc-b724-b2a404d796de.settings.byteLimit', 'null');
INSERT INTO public.projectconfig (path, value) VALUES ('fields.e95bbf80-2274-41dc-b724-b2a404d796de.settings.charLimit', '160');
INSERT INTO public.projectconfig (path, value) VALUES ('fields.e95bbf80-2274-41dc-b724-b2a404d796de.settings.code', '""');
INSERT INTO public.projectconfig (path, value) VALUES ('fields.e95bbf80-2274-41dc-b724-b2a404d796de.settings.columnType', 'null');
INSERT INTO public.projectconfig (path, value) VALUES ('fields.e95bbf80-2274-41dc-b724-b2a404d796de.settings.initialRows', '"4"');
INSERT INTO public.projectconfig (path, value) VALUES ('fields.e95bbf80-2274-41dc-b724-b2a404d796de.settings.multiline', '"1"');
INSERT INTO public.projectconfig (path, value) VALUES ('fields.e95bbf80-2274-41dc-b724-b2a404d796de.settings.placeholder', '""');
INSERT INTO public.projectconfig (path, value) VALUES ('fields.e95bbf80-2274-41dc-b724-b2a404d796de.settings.uiMode', '"normal"');
INSERT INTO public.projectconfig (path, value) VALUES ('fields.e95bbf80-2274-41dc-b724-b2a404d796de.translationKeyFormat', 'null');
INSERT INTO public.projectconfig (path, value) VALUES ('fields.e95bbf80-2274-41dc-b724-b2a404d796de.translationMethod', '"site"');
INSERT INTO public.projectconfig (path, value) VALUES ('fields.e95bbf80-2274-41dc-b724-b2a404d796de.type', '"craft\\fields\\PlainText"');
INSERT INTO public.projectconfig (path, value) VALUES ('fields.24403202-e90c-4bf2-9f60-d8b2146f107b.settings.singleUploadLocationSource', '"volume:24c25c8a-80ea-4d24-ad72-d168a19e07cd"');
INSERT INTO public.projectconfig (path, value) VALUES ('fields.24403202-e90c-4bf2-9f60-d8b2146f107b.settings.singleUploadLocationSubpath', '""');
INSERT INTO public.projectconfig (path, value) VALUES ('fields.24403202-e90c-4bf2-9f60-d8b2146f107b.settings.source', 'null');
INSERT INTO public.projectconfig (path, value) VALUES ('fields.24403202-e90c-4bf2-9f60-d8b2146f107b.settings.sources', '"*"');
INSERT INTO public.projectconfig (path, value) VALUES ('fields.24403202-e90c-4bf2-9f60-d8b2146f107b.settings.targetSiteId', 'null');
INSERT INTO public.projectconfig (path, value) VALUES ('fields.24403202-e90c-4bf2-9f60-d8b2146f107b.settings.useSingleFolder', 'false');
INSERT INTO public.projectconfig (path, value) VALUES ('fields.24403202-e90c-4bf2-9f60-d8b2146f107b.settings.validateRelatedElements', 'false');
INSERT INTO public.projectconfig (path, value) VALUES ('fields.24403202-e90c-4bf2-9f60-d8b2146f107b.settings.viewMode', '"list"');
INSERT INTO public.projectconfig (path, value) VALUES ('fields.24403202-e90c-4bf2-9f60-d8b2146f107b.translationKeyFormat', 'null');
INSERT INTO public.projectconfig (path, value) VALUES ('fields.24403202-e90c-4bf2-9f60-d8b2146f107b.translationMethod', '"site"');
INSERT INTO public.projectconfig (path, value) VALUES ('fields.24403202-e90c-4bf2-9f60-d8b2146f107b.type', '"craft\\fields\\Assets"');
INSERT INTO public.projectconfig (path, value) VALUES ('entryTypes.0d410440-cbd2-47b2-8a7f-21e7b8afe43e.fieldLayouts.c2bfcb97-5a33-4391-aef6-f939514b2fdf.tabs.0.elements.2.tip', 'null');
INSERT INTO public.projectconfig (path, value) VALUES ('entryTypes.0d410440-cbd2-47b2-8a7f-21e7b8afe43e.fieldLayouts.c2bfcb97-5a33-4391-aef6-f939514b2fdf.tabs.0.elements.2.type', '"craft\\fieldlayoutelements\\CustomField"');
INSERT INTO public.projectconfig (path, value) VALUES ('entryTypes.0d410440-cbd2-47b2-8a7f-21e7b8afe43e.fieldLayouts.c2bfcb97-5a33-4391-aef6-f939514b2fdf.tabs.0.elements.2.warning', 'null');
INSERT INTO public.projectconfig (path, value) VALUES ('entryTypes.0d410440-cbd2-47b2-8a7f-21e7b8afe43e.fieldLayouts.c2bfcb97-5a33-4391-aef6-f939514b2fdf.tabs.0.elements.2.width', '50');
INSERT INTO public.projectconfig (path, value) VALUES ('entryTypes.0d410440-cbd2-47b2-8a7f-21e7b8afe43e.fieldLayouts.c2bfcb97-5a33-4391-aef6-f939514b2fdf.tabs.0.elements.3.fieldUid', '"38135310-b63d-4169-8f04-6fbbe0404998"');
INSERT INTO public.projectconfig (path, value) VALUES ('entryTypes.0d410440-cbd2-47b2-8a7f-21e7b8afe43e.fieldLayouts.c2bfcb97-5a33-4391-aef6-f939514b2fdf.tabs.0.elements.3.instructions', 'null');
INSERT INTO public.projectconfig (path, value) VALUES ('entryTypes.0d410440-cbd2-47b2-8a7f-21e7b8afe43e.fieldLayouts.c2bfcb97-5a33-4391-aef6-f939514b2fdf.tabs.0.elements.3.label', 'null');
INSERT INTO public.projectconfig (path, value) VALUES ('entryTypes.0d410440-cbd2-47b2-8a7f-21e7b8afe43e.fieldLayouts.c2bfcb97-5a33-4391-aef6-f939514b2fdf.tabs.0.elements.3.required', 'false');
INSERT INTO public.projectconfig (path, value) VALUES ('entryTypes.0d410440-cbd2-47b2-8a7f-21e7b8afe43e.fieldLayouts.c2bfcb97-5a33-4391-aef6-f939514b2fdf.tabs.0.elements.3.tip', 'null');
INSERT INTO public.projectconfig (path, value) VALUES ('entryTypes.0d410440-cbd2-47b2-8a7f-21e7b8afe43e.fieldLayouts.c2bfcb97-5a33-4391-aef6-f939514b2fdf.tabs.0.elements.3.type', '"craft\\fieldlayoutelements\\CustomField"');
INSERT INTO public.projectconfig (path, value) VALUES ('entryTypes.0d410440-cbd2-47b2-8a7f-21e7b8afe43e.fieldLayouts.c2bfcb97-5a33-4391-aef6-f939514b2fdf.tabs.0.elements.3.warning', 'null');
INSERT INTO public.projectconfig (path, value) VALUES ('entryTypes.0d410440-cbd2-47b2-8a7f-21e7b8afe43e.fieldLayouts.c2bfcb97-5a33-4391-aef6-f939514b2fdf.tabs.0.elements.3.width', '100');
INSERT INTO public.projectconfig (path, value) VALUES ('entryTypes.0d410440-cbd2-47b2-8a7f-21e7b8afe43e.fieldLayouts.c2bfcb97-5a33-4391-aef6-f939514b2fdf.tabs.0.elements.4.fieldUid', '"18d73ec4-3757-40a2-a96a-cdedf667d895"');
INSERT INTO public.projectconfig (path, value) VALUES ('entryTypes.0d410440-cbd2-47b2-8a7f-21e7b8afe43e.fieldLayouts.c2bfcb97-5a33-4391-aef6-f939514b2fdf.tabs.0.elements.4.instructions', '""');
INSERT INTO public.projectconfig (path, value) VALUES ('entryTypes.0d410440-cbd2-47b2-8a7f-21e7b8afe43e.fieldLayouts.c2bfcb97-5a33-4391-aef6-f939514b2fdf.tabs.0.elements.4.label', '"Inhalt"');
INSERT INTO public.projectconfig (path, value) VALUES ('entryTypes.0d410440-cbd2-47b2-8a7f-21e7b8afe43e.fieldLayouts.c2bfcb97-5a33-4391-aef6-f939514b2fdf.tabs.0.elements.4.required', '"1"');
INSERT INTO public.projectconfig (path, value) VALUES ('entryTypes.0d410440-cbd2-47b2-8a7f-21e7b8afe43e.fieldLayouts.c2bfcb97-5a33-4391-aef6-f939514b2fdf.tabs.0.elements.4.tip', 'null');
INSERT INTO public.projectconfig (path, value) VALUES ('entryTypes.0d410440-cbd2-47b2-8a7f-21e7b8afe43e.fieldLayouts.c2bfcb97-5a33-4391-aef6-f939514b2fdf.tabs.0.elements.4.type', '"craft\\fieldlayoutelements\\CustomField"');
INSERT INTO public.projectconfig (path, value) VALUES ('entryTypes.0d410440-cbd2-47b2-8a7f-21e7b8afe43e.fieldLayouts.c2bfcb97-5a33-4391-aef6-f939514b2fdf.tabs.0.elements.4.warning', 'null');
INSERT INTO public.projectconfig (path, value) VALUES ('entryTypes.0d410440-cbd2-47b2-8a7f-21e7b8afe43e.fieldLayouts.c2bfcb97-5a33-4391-aef6-f939514b2fdf.tabs.0.elements.4.width', '100');
INSERT INTO public.projectconfig (path, value) VALUES ('fields.dd5974d9-ec7e-426b-aba0-2a01563861f4.settings.validateRelatedElements', 'false');
INSERT INTO public.projectconfig (path, value) VALUES ('fields.dd5974d9-ec7e-426b-aba0-2a01563861f4.settings.viewMode', 'null');
INSERT INTO public.projectconfig (path, value) VALUES ('fields.9289a943-5ab0-45f8-9b78-876519730902.contentColumnType', '"text"');
INSERT INTO public.projectconfig (path, value) VALUES ('fields.9289a943-5ab0-45f8-9b78-876519730902.fieldGroup', '"e0052448-4c56-4da7-a2b5-d0739570cba1"');
INSERT INTO public.projectconfig (path, value) VALUES ('fields.9289a943-5ab0-45f8-9b78-876519730902.handle', '"facebook"');
INSERT INTO public.projectconfig (path, value) VALUES ('fields.9289a943-5ab0-45f8-9b78-876519730902.instructions', '""');
INSERT INTO public.projectconfig (path, value) VALUES ('fields.9289a943-5ab0-45f8-9b78-876519730902.name', '"Facebook"');
INSERT INTO public.projectconfig (path, value) VALUES ('fields.9289a943-5ab0-45f8-9b78-876519730902.searchable', 'false');
INSERT INTO public.projectconfig (path, value) VALUES ('fields.9289a943-5ab0-45f8-9b78-876519730902.settings.byteLimit', 'null');
INSERT INTO public.projectconfig (path, value) VALUES ('fields.9289a943-5ab0-45f8-9b78-876519730902.settings.charLimit', 'null');
INSERT INTO public.projectconfig (path, value) VALUES ('fields.9289a943-5ab0-45f8-9b78-876519730902.settings.code', '""');
INSERT INTO public.projectconfig (path, value) VALUES ('fields.9289a943-5ab0-45f8-9b78-876519730902.settings.columnType', 'null');
INSERT INTO public.projectconfig (path, value) VALUES ('fields.9289a943-5ab0-45f8-9b78-876519730902.settings.initialRows', '"4"');
INSERT INTO public.projectconfig (path, value) VALUES ('fields.9289a943-5ab0-45f8-9b78-876519730902.settings.multiline', '""');
INSERT INTO public.projectconfig (path, value) VALUES ('fields.9289a943-5ab0-45f8-9b78-876519730902.settings.placeholder', '"https://www.facebook.com/IndustryArena"');
INSERT INTO public.projectconfig (path, value) VALUES ('fields.9289a943-5ab0-45f8-9b78-876519730902.settings.uiMode', '"normal"');
INSERT INTO public.projectconfig (path, value) VALUES ('fields.9289a943-5ab0-45f8-9b78-876519730902.translationKeyFormat', 'null');
INSERT INTO public.projectconfig (path, value) VALUES ('fields.9289a943-5ab0-45f8-9b78-876519730902.translationMethod', '"none"');
INSERT INTO public.projectconfig (path, value) VALUES ('fields.9289a943-5ab0-45f8-9b78-876519730902.type', '"craft\\fields\\PlainText"');
INSERT INTO public.projectconfig (path, value) VALUES ('entryTypes.f2313657-ca71-492d-9931-0f1a1c49cdce.fieldLayouts.bc02eba3-888e-4833-9396-af64dae92bee.tabs.0.elements.1.required', 'false');
INSERT INTO public.projectconfig (path, value) VALUES ('fieldGroups.e0052448-4c56-4da7-a2b5-d0739570cba1.name', '"Contact"');
INSERT INTO public.projectconfig (path, value) VALUES ('entryTypes.f2313657-ca71-492d-9931-0f1a1c49cdce.fieldLayouts.bc02eba3-888e-4833-9396-af64dae92bee.tabs.0.elements.1.tip', 'null');
INSERT INTO public.projectconfig (path, value) VALUES ('entryTypes.f2313657-ca71-492d-9931-0f1a1c49cdce.fieldLayouts.bc02eba3-888e-4833-9396-af64dae92bee.tabs.0.elements.1.type', '"craft\\fieldlayoutelements\\CustomField"');
INSERT INTO public.projectconfig (path, value) VALUES ('entryTypes.f2313657-ca71-492d-9931-0f1a1c49cdce.fieldLayouts.bc02eba3-888e-4833-9396-af64dae92bee.tabs.0.elements.1.warning', 'null');
INSERT INTO public.projectconfig (path, value) VALUES ('entryTypes.f2313657-ca71-492d-9931-0f1a1c49cdce.fieldLayouts.bc02eba3-888e-4833-9396-af64dae92bee.tabs.0.elements.1.width', '50');
INSERT INTO public.projectconfig (path, value) VALUES ('entryTypes.f2313657-ca71-492d-9931-0f1a1c49cdce.fieldLayouts.bc02eba3-888e-4833-9396-af64dae92bee.tabs.0.elements.2.fieldUid', '"b615217c-6a31-4d72-bc36-48a81c88be5d"');
INSERT INTO public.projectconfig (path, value) VALUES ('entryTypes.f2313657-ca71-492d-9931-0f1a1c49cdce.fieldLayouts.bc02eba3-888e-4833-9396-af64dae92bee.tabs.0.elements.2.instructions', 'null');
INSERT INTO public.projectconfig (path, value) VALUES ('entryTypes.f2313657-ca71-492d-9931-0f1a1c49cdce.fieldLayouts.bc02eba3-888e-4833-9396-af64dae92bee.tabs.0.elements.2.label', 'null');
INSERT INTO public.projectconfig (path, value) VALUES ('entryTypes.f2313657-ca71-492d-9931-0f1a1c49cdce.fieldLayouts.bc02eba3-888e-4833-9396-af64dae92bee.tabs.0.elements.2.required', 'false');
INSERT INTO public.projectconfig (path, value) VALUES ('entryTypes.f2313657-ca71-492d-9931-0f1a1c49cdce.fieldLayouts.bc02eba3-888e-4833-9396-af64dae92bee.tabs.0.elements.2.tip', 'null');
INSERT INTO public.projectconfig (path, value) VALUES ('entryTypes.f2313657-ca71-492d-9931-0f1a1c49cdce.fieldLayouts.bc02eba3-888e-4833-9396-af64dae92bee.tabs.0.elements.2.type', '"craft\\fieldlayoutelements\\CustomField"');
INSERT INTO public.projectconfig (path, value) VALUES ('entryTypes.f2313657-ca71-492d-9931-0f1a1c49cdce.fieldLayouts.bc02eba3-888e-4833-9396-af64dae92bee.tabs.0.elements.2.warning', 'null');
INSERT INTO public.projectconfig (path, value) VALUES ('entryTypes.f2313657-ca71-492d-9931-0f1a1c49cdce.fieldLayouts.bc02eba3-888e-4833-9396-af64dae92bee.tabs.0.elements.2.width', '50');
INSERT INTO public.projectconfig (path, value) VALUES ('entryTypes.f2313657-ca71-492d-9931-0f1a1c49cdce.fieldLayouts.bc02eba3-888e-4833-9396-af64dae92bee.tabs.0.elements.3.fieldUid', '"f88bfc01-1476-4bd4-9a6a-b65fff783658"');
INSERT INTO public.projectconfig (path, value) VALUES ('entryTypes.f2313657-ca71-492d-9931-0f1a1c49cdce.fieldLayouts.bc02eba3-888e-4833-9396-af64dae92bee.tabs.0.elements.3.instructions', 'null');
INSERT INTO public.projectconfig (path, value) VALUES ('entryTypes.f2313657-ca71-492d-9931-0f1a1c49cdce.fieldLayouts.bc02eba3-888e-4833-9396-af64dae92bee.tabs.0.elements.3.label', 'null');
INSERT INTO public.projectconfig (path, value) VALUES ('entryTypes.f2313657-ca71-492d-9931-0f1a1c49cdce.fieldLayouts.bc02eba3-888e-4833-9396-af64dae92bee.tabs.0.elements.3.required', 'false');
INSERT INTO public.projectconfig (path, value) VALUES ('entryTypes.f2313657-ca71-492d-9931-0f1a1c49cdce.fieldLayouts.bc02eba3-888e-4833-9396-af64dae92bee.tabs.0.elements.3.tip', 'null');
INSERT INTO public.projectconfig (path, value) VALUES ('entryTypes.f2313657-ca71-492d-9931-0f1a1c49cdce.fieldLayouts.bc02eba3-888e-4833-9396-af64dae92bee.tabs.0.elements.3.type', '"craft\\fieldlayoutelements\\CustomField"');
INSERT INTO public.projectconfig (path, value) VALUES ('entryTypes.f2313657-ca71-492d-9931-0f1a1c49cdce.fieldLayouts.bc02eba3-888e-4833-9396-af64dae92bee.tabs.0.elements.3.warning', 'null');
INSERT INTO public.projectconfig (path, value) VALUES ('entryTypes.f2313657-ca71-492d-9931-0f1a1c49cdce.fieldLayouts.bc02eba3-888e-4833-9396-af64dae92bee.tabs.0.elements.3.width', '50');
INSERT INTO public.projectconfig (path, value) VALUES ('entryTypes.f2313657-ca71-492d-9931-0f1a1c49cdce.fieldLayouts.bc02eba3-888e-4833-9396-af64dae92bee.tabs.0.elements.4.fieldUid', '"0157ca30-ec6c-42c5-8869-589c4bf6965f"');
INSERT INTO public.projectconfig (path, value) VALUES ('entryTypes.f2313657-ca71-492d-9931-0f1a1c49cdce.fieldLayouts.bc02eba3-888e-4833-9396-af64dae92bee.tabs.0.elements.4.instructions', 'null');
INSERT INTO public.projectconfig (path, value) VALUES ('entryTypes.f2313657-ca71-492d-9931-0f1a1c49cdce.fieldLayouts.bc02eba3-888e-4833-9396-af64dae92bee.tabs.0.elements.4.label', 'null');
INSERT INTO public.projectconfig (path, value) VALUES ('entryTypes.f2313657-ca71-492d-9931-0f1a1c49cdce.fieldLayouts.bc02eba3-888e-4833-9396-af64dae92bee.tabs.0.elements.4.required', 'false');
INSERT INTO public.projectconfig (path, value) VALUES ('entryTypes.f2313657-ca71-492d-9931-0f1a1c49cdce.fieldLayouts.bc02eba3-888e-4833-9396-af64dae92bee.tabs.0.elements.4.tip', 'null');
INSERT INTO public.projectconfig (path, value) VALUES ('entryTypes.f2313657-ca71-492d-9931-0f1a1c49cdce.fieldLayouts.bc02eba3-888e-4833-9396-af64dae92bee.tabs.0.elements.4.type', '"craft\\fieldlayoutelements\\CustomField"');
INSERT INTO public.projectconfig (path, value) VALUES ('entryTypes.0d410440-cbd2-47b2-8a7f-21e7b8afe43e.fieldLayouts.c2bfcb97-5a33-4391-aef6-f939514b2fdf.tabs.0.elements.5.type', '"craft\\fieldlayoutelements\\HorizontalRule"');
INSERT INTO public.projectconfig (path, value) VALUES ('entryTypes.0d410440-cbd2-47b2-8a7f-21e7b8afe43e.fieldLayouts.c2bfcb97-5a33-4391-aef6-f939514b2fdf.tabs.0.elements.6.fieldUid', '"9ef612f5-8b16-401c-bd20-058431414095"');
INSERT INTO public.projectconfig (path, value) VALUES ('entryTypes.0d410440-cbd2-47b2-8a7f-21e7b8afe43e.fieldLayouts.c2bfcb97-5a33-4391-aef6-f939514b2fdf.tabs.0.elements.6.instructions', 'null');
INSERT INTO public.projectconfig (path, value) VALUES ('entryTypes.0d410440-cbd2-47b2-8a7f-21e7b8afe43e.fieldLayouts.c2bfcb97-5a33-4391-aef6-f939514b2fdf.tabs.0.elements.6.label', 'null');
INSERT INTO public.projectconfig (path, value) VALUES ('entryTypes.0d410440-cbd2-47b2-8a7f-21e7b8afe43e.fieldLayouts.c2bfcb97-5a33-4391-aef6-f939514b2fdf.tabs.0.elements.6.required', 'false');
INSERT INTO public.projectconfig (path, value) VALUES ('entryTypes.0d410440-cbd2-47b2-8a7f-21e7b8afe43e.fieldLayouts.c2bfcb97-5a33-4391-aef6-f939514b2fdf.tabs.0.elements.6.tip', 'null');
INSERT INTO public.projectconfig (path, value) VALUES ('entryTypes.0d410440-cbd2-47b2-8a7f-21e7b8afe43e.fieldLayouts.c2bfcb97-5a33-4391-aef6-f939514b2fdf.tabs.0.elements.6.type', '"craft\\fieldlayoutelements\\CustomField"');
INSERT INTO public.projectconfig (path, value) VALUES ('entryTypes.0d410440-cbd2-47b2-8a7f-21e7b8afe43e.fieldLayouts.c2bfcb97-5a33-4391-aef6-f939514b2fdf.tabs.0.elements.6.warning', 'null');
INSERT INTO public.projectconfig (path, value) VALUES ('entryTypes.0d410440-cbd2-47b2-8a7f-21e7b8afe43e.fieldLayouts.c2bfcb97-5a33-4391-aef6-f939514b2fdf.tabs.0.elements.6.width', '50');
INSERT INTO public.projectconfig (path, value) VALUES ('entryTypes.0d410440-cbd2-47b2-8a7f-21e7b8afe43e.fieldLayouts.c2bfcb97-5a33-4391-aef6-f939514b2fdf.tabs.0.elements.7.fieldUid', '"10d914df-e824-4c0b-97c8-84c984dd0258"');
INSERT INTO public.projectconfig (path, value) VALUES ('entryTypes.0d410440-cbd2-47b2-8a7f-21e7b8afe43e.fieldLayouts.c2bfcb97-5a33-4391-aef6-f939514b2fdf.tabs.0.elements.7.instructions', 'null');
INSERT INTO public.projectconfig (path, value) VALUES ('entryTypes.0d410440-cbd2-47b2-8a7f-21e7b8afe43e.fieldLayouts.c2bfcb97-5a33-4391-aef6-f939514b2fdf.tabs.0.elements.7.label', 'null');
INSERT INTO public.projectconfig (path, value) VALUES ('entryTypes.0d410440-cbd2-47b2-8a7f-21e7b8afe43e.fieldLayouts.c2bfcb97-5a33-4391-aef6-f939514b2fdf.tabs.0.elements.7.required', 'false');
INSERT INTO public.projectconfig (path, value) VALUES ('entryTypes.0d410440-cbd2-47b2-8a7f-21e7b8afe43e.fieldLayouts.c2bfcb97-5a33-4391-aef6-f939514b2fdf.tabs.0.elements.7.tip', 'null');
INSERT INTO public.projectconfig (path, value) VALUES ('entryTypes.0d410440-cbd2-47b2-8a7f-21e7b8afe43e.fieldLayouts.c2bfcb97-5a33-4391-aef6-f939514b2fdf.tabs.0.elements.7.type', '"craft\\fieldlayoutelements\\CustomField"');
INSERT INTO public.projectconfig (path, value) VALUES ('entryTypes.0d410440-cbd2-47b2-8a7f-21e7b8afe43e.fieldLayouts.c2bfcb97-5a33-4391-aef6-f939514b2fdf.tabs.0.elements.7.warning', 'null');
INSERT INTO public.projectconfig (path, value) VALUES ('entryTypes.0d410440-cbd2-47b2-8a7f-21e7b8afe43e.fieldLayouts.c2bfcb97-5a33-4391-aef6-f939514b2fdf.tabs.0.elements.7.width', '50');
INSERT INTO public.projectconfig (path, value) VALUES ('entryTypes.f2313657-ca71-492d-9931-0f1a1c49cdce.fieldLayouts.bc02eba3-888e-4833-9396-af64dae92bee.tabs.0.elements.4.warning', 'null');
INSERT INTO public.projectconfig (path, value) VALUES ('entryTypes.f2313657-ca71-492d-9931-0f1a1c49cdce.fieldLayouts.bc02eba3-888e-4833-9396-af64dae92bee.tabs.0.elements.4.width', '50');
INSERT INTO public.projectconfig (path, value) VALUES ('entryTypes.0d410440-cbd2-47b2-8a7f-21e7b8afe43e.fieldLayouts.c2bfcb97-5a33-4391-aef6-f939514b2fdf.tabs.0.name', '"Inhalt"');
INSERT INTO public.projectconfig (path, value) VALUES ('entryTypes.f2313657-ca71-492d-9931-0f1a1c49cdce.fieldLayouts.bc02eba3-888e-4833-9396-af64dae92bee.tabs.0.elements.5.type', '"craft\\fieldlayoutelements\\HorizontalRule"');
INSERT INTO public.projectconfig (path, value) VALUES ('entryTypes.f2313657-ca71-492d-9931-0f1a1c49cdce.fieldLayouts.bc02eba3-888e-4833-9396-af64dae92bee.tabs.0.elements.6.fieldUid', '"92b7aba3-37db-44f6-bfb9-b7b63fb33ce9"');
INSERT INTO public.projectconfig (path, value) VALUES ('entryTypes.f2313657-ca71-492d-9931-0f1a1c49cdce.fieldLayouts.bc02eba3-888e-4833-9396-af64dae92bee.tabs.0.elements.6.instructions', 'null');
INSERT INTO public.projectconfig (path, value) VALUES ('entryTypes.f2313657-ca71-492d-9931-0f1a1c49cdce.fieldLayouts.bc02eba3-888e-4833-9396-af64dae92bee.tabs.0.elements.6.label', 'null');
INSERT INTO public.projectconfig (path, value) VALUES ('entryTypes.f2313657-ca71-492d-9931-0f1a1c49cdce.fieldLayouts.bc02eba3-888e-4833-9396-af64dae92bee.tabs.0.elements.6.required', 'false');
INSERT INTO public.projectconfig (path, value) VALUES ('entryTypes.f2313657-ca71-492d-9931-0f1a1c49cdce.fieldLayouts.bc02eba3-888e-4833-9396-af64dae92bee.tabs.0.elements.6.tip', 'null');
INSERT INTO public.projectconfig (path, value) VALUES ('entryTypes.f2313657-ca71-492d-9931-0f1a1c49cdce.fieldLayouts.bc02eba3-888e-4833-9396-af64dae92bee.tabs.0.elements.6.type', '"craft\\fieldlayoutelements\\CustomField"');
INSERT INTO public.projectconfig (path, value) VALUES ('entryTypes.f2313657-ca71-492d-9931-0f1a1c49cdce.fieldLayouts.bc02eba3-888e-4833-9396-af64dae92bee.tabs.0.elements.6.warning', 'null');
INSERT INTO public.projectconfig (path, value) VALUES ('entryTypes.f2313657-ca71-492d-9931-0f1a1c49cdce.fieldLayouts.bc02eba3-888e-4833-9396-af64dae92bee.tabs.0.elements.6.width', '50');
INSERT INTO public.projectconfig (path, value) VALUES ('entryTypes.f2313657-ca71-492d-9931-0f1a1c49cdce.fieldLayouts.bc02eba3-888e-4833-9396-af64dae92bee.tabs.0.name', '"Inhalt"');
INSERT INTO public.projectconfig (path, value) VALUES ('entryTypes.f2313657-ca71-492d-9931-0f1a1c49cdce.fieldLayouts.bc02eba3-888e-4833-9396-af64dae92bee.tabs.0.sortOrder', '1');
INSERT INTO public.projectconfig (path, value) VALUES ('entryTypes.f2313657-ca71-492d-9931-0f1a1c49cdce.fieldLayouts.bc02eba3-888e-4833-9396-af64dae92bee.tabs.1.elements.0.fieldUid', '"e402c4ce-9e9f-4644-8430-d6229f2d5737"');
INSERT INTO public.projectconfig (path, value) VALUES ('entryTypes.f2313657-ca71-492d-9931-0f1a1c49cdce.fieldLayouts.bc02eba3-888e-4833-9396-af64dae92bee.tabs.1.elements.0.instructions', 'null');
INSERT INTO public.projectconfig (path, value) VALUES ('entryTypes.f2313657-ca71-492d-9931-0f1a1c49cdce.fieldLayouts.bc02eba3-888e-4833-9396-af64dae92bee.tabs.1.elements.0.label', 'null');
INSERT INTO public.projectconfig (path, value) VALUES ('entryTypes.f2313657-ca71-492d-9931-0f1a1c49cdce.fieldLayouts.bc02eba3-888e-4833-9396-af64dae92bee.tabs.1.elements.0.required', 'false');
INSERT INTO public.projectconfig (path, value) VALUES ('entryTypes.f2313657-ca71-492d-9931-0f1a1c49cdce.fieldLayouts.bc02eba3-888e-4833-9396-af64dae92bee.tabs.1.elements.0.tip', 'null');
INSERT INTO public.projectconfig (path, value) VALUES ('entryTypes.f2313657-ca71-492d-9931-0f1a1c49cdce.fieldLayouts.bc02eba3-888e-4833-9396-af64dae92bee.tabs.1.elements.0.type', '"craft\\fieldlayoutelements\\CustomField"');
INSERT INTO public.projectconfig (path, value) VALUES ('entryTypes.f2313657-ca71-492d-9931-0f1a1c49cdce.fieldLayouts.bc02eba3-888e-4833-9396-af64dae92bee.tabs.1.elements.0.warning', 'null');
INSERT INTO public.projectconfig (path, value) VALUES ('entryTypes.f2313657-ca71-492d-9931-0f1a1c49cdce.fieldLayouts.bc02eba3-888e-4833-9396-af64dae92bee.tabs.1.elements.0.width', '50');
INSERT INTO public.projectconfig (path, value) VALUES ('entryTypes.f2313657-ca71-492d-9931-0f1a1c49cdce.fieldLayouts.bc02eba3-888e-4833-9396-af64dae92bee.tabs.1.elements.1.fieldUid', '"39780143-51f5-4ce9-b1cf-0a9df42c8055"');
INSERT INTO public.projectconfig (path, value) VALUES ('entryTypes.f2313657-ca71-492d-9931-0f1a1c49cdce.fieldLayouts.bc02eba3-888e-4833-9396-af64dae92bee.tabs.1.elements.1.instructions', 'null');
INSERT INTO public.projectconfig (path, value) VALUES ('entryTypes.f2313657-ca71-492d-9931-0f1a1c49cdce.fieldLayouts.bc02eba3-888e-4833-9396-af64dae92bee.tabs.1.elements.1.label', 'null');
INSERT INTO public.projectconfig (path, value) VALUES ('entryTypes.f2313657-ca71-492d-9931-0f1a1c49cdce.fieldLayouts.bc02eba3-888e-4833-9396-af64dae92bee.tabs.1.elements.1.required', 'false');
INSERT INTO public.projectconfig (path, value) VALUES ('entryTypes.f2313657-ca71-492d-9931-0f1a1c49cdce.fieldLayouts.bc02eba3-888e-4833-9396-af64dae92bee.tabs.1.elements.1.tip', 'null');
INSERT INTO public.projectconfig (path, value) VALUES ('entryTypes.f2313657-ca71-492d-9931-0f1a1c49cdce.fieldLayouts.bc02eba3-888e-4833-9396-af64dae92bee.tabs.1.elements.1.type', '"craft\\fieldlayoutelements\\CustomField"');
INSERT INTO public.projectconfig (path, value) VALUES ('entryTypes.f2313657-ca71-492d-9931-0f1a1c49cdce.fieldLayouts.bc02eba3-888e-4833-9396-af64dae92bee.tabs.1.elements.1.warning', 'null');
INSERT INTO public.projectconfig (path, value) VALUES ('entryTypes.f2313657-ca71-492d-9931-0f1a1c49cdce.fieldLayouts.bc02eba3-888e-4833-9396-af64dae92bee.tabs.1.elements.1.width', '50');
INSERT INTO public.projectconfig (path, value) VALUES ('entryTypes.f2313657-ca71-492d-9931-0f1a1c49cdce.fieldLayouts.bc02eba3-888e-4833-9396-af64dae92bee.tabs.1.elements.2.type', '"craft\\fieldlayoutelements\\HorizontalRule"');
INSERT INTO public.projectconfig (path, value) VALUES ('entryTypes.f2313657-ca71-492d-9931-0f1a1c49cdce.fieldLayouts.bc02eba3-888e-4833-9396-af64dae92bee.tabs.1.elements.3.fieldUid', '"9289a943-5ab0-45f8-9b78-876519730902"');
INSERT INTO public.projectconfig (path, value) VALUES ('entryTypes.f2313657-ca71-492d-9931-0f1a1c49cdce.fieldLayouts.bc02eba3-888e-4833-9396-af64dae92bee.tabs.1.elements.3.instructions', 'null');
INSERT INTO public.projectconfig (path, value) VALUES ('entryTypes.f2313657-ca71-492d-9931-0f1a1c49cdce.fieldLayouts.bc02eba3-888e-4833-9396-af64dae92bee.tabs.1.elements.3.label', 'null');
INSERT INTO public.projectconfig (path, value) VALUES ('entryTypes.f2313657-ca71-492d-9931-0f1a1c49cdce.fieldLayouts.bc02eba3-888e-4833-9396-af64dae92bee.tabs.1.elements.3.required', 'false');
INSERT INTO public.projectconfig (path, value) VALUES ('entryTypes.f2313657-ca71-492d-9931-0f1a1c49cdce.fieldLayouts.bc02eba3-888e-4833-9396-af64dae92bee.tabs.1.elements.3.tip', 'null');
INSERT INTO public.projectconfig (path, value) VALUES ('entryTypes.f2313657-ca71-492d-9931-0f1a1c49cdce.fieldLayouts.bc02eba3-888e-4833-9396-af64dae92bee.tabs.1.elements.3.type', '"craft\\fieldlayoutelements\\CustomField"');
INSERT INTO public.projectconfig (path, value) VALUES ('entryTypes.f2313657-ca71-492d-9931-0f1a1c49cdce.fieldLayouts.bc02eba3-888e-4833-9396-af64dae92bee.tabs.1.elements.3.warning', 'null');
INSERT INTO public.projectconfig (path, value) VALUES ('entryTypes.f2313657-ca71-492d-9931-0f1a1c49cdce.fieldLayouts.bc02eba3-888e-4833-9396-af64dae92bee.tabs.1.elements.3.width', '25');
INSERT INTO public.projectconfig (path, value) VALUES ('entryTypes.f2313657-ca71-492d-9931-0f1a1c49cdce.fieldLayouts.bc02eba3-888e-4833-9396-af64dae92bee.tabs.1.elements.4.fieldUid', '"41e6657f-1bf4-42fb-bd66-4aea4f6d895b"');
INSERT INTO public.projectconfig (path, value) VALUES ('entryTypes.f2313657-ca71-492d-9931-0f1a1c49cdce.fieldLayouts.bc02eba3-888e-4833-9396-af64dae92bee.tabs.1.elements.4.instructions', 'null');
INSERT INTO public.projectconfig (path, value) VALUES ('fields.dd5974d9-ec7e-426b-aba0-2a01563861f4.translationKeyFormat', 'null');
INSERT INTO public.projectconfig (path, value) VALUES ('fields.739c8fb6-1cae-4dcb-94a0-59d0cbe8f662.contentColumnType', '"string"');
INSERT INTO public.projectconfig (path, value) VALUES ('fields.739c8fb6-1cae-4dcb-94a0-59d0cbe8f662.fieldGroup', '"dbde185a-c4d5-4159-96a4-e75394214c6c"');
INSERT INTO public.projectconfig (path, value) VALUES ('fields.739c8fb6-1cae-4dcb-94a0-59d0cbe8f662.handle', '"images"');
INSERT INTO public.projectconfig (path, value) VALUES ('fields.739c8fb6-1cae-4dcb-94a0-59d0cbe8f662.instructions', '""');
INSERT INTO public.projectconfig (path, value) VALUES ('fields.739c8fb6-1cae-4dcb-94a0-59d0cbe8f662.name', '"Gallerie"');
INSERT INTO public.projectconfig (path, value) VALUES ('fields.739c8fb6-1cae-4dcb-94a0-59d0cbe8f662.searchable', 'false');
INSERT INTO public.projectconfig (path, value) VALUES ('fields.739c8fb6-1cae-4dcb-94a0-59d0cbe8f662.settings.allowSelfRelations', 'false');
INSERT INTO public.projectconfig (path, value) VALUES ('fields.739c8fb6-1cae-4dcb-94a0-59d0cbe8f662.settings.allowUploads', 'true');
INSERT INTO public.projectconfig (path, value) VALUES ('fields.739c8fb6-1cae-4dcb-94a0-59d0cbe8f662.settings.allowedKinds', 'null');
INSERT INTO public.projectconfig (path, value) VALUES ('fields.739c8fb6-1cae-4dcb-94a0-59d0cbe8f662.settings.defaultUploadLocationSource', '"volume:24c25c8a-80ea-4d24-ad72-d168a19e07cd"');
INSERT INTO public.projectconfig (path, value) VALUES ('fields.739c8fb6-1cae-4dcb-94a0-59d0cbe8f662.settings.defaultUploadLocationSubpath', '""');
INSERT INTO public.projectconfig (path, value) VALUES ('categoryGroups.68aee50b-ea3a-4325-aed3-211fef3f4db3.fieldLayouts.a65f7e44-24f6-4456-92b9-32d7ea6766e1.tabs.0.elements.0.type', '"craft\\fieldlayoutelements\\TitleField"');
INSERT INTO public.projectconfig (path, value) VALUES ('categoryGroups.68aee50b-ea3a-4325-aed3-211fef3f4db3.fieldLayouts.a65f7e44-24f6-4456-92b9-32d7ea6766e1.tabs.0.elements.0.warning', 'null');
INSERT INTO public.projectconfig (path, value) VALUES ('categoryGroups.68aee50b-ea3a-4325-aed3-211fef3f4db3.fieldLayouts.a65f7e44-24f6-4456-92b9-32d7ea6766e1.tabs.0.elements.0.width', '100');
INSERT INTO public.projectconfig (path, value) VALUES ('categoryGroups.68aee50b-ea3a-4325-aed3-211fef3f4db3.fieldLayouts.a65f7e44-24f6-4456-92b9-32d7ea6766e1.tabs.0.name', '"Inhalt"');
INSERT INTO public.projectconfig (path, value) VALUES ('categoryGroups.68aee50b-ea3a-4325-aed3-211fef3f4db3.fieldLayouts.a65f7e44-24f6-4456-92b9-32d7ea6766e1.tabs.0.sortOrder', '1');
INSERT INTO public.projectconfig (path, value) VALUES ('categoryGroups.68aee50b-ea3a-4325-aed3-211fef3f4db3.handle', '"tags"');
INSERT INTO public.projectconfig (path, value) VALUES ('categoryGroups.68aee50b-ea3a-4325-aed3-211fef3f4db3.name', '"Tags"');
INSERT INTO public.projectconfig (path, value) VALUES ('categoryGroups.68aee50b-ea3a-4325-aed3-211fef3f4db3.siteSettings.34380f2c-988a-43d1-9723-8633250a5237.hasUrls', 'true');
INSERT INTO public.projectconfig (path, value) VALUES ('categoryGroups.68aee50b-ea3a-4325-aed3-211fef3f4db3.siteSettings.34380f2c-988a-43d1-9723-8633250a5237.template', 'null');
INSERT INTO public.projectconfig (path, value) VALUES ('categoryGroups.68aee50b-ea3a-4325-aed3-211fef3f4db3.siteSettings.34380f2c-988a-43d1-9723-8633250a5237.uriFormat', '"tags/{slug}"');
INSERT INTO public.projectconfig (path, value) VALUES ('categoryGroups.68aee50b-ea3a-4325-aed3-211fef3f4db3.siteSettings.ff97e19b-a38b-48c6-b4a8-4ed14019ec07.hasUrls', 'true');
INSERT INTO public.projectconfig (path, value) VALUES ('categoryGroups.68aee50b-ea3a-4325-aed3-211fef3f4db3.siteSettings.ff97e19b-a38b-48c6-b4a8-4ed14019ec07.template', 'null');
INSERT INTO public.projectconfig (path, value) VALUES ('categoryGroups.68aee50b-ea3a-4325-aed3-211fef3f4db3.siteSettings.ff97e19b-a38b-48c6-b4a8-4ed14019ec07.uriFormat', '"tags/{slug}"');
INSERT INTO public.projectconfig (path, value) VALUES ('categoryGroups.68aee50b-ea3a-4325-aed3-211fef3f4db3.structure.maxLevels', '1');
INSERT INTO public.projectconfig (path, value) VALUES ('categoryGroups.68aee50b-ea3a-4325-aed3-211fef3f4db3.structure.uid', '"8a65445b-9e49-450e-a60e-190e1b0b5de8"');
INSERT INTO public.projectconfig (path, value) VALUES ('fields.51fb8b04-05e1-4476-a9f5-008860e78c6b.contentColumnType', '"string"');
INSERT INTO public.projectconfig (path, value) VALUES ('fields.51fb8b04-05e1-4476-a9f5-008860e78c6b.fieldGroup', '"a2bdc517-6ecc-4dfa-be02-558659dda46c"');
INSERT INTO public.projectconfig (path, value) VALUES ('fields.51fb8b04-05e1-4476-a9f5-008860e78c6b.handle', '"file"');
INSERT INTO public.projectconfig (path, value) VALUES ('fields.51fb8b04-05e1-4476-a9f5-008860e78c6b.instructions', '""');
INSERT INTO public.projectconfig (path, value) VALUES ('fields.51fb8b04-05e1-4476-a9f5-008860e78c6b.name', '"Datei"');
INSERT INTO public.projectconfig (path, value) VALUES ('fields.51fb8b04-05e1-4476-a9f5-008860e78c6b.searchable', 'false');
INSERT INTO public.projectconfig (path, value) VALUES ('fields.51fb8b04-05e1-4476-a9f5-008860e78c6b.settings.allowSelfRelations', 'false');
INSERT INTO public.projectconfig (path, value) VALUES ('fields.51fb8b04-05e1-4476-a9f5-008860e78c6b.settings.allowUploads', 'true');
INSERT INTO public.projectconfig (path, value) VALUES ('fields.51fb8b04-05e1-4476-a9f5-008860e78c6b.settings.allowedKinds', 'null');
INSERT INTO public.projectconfig (path, value) VALUES ('fields.51fb8b04-05e1-4476-a9f5-008860e78c6b.settings.defaultUploadLocationSource', '"volume:24c25c8a-80ea-4d24-ad72-d168a19e07cd"');
INSERT INTO public.projectconfig (path, value) VALUES ('fields.51fb8b04-05e1-4476-a9f5-008860e78c6b.settings.defaultUploadLocationSubpath', '""');
INSERT INTO public.projectconfig (path, value) VALUES ('fields.51fb8b04-05e1-4476-a9f5-008860e78c6b.settings.limit', '""');
INSERT INTO public.projectconfig (path, value) VALUES ('fields.51fb8b04-05e1-4476-a9f5-008860e78c6b.settings.localizeRelations', 'false');
INSERT INTO public.projectconfig (path, value) VALUES ('fields.51fb8b04-05e1-4476-a9f5-008860e78c6b.settings.previewMode', '"full"');
INSERT INTO public.projectconfig (path, value) VALUES ('fields.51fb8b04-05e1-4476-a9f5-008860e78c6b.settings.restrictFiles', '""');
INSERT INTO public.projectconfig (path, value) VALUES ('fields.51fb8b04-05e1-4476-a9f5-008860e78c6b.settings.selectionLabel', '""');
INSERT INTO public.projectconfig (path, value) VALUES ('fields.51fb8b04-05e1-4476-a9f5-008860e78c6b.settings.showSiteMenu', 'false');
INSERT INTO public.projectconfig (path, value) VALUES ('fields.51fb8b04-05e1-4476-a9f5-008860e78c6b.settings.showUnpermittedFiles', 'false');
INSERT INTO public.projectconfig (path, value) VALUES ('fields.51fb8b04-05e1-4476-a9f5-008860e78c6b.settings.showUnpermittedVolumes', 'false');
INSERT INTO public.projectconfig (path, value) VALUES ('fields.51fb8b04-05e1-4476-a9f5-008860e78c6b.settings.singleUploadLocationSource', '"volume:24c25c8a-80ea-4d24-ad72-d168a19e07cd"');
INSERT INTO public.projectconfig (path, value) VALUES ('fields.51fb8b04-05e1-4476-a9f5-008860e78c6b.settings.singleUploadLocationSubpath', '""');
INSERT INTO public.projectconfig (path, value) VALUES ('fields.51fb8b04-05e1-4476-a9f5-008860e78c6b.settings.source', 'null');
INSERT INTO public.projectconfig (path, value) VALUES ('fields.51fb8b04-05e1-4476-a9f5-008860e78c6b.settings.sources', '"*"');
INSERT INTO public.projectconfig (path, value) VALUES ('fields.51fb8b04-05e1-4476-a9f5-008860e78c6b.settings.targetSiteId', 'null');
INSERT INTO public.projectconfig (path, value) VALUES ('fields.51fb8b04-05e1-4476-a9f5-008860e78c6b.settings.useSingleFolder', 'false');
INSERT INTO public.projectconfig (path, value) VALUES ('fields.51fb8b04-05e1-4476-a9f5-008860e78c6b.settings.validateRelatedElements', 'false');
INSERT INTO public.projectconfig (path, value) VALUES ('fields.51fb8b04-05e1-4476-a9f5-008860e78c6b.settings.viewMode', '"list"');
INSERT INTO public.projectconfig (path, value) VALUES ('fields.51fb8b04-05e1-4476-a9f5-008860e78c6b.translationKeyFormat', 'null');
INSERT INTO public.projectconfig (path, value) VALUES ('fields.51fb8b04-05e1-4476-a9f5-008860e78c6b.translationMethod', '"site"');
INSERT INTO public.projectconfig (path, value) VALUES ('fields.51fb8b04-05e1-4476-a9f5-008860e78c6b.type', '"craft\\fields\\Assets"');
INSERT INTO public.projectconfig (path, value) VALUES ('sections.f65cbcf7-3ede-40b8-b09e-b3a8e1a4674c.siteSettings.ff97e19b-a38b-48c6-b4a8-4ed14019ec07.hasUrls', 'true');
INSERT INTO public.projectconfig (path, value) VALUES ('sections.f65cbcf7-3ede-40b8-b09e-b3a8e1a4674c.siteSettings.ff97e19b-a38b-48c6-b4a8-4ed14019ec07.template', 'null');
INSERT INTO public.projectconfig (path, value) VALUES ('sections.f65cbcf7-3ede-40b8-b09e-b3a8e1a4674c.siteSettings.ff97e19b-a38b-48c6-b4a8-4ed14019ec07.uriFormat', '"downloads-medien/{slug}"');
INSERT INTO public.projectconfig (path, value) VALUES ('sections.f65cbcf7-3ede-40b8-b09e-b3a8e1a4674c.type', '"channel"');
INSERT INTO public.projectconfig (path, value) VALUES ('fields.a1edddb7-5eaf-4b3a-ac4f-5b58c6494d65.contentColumnType', '"string"');
INSERT INTO public.projectconfig (path, value) VALUES ('fields.0157ca30-ec6c-42c5-8869-589c4bf6965f.searchable', 'false');
INSERT INTO public.projectconfig (path, value) VALUES ('fields.739c8fb6-1cae-4dcb-94a0-59d0cbe8f662.settings.limit', '""');
INSERT INTO public.projectconfig (path, value) VALUES ('fields.739c8fb6-1cae-4dcb-94a0-59d0cbe8f662.settings.localizeRelations', 'false');
INSERT INTO public.projectconfig (path, value) VALUES ('fields.739c8fb6-1cae-4dcb-94a0-59d0cbe8f662.settings.previewMode', '"full"');
INSERT INTO public.projectconfig (path, value) VALUES ('fields.739c8fb6-1cae-4dcb-94a0-59d0cbe8f662.settings.restrictFiles', '""');
INSERT INTO public.projectconfig (path, value) VALUES ('fields.739c8fb6-1cae-4dcb-94a0-59d0cbe8f662.settings.selectionLabel', '""');
INSERT INTO public.projectconfig (path, value) VALUES ('fields.739c8fb6-1cae-4dcb-94a0-59d0cbe8f662.settings.showSiteMenu', 'false');
INSERT INTO public.projectconfig (path, value) VALUES ('fields.739c8fb6-1cae-4dcb-94a0-59d0cbe8f662.settings.showUnpermittedFiles', 'false');
INSERT INTO public.projectconfig (path, value) VALUES ('fields.739c8fb6-1cae-4dcb-94a0-59d0cbe8f662.settings.showUnpermittedVolumes', 'false');
INSERT INTO public.projectconfig (path, value) VALUES ('fields.739c8fb6-1cae-4dcb-94a0-59d0cbe8f662.settings.singleUploadLocationSource', '"volume:24c25c8a-80ea-4d24-ad72-d168a19e07cd"');
INSERT INTO public.projectconfig (path, value) VALUES ('fields.739c8fb6-1cae-4dcb-94a0-59d0cbe8f662.settings.singleUploadLocationSubpath', '""');
INSERT INTO public.projectconfig (path, value) VALUES ('fields.739c8fb6-1cae-4dcb-94a0-59d0cbe8f662.settings.source', 'null');
INSERT INTO public.projectconfig (path, value) VALUES ('fields.739c8fb6-1cae-4dcb-94a0-59d0cbe8f662.settings.sources', '"*"');
INSERT INTO public.projectconfig (path, value) VALUES ('fields.739c8fb6-1cae-4dcb-94a0-59d0cbe8f662.settings.targetSiteId', 'null');
INSERT INTO public.projectconfig (path, value) VALUES ('fields.739c8fb6-1cae-4dcb-94a0-59d0cbe8f662.settings.useSingleFolder', 'false');
INSERT INTO public.projectconfig (path, value) VALUES ('fields.739c8fb6-1cae-4dcb-94a0-59d0cbe8f662.settings.validateRelatedElements', 'false');
INSERT INTO public.projectconfig (path, value) VALUES ('fields.739c8fb6-1cae-4dcb-94a0-59d0cbe8f662.settings.viewMode', '"list"');
INSERT INTO public.projectconfig (path, value) VALUES ('fields.739c8fb6-1cae-4dcb-94a0-59d0cbe8f662.translationKeyFormat', 'null');
INSERT INTO public.projectconfig (path, value) VALUES ('fields.739c8fb6-1cae-4dcb-94a0-59d0cbe8f662.translationMethod', '"site"');
INSERT INTO public.projectconfig (path, value) VALUES ('fields.739c8fb6-1cae-4dcb-94a0-59d0cbe8f662.type', '"craft\\fields\\Assets"');
INSERT INTO public.projectconfig (path, value) VALUES ('fields.a1edddb7-5eaf-4b3a-ac4f-5b58c6494d65.fieldGroup', '"bd527d51-1e8b-439f-8d9a-e8367987817e"');
INSERT INTO public.projectconfig (path, value) VALUES ('fields.a1edddb7-5eaf-4b3a-ac4f-5b58c6494d65.handle', '"author"');
INSERT INTO public.projectconfig (path, value) VALUES ('fields.a1edddb7-5eaf-4b3a-ac4f-5b58c6494d65.instructions', '""');
INSERT INTO public.projectconfig (path, value) VALUES ('fields.a1edddb7-5eaf-4b3a-ac4f-5b58c6494d65.name', '"Author"');
INSERT INTO public.projectconfig (path, value) VALUES ('fields.a1edddb7-5eaf-4b3a-ac4f-5b58c6494d65.searchable', 'false');
INSERT INTO public.projectconfig (path, value) VALUES ('fields.a1edddb7-5eaf-4b3a-ac4f-5b58c6494d65.settings.allowSelfRelations', 'false');
INSERT INTO public.projectconfig (path, value) VALUES ('fields.a1edddb7-5eaf-4b3a-ac4f-5b58c6494d65.settings.limit', '"1"');
INSERT INTO public.projectconfig (path, value) VALUES ('fields.a1edddb7-5eaf-4b3a-ac4f-5b58c6494d65.settings.localizeRelations', 'false');
INSERT INTO public.projectconfig (path, value) VALUES ('fields.a1edddb7-5eaf-4b3a-ac4f-5b58c6494d65.settings.selectionLabel', '""');
INSERT INTO public.projectconfig (path, value) VALUES ('fields.a1edddb7-5eaf-4b3a-ac4f-5b58c6494d65.settings.showSiteMenu', 'true');
INSERT INTO public.projectconfig (path, value) VALUES ('fields.a1edddb7-5eaf-4b3a-ac4f-5b58c6494d65.settings.source', 'null');
INSERT INTO public.projectconfig (path, value) VALUES ('fields.a1edddb7-5eaf-4b3a-ac4f-5b58c6494d65.settings.sources.0', '"section:8ead6ec2-98a7-4ee4-9d59-c4ac9e294118"');
INSERT INTO public.projectconfig (path, value) VALUES ('fields.a1edddb7-5eaf-4b3a-ac4f-5b58c6494d65.settings.targetSiteId', 'null');
INSERT INTO public.projectconfig (path, value) VALUES ('fields.a1edddb7-5eaf-4b3a-ac4f-5b58c6494d65.settings.validateRelatedElements', 'false');
INSERT INTO public.projectconfig (path, value) VALUES ('fields.a1edddb7-5eaf-4b3a-ac4f-5b58c6494d65.settings.viewMode', 'null');
INSERT INTO public.projectconfig (path, value) VALUES ('fields.a1edddb7-5eaf-4b3a-ac4f-5b58c6494d65.translationKeyFormat', 'null');
INSERT INTO public.projectconfig (path, value) VALUES ('fields.a1edddb7-5eaf-4b3a-ac4f-5b58c6494d65.translationMethod', '"site"');
INSERT INTO public.projectconfig (path, value) VALUES ('fields.a1edddb7-5eaf-4b3a-ac4f-5b58c6494d65.type', '"craft\\fields\\Entries"');
INSERT INTO public.projectconfig (path, value) VALUES ('entryTypes.f2313657-ca71-492d-9931-0f1a1c49cdce.fieldLayouts.bc02eba3-888e-4833-9396-af64dae92bee.tabs.1.elements.4.label', 'null');
INSERT INTO public.projectconfig (path, value) VALUES ('entryTypes.0d410440-cbd2-47b2-8a7f-21e7b8afe43e.fieldLayouts.c2bfcb97-5a33-4391-aef6-f939514b2fdf.tabs.0.sortOrder', '1');
INSERT INTO public.projectconfig (path, value) VALUES ('entryTypes.0d410440-cbd2-47b2-8a7f-21e7b8afe43e.fieldLayouts.c2bfcb97-5a33-4391-aef6-f939514b2fdf.tabs.1.elements.0.fieldUid', '"ee9512d9-701e-4e12-842e-02a6030b0da9"');
INSERT INTO public.projectconfig (path, value) VALUES ('entryTypes.0d410440-cbd2-47b2-8a7f-21e7b8afe43e.fieldLayouts.c2bfcb97-5a33-4391-aef6-f939514b2fdf.tabs.1.elements.0.instructions', 'null');
INSERT INTO public.projectconfig (path, value) VALUES ('entryTypes.0d410440-cbd2-47b2-8a7f-21e7b8afe43e.fieldLayouts.c2bfcb97-5a33-4391-aef6-f939514b2fdf.tabs.1.elements.0.label', 'null');
INSERT INTO public.projectconfig (path, value) VALUES ('entryTypes.0d410440-cbd2-47b2-8a7f-21e7b8afe43e.fieldLayouts.c2bfcb97-5a33-4391-aef6-f939514b2fdf.tabs.1.elements.0.required', 'false');
INSERT INTO public.projectconfig (path, value) VALUES ('entryTypes.0d410440-cbd2-47b2-8a7f-21e7b8afe43e.fieldLayouts.c2bfcb97-5a33-4391-aef6-f939514b2fdf.tabs.1.elements.0.tip', 'null');
INSERT INTO public.projectconfig (path, value) VALUES ('entryTypes.0d410440-cbd2-47b2-8a7f-21e7b8afe43e.fieldLayouts.c2bfcb97-5a33-4391-aef6-f939514b2fdf.tabs.1.elements.0.type', '"craft\\fieldlayoutelements\\CustomField"');
INSERT INTO public.projectconfig (path, value) VALUES ('entryTypes.0d410440-cbd2-47b2-8a7f-21e7b8afe43e.fieldLayouts.c2bfcb97-5a33-4391-aef6-f939514b2fdf.tabs.1.elements.0.warning', 'null');
INSERT INTO public.projectconfig (path, value) VALUES ('entryTypes.0d410440-cbd2-47b2-8a7f-21e7b8afe43e.fieldLayouts.c2bfcb97-5a33-4391-aef6-f939514b2fdf.tabs.1.elements.0.width', '100');
INSERT INTO public.projectconfig (path, value) VALUES ('entryTypes.0d410440-cbd2-47b2-8a7f-21e7b8afe43e.fieldLayouts.c2bfcb97-5a33-4391-aef6-f939514b2fdf.tabs.1.elements.1.fieldUid', '"e95bbf80-2274-41dc-b724-b2a404d796de"');
INSERT INTO public.projectconfig (path, value) VALUES ('entryTypes.f2313657-ca71-492d-9931-0f1a1c49cdce.fieldLayouts.bc02eba3-888e-4833-9396-af64dae92bee.tabs.1.elements.4.required', 'false');
INSERT INTO public.projectconfig (path, value) VALUES ('entryTypes.f2313657-ca71-492d-9931-0f1a1c49cdce.fieldLayouts.bc02eba3-888e-4833-9396-af64dae92bee.tabs.1.elements.4.tip', 'null');
INSERT INTO public.projectconfig (path, value) VALUES ('entryTypes.f2313657-ca71-492d-9931-0f1a1c49cdce.fieldLayouts.bc02eba3-888e-4833-9396-af64dae92bee.tabs.1.elements.4.type', '"craft\\fieldlayoutelements\\CustomField"');
INSERT INTO public.projectconfig (path, value) VALUES ('entryTypes.f2313657-ca71-492d-9931-0f1a1c49cdce.fieldLayouts.bc02eba3-888e-4833-9396-af64dae92bee.tabs.1.elements.4.warning', 'null');
INSERT INTO public.projectconfig (path, value) VALUES ('entryTypes.f2313657-ca71-492d-9931-0f1a1c49cdce.fieldLayouts.bc02eba3-888e-4833-9396-af64dae92bee.tabs.1.elements.4.width', '25');
INSERT INTO public.projectconfig (path, value) VALUES ('entryTypes.f2313657-ca71-492d-9931-0f1a1c49cdce.fieldLayouts.bc02eba3-888e-4833-9396-af64dae92bee.tabs.1.elements.5.fieldUid', '"e61e3323-bb6b-466f-9f03-1a5c39d1605b"');
INSERT INTO public.projectconfig (path, value) VALUES ('entryTypes.f2313657-ca71-492d-9931-0f1a1c49cdce.fieldLayouts.bc02eba3-888e-4833-9396-af64dae92bee.tabs.1.elements.5.instructions', 'null');
INSERT INTO public.projectconfig (path, value) VALUES ('entryTypes.f2313657-ca71-492d-9931-0f1a1c49cdce.fieldLayouts.bc02eba3-888e-4833-9396-af64dae92bee.tabs.1.elements.5.label', 'null');
INSERT INTO public.projectconfig (path, value) VALUES ('entryTypes.f2313657-ca71-492d-9931-0f1a1c49cdce.fieldLayouts.bc02eba3-888e-4833-9396-af64dae92bee.tabs.1.elements.5.required', 'false');
INSERT INTO public.projectconfig (path, value) VALUES ('entryTypes.f2313657-ca71-492d-9931-0f1a1c49cdce.fieldLayouts.bc02eba3-888e-4833-9396-af64dae92bee.tabs.1.elements.5.tip', 'null');
INSERT INTO public.projectconfig (path, value) VALUES ('entryTypes.f2313657-ca71-492d-9931-0f1a1c49cdce.fieldLayouts.bc02eba3-888e-4833-9396-af64dae92bee.tabs.1.elements.5.type', '"craft\\fieldlayoutelements\\CustomField"');
INSERT INTO public.projectconfig (path, value) VALUES ('entryTypes.f2313657-ca71-492d-9931-0f1a1c49cdce.fieldLayouts.bc02eba3-888e-4833-9396-af64dae92bee.tabs.1.elements.5.warning', 'null');
INSERT INTO public.projectconfig (path, value) VALUES ('entryTypes.f2313657-ca71-492d-9931-0f1a1c49cdce.fieldLayouts.bc02eba3-888e-4833-9396-af64dae92bee.tabs.1.elements.5.width', '25');
INSERT INTO public.projectconfig (path, value) VALUES ('entryTypes.f2313657-ca71-492d-9931-0f1a1c49cdce.fieldLayouts.bc02eba3-888e-4833-9396-af64dae92bee.tabs.1.elements.6.fieldUid', '"f226fb33-c938-4e3d-9c88-8d5678ddb8ea"');
INSERT INTO public.projectconfig (path, value) VALUES ('entryTypes.f2313657-ca71-492d-9931-0f1a1c49cdce.fieldLayouts.bc02eba3-888e-4833-9396-af64dae92bee.tabs.1.elements.6.instructions', 'null');
INSERT INTO public.projectconfig (path, value) VALUES ('entryTypes.f2313657-ca71-492d-9931-0f1a1c49cdce.fieldLayouts.bc02eba3-888e-4833-9396-af64dae92bee.tabs.1.elements.6.label', 'null');
INSERT INTO public.projectconfig (path, value) VALUES ('entryTypes.f2313657-ca71-492d-9931-0f1a1c49cdce.fieldLayouts.bc02eba3-888e-4833-9396-af64dae92bee.tabs.1.elements.6.required', 'false');
INSERT INTO public.projectconfig (path, value) VALUES ('entryTypes.f2313657-ca71-492d-9931-0f1a1c49cdce.fieldLayouts.bc02eba3-888e-4833-9396-af64dae92bee.tabs.1.elements.6.tip', 'null');
INSERT INTO public.projectconfig (path, value) VALUES ('entryTypes.f2313657-ca71-492d-9931-0f1a1c49cdce.fieldLayouts.bc02eba3-888e-4833-9396-af64dae92bee.tabs.1.elements.6.type', '"craft\\fieldlayoutelements\\CustomField"');
INSERT INTO public.projectconfig (path, value) VALUES ('entryTypes.f2313657-ca71-492d-9931-0f1a1c49cdce.fieldLayouts.bc02eba3-888e-4833-9396-af64dae92bee.tabs.1.elements.6.warning', 'null');
INSERT INTO public.projectconfig (path, value) VALUES ('entryTypes.f2313657-ca71-492d-9931-0f1a1c49cdce.fieldLayouts.bc02eba3-888e-4833-9396-af64dae92bee.tabs.1.elements.6.width', '25');
INSERT INTO public.projectconfig (path, value) VALUES ('entryTypes.f2313657-ca71-492d-9931-0f1a1c49cdce.fieldLayouts.bc02eba3-888e-4833-9396-af64dae92bee.tabs.1.name', '"Kontakt"');
INSERT INTO public.projectconfig (path, value) VALUES ('entryTypes.f2313657-ca71-492d-9931-0f1a1c49cdce.fieldLayouts.bc02eba3-888e-4833-9396-af64dae92bee.tabs.1.sortOrder', '2');
INSERT INTO public.projectconfig (path, value) VALUES ('entryTypes.f2313657-ca71-492d-9931-0f1a1c49cdce.handle', '"persons"');
INSERT INTO public.projectconfig (path, value) VALUES ('entryTypes.f2313657-ca71-492d-9931-0f1a1c49cdce.hasTitleField', 'false');
INSERT INTO public.projectconfig (path, value) VALUES ('entryTypes.f2313657-ca71-492d-9931-0f1a1c49cdce.name', '"Personen"');
INSERT INTO public.projectconfig (path, value) VALUES ('entryTypes.f2313657-ca71-492d-9931-0f1a1c49cdce.section', '"0daaa545-d1a0-4655-a507-2bac8b560f1d"');
INSERT INTO public.projectconfig (path, value) VALUES ('entryTypes.f2313657-ca71-492d-9931-0f1a1c49cdce.sortOrder', '1');
INSERT INTO public.projectconfig (path, value) VALUES ('entryTypes.4926019f-9936-4a51-a84f-38d927e89c25.fieldLayouts.0218e180-021b-4456-a518-adda18fa6acb.tabs.0.elements.0.title', 'null');
INSERT INTO public.projectconfig (path, value) VALUES ('entryTypes.4926019f-9936-4a51-a84f-38d927e89c25.fieldLayouts.0218e180-021b-4456-a518-adda18fa6acb.tabs.0.elements.0.type', '"craft\\fieldlayoutelements\\EntryTitleField"');
INSERT INTO public.projectconfig (path, value) VALUES ('entryTypes.4926019f-9936-4a51-a84f-38d927e89c25.fieldLayouts.0218e180-021b-4456-a518-adda18fa6acb.tabs.0.elements.0.warning', 'null');
INSERT INTO public.projectconfig (path, value) VALUES ('entryTypes.4926019f-9936-4a51-a84f-38d927e89c25.fieldLayouts.0218e180-021b-4456-a518-adda18fa6acb.tabs.0.elements.0.width', '100');
INSERT INTO public.projectconfig (path, value) VALUES ('entryTypes.4926019f-9936-4a51-a84f-38d927e89c25.fieldLayouts.0218e180-021b-4456-a518-adda18fa6acb.tabs.0.elements.1.fieldUid', '"51fb8b04-05e1-4476-a9f5-008860e78c6b"');
INSERT INTO public.projectconfig (path, value) VALUES ('entryTypes.4926019f-9936-4a51-a84f-38d927e89c25.fieldLayouts.0218e180-021b-4456-a518-adda18fa6acb.tabs.0.elements.1.instructions', 'null');
INSERT INTO public.projectconfig (path, value) VALUES ('entryTypes.4926019f-9936-4a51-a84f-38d927e89c25.fieldLayouts.0218e180-021b-4456-a518-adda18fa6acb.tabs.0.elements.1.label', 'null');
INSERT INTO public.projectconfig (path, value) VALUES ('entryTypes.4926019f-9936-4a51-a84f-38d927e89c25.fieldLayouts.0218e180-021b-4456-a518-adda18fa6acb.tabs.0.elements.1.required', 'false');
INSERT INTO public.projectconfig (path, value) VALUES ('entryTypes.4926019f-9936-4a51-a84f-38d927e89c25.fieldLayouts.0218e180-021b-4456-a518-adda18fa6acb.tabs.0.elements.1.tip', 'null');
INSERT INTO public.projectconfig (path, value) VALUES ('entryTypes.4926019f-9936-4a51-a84f-38d927e89c25.fieldLayouts.0218e180-021b-4456-a518-adda18fa6acb.tabs.0.elements.1.type', '"craft\\fieldlayoutelements\\CustomField"');
INSERT INTO public.projectconfig (path, value) VALUES ('entryTypes.4926019f-9936-4a51-a84f-38d927e89c25.fieldLayouts.0218e180-021b-4456-a518-adda18fa6acb.tabs.0.elements.1.warning', 'null');
INSERT INTO public.projectconfig (path, value) VALUES ('entryTypes.4926019f-9936-4a51-a84f-38d927e89c25.fieldLayouts.0218e180-021b-4456-a518-adda18fa6acb.tabs.0.elements.1.width', '100');
INSERT INTO public.projectconfig (path, value) VALUES ('entryTypes.4926019f-9936-4a51-a84f-38d927e89c25.fieldLayouts.0218e180-021b-4456-a518-adda18fa6acb.tabs.0.elements.2.type', '"craft\\fieldlayoutelements\\HorizontalRule"');
INSERT INTO public.projectconfig (path, value) VALUES ('entryTypes.4926019f-9936-4a51-a84f-38d927e89c25.fieldLayouts.0218e180-021b-4456-a518-adda18fa6acb.tabs.0.elements.3.fieldUid', '"9ef612f5-8b16-401c-bd20-058431414095"');
INSERT INTO public.projectconfig (path, value) VALUES ('entryTypes.4926019f-9936-4a51-a84f-38d927e89c25.fieldLayouts.0218e180-021b-4456-a518-adda18fa6acb.tabs.0.elements.3.instructions', 'null');
INSERT INTO public.projectconfig (path, value) VALUES ('entryTypes.4926019f-9936-4a51-a84f-38d927e89c25.fieldLayouts.0218e180-021b-4456-a518-adda18fa6acb.tabs.0.elements.3.label', 'null');
INSERT INTO public.projectconfig (path, value) VALUES ('entryTypes.4926019f-9936-4a51-a84f-38d927e89c25.fieldLayouts.0218e180-021b-4456-a518-adda18fa6acb.tabs.0.elements.3.required', 'false');
INSERT INTO public.projectconfig (path, value) VALUES ('entryTypes.4926019f-9936-4a51-a84f-38d927e89c25.fieldLayouts.0218e180-021b-4456-a518-adda18fa6acb.tabs.0.elements.3.tip', 'null');
INSERT INTO public.projectconfig (path, value) VALUES ('entryTypes.4926019f-9936-4a51-a84f-38d927e89c25.fieldLayouts.0218e180-021b-4456-a518-adda18fa6acb.tabs.0.elements.3.type', '"craft\\fieldlayoutelements\\CustomField"');
INSERT INTO public.projectconfig (path, value) VALUES ('entryTypes.4926019f-9936-4a51-a84f-38d927e89c25.fieldLayouts.0218e180-021b-4456-a518-adda18fa6acb.tabs.0.elements.3.warning', 'null');
INSERT INTO public.projectconfig (path, value) VALUES ('entryTypes.4926019f-9936-4a51-a84f-38d927e89c25.fieldLayouts.0218e180-021b-4456-a518-adda18fa6acb.tabs.0.elements.3.width', '50');
INSERT INTO public.projectconfig (path, value) VALUES ('entryTypes.4926019f-9936-4a51-a84f-38d927e89c25.fieldLayouts.0218e180-021b-4456-a518-adda18fa6acb.tabs.0.elements.4.fieldUid', '"10d914df-e824-4c0b-97c8-84c984dd0258"');
INSERT INTO public.projectconfig (path, value) VALUES ('entryTypes.4926019f-9936-4a51-a84f-38d927e89c25.fieldLayouts.0218e180-021b-4456-a518-adda18fa6acb.tabs.0.elements.4.instructions', 'null');
INSERT INTO public.projectconfig (path, value) VALUES ('entryTypes.4926019f-9936-4a51-a84f-38d927e89c25.fieldLayouts.0218e180-021b-4456-a518-adda18fa6acb.tabs.0.elements.4.label', 'null');
INSERT INTO public.projectconfig (path, value) VALUES ('entryTypes.4926019f-9936-4a51-a84f-38d927e89c25.fieldLayouts.0218e180-021b-4456-a518-adda18fa6acb.tabs.0.elements.4.required', 'false');
INSERT INTO public.projectconfig (path, value) VALUES ('entryTypes.4926019f-9936-4a51-a84f-38d927e89c25.fieldLayouts.0218e180-021b-4456-a518-adda18fa6acb.tabs.0.elements.4.tip', 'null');
INSERT INTO public.projectconfig (path, value) VALUES ('entryTypes.4926019f-9936-4a51-a84f-38d927e89c25.fieldLayouts.0218e180-021b-4456-a518-adda18fa6acb.tabs.0.elements.4.type', '"craft\\fieldlayoutelements\\CustomField"');
INSERT INTO public.projectconfig (path, value) VALUES ('entryTypes.4926019f-9936-4a51-a84f-38d927e89c25.fieldLayouts.0218e180-021b-4456-a518-adda18fa6acb.tabs.0.elements.4.warning', 'null');
INSERT INTO public.projectconfig (path, value) VALUES ('entryTypes.4926019f-9936-4a51-a84f-38d927e89c25.fieldLayouts.0218e180-021b-4456-a518-adda18fa6acb.tabs.0.elements.4.width', '50');
INSERT INTO public.projectconfig (path, value) VALUES ('entryTypes.4926019f-9936-4a51-a84f-38d927e89c25.fieldLayouts.0218e180-021b-4456-a518-adda18fa6acb.tabs.0.name', '"Inhalt"');
INSERT INTO public.projectconfig (path, value) VALUES ('entryTypes.4926019f-9936-4a51-a84f-38d927e89c25.fieldLayouts.0218e180-021b-4456-a518-adda18fa6acb.tabs.0.sortOrder', '1');
INSERT INTO public.projectconfig (path, value) VALUES ('entryTypes.4926019f-9936-4a51-a84f-38d927e89c25.fieldLayouts.0218e180-021b-4456-a518-adda18fa6acb.tabs.1.elements.0.fieldUid', '"ee9512d9-701e-4e12-842e-02a6030b0da9"');
INSERT INTO public.projectconfig (path, value) VALUES ('entryTypes.4926019f-9936-4a51-a84f-38d927e89c25.fieldLayouts.0218e180-021b-4456-a518-adda18fa6acb.tabs.1.elements.0.instructions', 'null');
INSERT INTO public.projectconfig (path, value) VALUES ('entryTypes.4926019f-9936-4a51-a84f-38d927e89c25.fieldLayouts.0218e180-021b-4456-a518-adda18fa6acb.tabs.1.elements.0.label', 'null');
INSERT INTO public.projectconfig (path, value) VALUES ('entryTypes.4926019f-9936-4a51-a84f-38d927e89c25.fieldLayouts.0218e180-021b-4456-a518-adda18fa6acb.tabs.1.elements.0.required', 'false');
INSERT INTO public.projectconfig (path, value) VALUES ('entryTypes.4926019f-9936-4a51-a84f-38d927e89c25.fieldLayouts.0218e180-021b-4456-a518-adda18fa6acb.tabs.1.elements.0.tip', 'null');
INSERT INTO public.projectconfig (path, value) VALUES ('entryTypes.4926019f-9936-4a51-a84f-38d927e89c25.fieldLayouts.0218e180-021b-4456-a518-adda18fa6acb.tabs.1.elements.0.type', '"craft\\fieldlayoutelements\\CustomField"');
INSERT INTO public.projectconfig (path, value) VALUES ('entryTypes.4926019f-9936-4a51-a84f-38d927e89c25.fieldLayouts.0218e180-021b-4456-a518-adda18fa6acb.tabs.1.elements.0.warning', 'null');
INSERT INTO public.projectconfig (path, value) VALUES ('entryTypes.4926019f-9936-4a51-a84f-38d927e89c25.fieldLayouts.0218e180-021b-4456-a518-adda18fa6acb.tabs.1.elements.0.width', '100');
INSERT INTO public.projectconfig (path, value) VALUES ('entryTypes.4926019f-9936-4a51-a84f-38d927e89c25.fieldLayouts.0218e180-021b-4456-a518-adda18fa6acb.tabs.1.elements.1.fieldUid', '"e95bbf80-2274-41dc-b724-b2a404d796de"');
INSERT INTO public.projectconfig (path, value) VALUES ('entryTypes.4926019f-9936-4a51-a84f-38d927e89c25.fieldLayouts.0218e180-021b-4456-a518-adda18fa6acb.tabs.1.elements.1.instructions', 'null');
INSERT INTO public.projectconfig (path, value) VALUES ('entryTypes.4926019f-9936-4a51-a84f-38d927e89c25.fieldLayouts.0218e180-021b-4456-a518-adda18fa6acb.tabs.1.elements.1.label', 'null');
INSERT INTO public.projectconfig (path, value) VALUES ('entryTypes.4926019f-9936-4a51-a84f-38d927e89c25.fieldLayouts.0218e180-021b-4456-a518-adda18fa6acb.tabs.1.elements.1.required', 'false');
INSERT INTO public.projectconfig (path, value) VALUES ('entryTypes.4926019f-9936-4a51-a84f-38d927e89c25.fieldLayouts.0218e180-021b-4456-a518-adda18fa6acb.tabs.1.elements.1.tip', 'null');
INSERT INTO public.projectconfig (path, value) VALUES ('entryTypes.4926019f-9936-4a51-a84f-38d927e89c25.fieldLayouts.0218e180-021b-4456-a518-adda18fa6acb.tabs.1.elements.1.type', '"craft\\fieldlayoutelements\\CustomField"');
INSERT INTO public.projectconfig (path, value) VALUES ('entryTypes.4926019f-9936-4a51-a84f-38d927e89c25.fieldLayouts.0218e180-021b-4456-a518-adda18fa6acb.tabs.1.elements.1.warning', 'null');
INSERT INTO public.projectconfig (path, value) VALUES ('entryTypes.4926019f-9936-4a51-a84f-38d927e89c25.fieldLayouts.0218e180-021b-4456-a518-adda18fa6acb.tabs.1.elements.1.width', '100');
INSERT INTO public.projectconfig (path, value) VALUES ('entryTypes.4926019f-9936-4a51-a84f-38d927e89c25.fieldLayouts.0218e180-021b-4456-a518-adda18fa6acb.tabs.1.name', '"Suchmaschine"');
INSERT INTO public.projectconfig (path, value) VALUES ('entryTypes.4926019f-9936-4a51-a84f-38d927e89c25.fieldLayouts.0218e180-021b-4456-a518-adda18fa6acb.tabs.1.sortOrder', '2');
INSERT INTO public.projectconfig (path, value) VALUES ('entryTypes.4926019f-9936-4a51-a84f-38d927e89c25.handle', '"downloads"');
INSERT INTO public.projectconfig (path, value) VALUES ('entryTypes.4926019f-9936-4a51-a84f-38d927e89c25.hasTitleField', 'true');
INSERT INTO public.projectconfig (path, value) VALUES ('entryTypes.4926019f-9936-4a51-a84f-38d927e89c25.name', '"Downloads & Medien"');
INSERT INTO public.projectconfig (path, value) VALUES ('entryTypes.4926019f-9936-4a51-a84f-38d927e89c25.section', '"f65cbcf7-3ede-40b8-b09e-b3a8e1a4674c"');
INSERT INTO public.projectconfig (path, value) VALUES ('entryTypes.4926019f-9936-4a51-a84f-38d927e89c25.sortOrder', '1');
INSERT INTO public.projectconfig (path, value) VALUES ('entryTypes.4926019f-9936-4a51-a84f-38d927e89c25.titleFormat', 'null');
INSERT INTO public.projectconfig (path, value) VALUES ('entryTypes.4926019f-9936-4a51-a84f-38d927e89c25.titleTranslationKeyFormat', 'null');
INSERT INTO public.projectconfig (path, value) VALUES ('entryTypes.4926019f-9936-4a51-a84f-38d927e89c25.titleTranslationMethod', '"site"');
INSERT INTO public.projectconfig (path, value) VALUES ('entryTypes.f2313657-ca71-492d-9931-0f1a1c49cdce.titleFormat', '"{title}_{salutation}_{firstname}_{lastname}"');
INSERT INTO public.projectconfig (path, value) VALUES ('entryTypes.0d410440-cbd2-47b2-8a7f-21e7b8afe43e.fieldLayouts.c2bfcb97-5a33-4391-aef6-f939514b2fdf.tabs.1.elements.1.instructions', 'null');
INSERT INTO public.projectconfig (path, value) VALUES ('entryTypes.0d410440-cbd2-47b2-8a7f-21e7b8afe43e.fieldLayouts.c2bfcb97-5a33-4391-aef6-f939514b2fdf.tabs.1.elements.1.label', 'null');
INSERT INTO public.projectconfig (path, value) VALUES ('entryTypes.0d410440-cbd2-47b2-8a7f-21e7b8afe43e.fieldLayouts.c2bfcb97-5a33-4391-aef6-f939514b2fdf.tabs.1.elements.1.required', 'false');
INSERT INTO public.projectconfig (path, value) VALUES ('entryTypes.0d410440-cbd2-47b2-8a7f-21e7b8afe43e.fieldLayouts.c2bfcb97-5a33-4391-aef6-f939514b2fdf.tabs.1.elements.1.tip', 'null');
INSERT INTO public.projectconfig (path, value) VALUES ('entryTypes.0d410440-cbd2-47b2-8a7f-21e7b8afe43e.fieldLayouts.c2bfcb97-5a33-4391-aef6-f939514b2fdf.tabs.1.elements.1.type', '"craft\\fieldlayoutelements\\CustomField"');
INSERT INTO public.projectconfig (path, value) VALUES ('entryTypes.0d410440-cbd2-47b2-8a7f-21e7b8afe43e.fieldLayouts.c2bfcb97-5a33-4391-aef6-f939514b2fdf.tabs.1.elements.1.warning', 'null');
INSERT INTO public.projectconfig (path, value) VALUES ('entryTypes.0d410440-cbd2-47b2-8a7f-21e7b8afe43e.fieldLayouts.c2bfcb97-5a33-4391-aef6-f939514b2fdf.tabs.1.elements.1.width', '100');
INSERT INTO public.projectconfig (path, value) VALUES ('entryTypes.0d410440-cbd2-47b2-8a7f-21e7b8afe43e.fieldLayouts.c2bfcb97-5a33-4391-aef6-f939514b2fdf.tabs.1.name', '"Suchmaschinen"');
INSERT INTO public.projectconfig (path, value) VALUES ('entryTypes.0d410440-cbd2-47b2-8a7f-21e7b8afe43e.fieldLayouts.c2bfcb97-5a33-4391-aef6-f939514b2fdf.tabs.1.sortOrder', '2');
INSERT INTO public.projectconfig (path, value) VALUES ('entryTypes.0d410440-cbd2-47b2-8a7f-21e7b8afe43e.fieldLayouts.c2bfcb97-5a33-4391-aef6-f939514b2fdf.tabs.2.elements.0.fieldUid', '"739c8fb6-1cae-4dcb-94a0-59d0cbe8f662"');
INSERT INTO public.projectconfig (path, value) VALUES ('entryTypes.0d410440-cbd2-47b2-8a7f-21e7b8afe43e.fieldLayouts.c2bfcb97-5a33-4391-aef6-f939514b2fdf.tabs.2.elements.0.instructions', 'null');
INSERT INTO public.projectconfig (path, value) VALUES ('entryTypes.0d410440-cbd2-47b2-8a7f-21e7b8afe43e.fieldLayouts.c2bfcb97-5a33-4391-aef6-f939514b2fdf.tabs.2.elements.0.label', 'null');
INSERT INTO public.projectconfig (path, value) VALUES ('entryTypes.0d410440-cbd2-47b2-8a7f-21e7b8afe43e.fieldLayouts.c2bfcb97-5a33-4391-aef6-f939514b2fdf.tabs.2.elements.0.required', 'false');
INSERT INTO public.projectconfig (path, value) VALUES ('entryTypes.0d410440-cbd2-47b2-8a7f-21e7b8afe43e.fieldLayouts.c2bfcb97-5a33-4391-aef6-f939514b2fdf.tabs.2.elements.0.tip', 'null');
INSERT INTO public.projectconfig (path, value) VALUES ('entryTypes.0d410440-cbd2-47b2-8a7f-21e7b8afe43e.fieldLayouts.c2bfcb97-5a33-4391-aef6-f939514b2fdf.tabs.2.elements.0.type', '"craft\\fieldlayoutelements\\CustomField"');
INSERT INTO public.projectconfig (path, value) VALUES ('entryTypes.0d410440-cbd2-47b2-8a7f-21e7b8afe43e.fieldLayouts.c2bfcb97-5a33-4391-aef6-f939514b2fdf.tabs.2.elements.0.warning', 'null');
INSERT INTO public.projectconfig (path, value) VALUES ('entryTypes.0d410440-cbd2-47b2-8a7f-21e7b8afe43e.fieldLayouts.c2bfcb97-5a33-4391-aef6-f939514b2fdf.tabs.2.elements.0.width', '100');
INSERT INTO public.projectconfig (path, value) VALUES ('entryTypes.f2313657-ca71-492d-9931-0f1a1c49cdce.titleTranslationKeyFormat', 'null');
INSERT INTO public.projectconfig (path, value) VALUES ('entryTypes.f2313657-ca71-492d-9931-0f1a1c49cdce.titleTranslationMethod', '"none"');
INSERT INTO public.projectconfig (path, value) VALUES ('entryTypes.0d410440-cbd2-47b2-8a7f-21e7b8afe43e.fieldLayouts.c2bfcb97-5a33-4391-aef6-f939514b2fdf.tabs.2.elements.1.fieldUid', '"9e502000-1aa2-4c0c-aff6-210966db7501"');
INSERT INTO public.projectconfig (path, value) VALUES ('entryTypes.0d410440-cbd2-47b2-8a7f-21e7b8afe43e.fieldLayouts.c2bfcb97-5a33-4391-aef6-f939514b2fdf.tabs.2.elements.1.instructions', 'null');
INSERT INTO public.projectconfig (path, value) VALUES ('entryTypes.0d410440-cbd2-47b2-8a7f-21e7b8afe43e.fieldLayouts.c2bfcb97-5a33-4391-aef6-f939514b2fdf.tabs.2.elements.1.label', 'null');
INSERT INTO public.projectconfig (path, value) VALUES ('entryTypes.0d410440-cbd2-47b2-8a7f-21e7b8afe43e.fieldLayouts.c2bfcb97-5a33-4391-aef6-f939514b2fdf.tabs.2.elements.1.required', 'false');
INSERT INTO public.projectconfig (path, value) VALUES ('entryTypes.0d410440-cbd2-47b2-8a7f-21e7b8afe43e.fieldLayouts.c2bfcb97-5a33-4391-aef6-f939514b2fdf.tabs.2.elements.1.tip', 'null');
INSERT INTO public.projectconfig (path, value) VALUES ('entryTypes.0d410440-cbd2-47b2-8a7f-21e7b8afe43e.fieldLayouts.c2bfcb97-5a33-4391-aef6-f939514b2fdf.tabs.2.elements.1.type', '"craft\\fieldlayoutelements\\CustomField"');
INSERT INTO public.projectconfig (path, value) VALUES ('entryTypes.0d410440-cbd2-47b2-8a7f-21e7b8afe43e.fieldLayouts.c2bfcb97-5a33-4391-aef6-f939514b2fdf.tabs.2.elements.1.warning', 'null');
INSERT INTO public.projectconfig (path, value) VALUES ('entryTypes.0d410440-cbd2-47b2-8a7f-21e7b8afe43e.fieldLayouts.c2bfcb97-5a33-4391-aef6-f939514b2fdf.tabs.2.elements.1.width', '100');
INSERT INTO public.projectconfig (path, value) VALUES ('entryTypes.0d410440-cbd2-47b2-8a7f-21e7b8afe43e.fieldLayouts.c2bfcb97-5a33-4391-aef6-f939514b2fdf.tabs.2.elements.2.fieldUid', '"d18731cd-c210-4397-bae3-3d498d1b6d8a"');
INSERT INTO public.projectconfig (path, value) VALUES ('entryTypes.0d410440-cbd2-47b2-8a7f-21e7b8afe43e.fieldLayouts.c2bfcb97-5a33-4391-aef6-f939514b2fdf.tabs.2.elements.2.instructions', 'null');
INSERT INTO public.projectconfig (path, value) VALUES ('entryTypes.0d410440-cbd2-47b2-8a7f-21e7b8afe43e.fieldLayouts.c2bfcb97-5a33-4391-aef6-f939514b2fdf.tabs.2.elements.2.label', 'null');
INSERT INTO public.projectconfig (path, value) VALUES ('entryTypes.0d410440-cbd2-47b2-8a7f-21e7b8afe43e.fieldLayouts.c2bfcb97-5a33-4391-aef6-f939514b2fdf.tabs.2.elements.2.required', 'false');
INSERT INTO public.projectconfig (path, value) VALUES ('entryTypes.0d410440-cbd2-47b2-8a7f-21e7b8afe43e.fieldLayouts.c2bfcb97-5a33-4391-aef6-f939514b2fdf.tabs.2.elements.2.tip', 'null');
INSERT INTO public.projectconfig (path, value) VALUES ('entryTypes.0d410440-cbd2-47b2-8a7f-21e7b8afe43e.fieldLayouts.c2bfcb97-5a33-4391-aef6-f939514b2fdf.tabs.2.elements.2.type', '"craft\\fieldlayoutelements\\CustomField"');
INSERT INTO public.projectconfig (path, value) VALUES ('entryTypes.0d410440-cbd2-47b2-8a7f-21e7b8afe43e.fieldLayouts.c2bfcb97-5a33-4391-aef6-f939514b2fdf.tabs.2.elements.2.warning', 'null');
INSERT INTO public.projectconfig (path, value) VALUES ('entryTypes.0d410440-cbd2-47b2-8a7f-21e7b8afe43e.fieldLayouts.c2bfcb97-5a33-4391-aef6-f939514b2fdf.tabs.2.elements.2.width', '100');
INSERT INTO public.projectconfig (path, value) VALUES ('entryTypes.0d410440-cbd2-47b2-8a7f-21e7b8afe43e.fieldLayouts.c2bfcb97-5a33-4391-aef6-f939514b2fdf.tabs.2.name', '"Medien"');
INSERT INTO public.projectconfig (path, value) VALUES ('entryTypes.0d410440-cbd2-47b2-8a7f-21e7b8afe43e.fieldLayouts.c2bfcb97-5a33-4391-aef6-f939514b2fdf.tabs.2.sortOrder', '3');
INSERT INTO public.projectconfig (path, value) VALUES ('entryTypes.0d410440-cbd2-47b2-8a7f-21e7b8afe43e.fieldLayouts.c2bfcb97-5a33-4391-aef6-f939514b2fdf.tabs.3.elements.0.fieldUid', '"d93f6cc8-3554-4692-88db-230dc7d9bf0b"');
INSERT INTO public.projectconfig (path, value) VALUES ('entryTypes.0d410440-cbd2-47b2-8a7f-21e7b8afe43e.fieldLayouts.c2bfcb97-5a33-4391-aef6-f939514b2fdf.tabs.3.elements.0.instructions', 'null');
INSERT INTO public.projectconfig (path, value) VALUES ('entryTypes.0d410440-cbd2-47b2-8a7f-21e7b8afe43e.fieldLayouts.c2bfcb97-5a33-4391-aef6-f939514b2fdf.tabs.3.elements.0.label', 'null');
INSERT INTO public.projectconfig (path, value) VALUES ('entryTypes.0d410440-cbd2-47b2-8a7f-21e7b8afe43e.fieldLayouts.c2bfcb97-5a33-4391-aef6-f939514b2fdf.tabs.3.elements.0.required', 'false');
INSERT INTO public.projectconfig (path, value) VALUES ('entryTypes.0d410440-cbd2-47b2-8a7f-21e7b8afe43e.fieldLayouts.c2bfcb97-5a33-4391-aef6-f939514b2fdf.tabs.3.elements.0.tip', 'null');
INSERT INTO public.projectconfig (path, value) VALUES ('fields.dd5974d9-ec7e-426b-aba0-2a01563861f4.translationMethod', '"site"');
INSERT INTO public.projectconfig (path, value) VALUES ('fields.dd5974d9-ec7e-426b-aba0-2a01563861f4.type', '"craft\\fields\\Entries"');
INSERT INTO public.projectconfig (path, value) VALUES ('fields.0fe7b7e2-1d66-4533-b80c-3e1b63fce160.fieldGroup', '"1409bb4a-dc75-44ba-99c9-5234616c4ab7"');
INSERT INTO public.projectconfig (path, value) VALUES ('fields.0fe7b7e2-1d66-4533-b80c-3e1b63fce160.handle', '"event_date"');
INSERT INTO public.projectconfig (path, value) VALUES ('fields.0fe7b7e2-1d66-4533-b80c-3e1b63fce160.instructions', '""');
INSERT INTO public.projectconfig (path, value) VALUES ('fields.0fe7b7e2-1d66-4533-b80c-3e1b63fce160.name', '"Datum"');
INSERT INTO public.projectconfig (path, value) VALUES ('fields.0fe7b7e2-1d66-4533-b80c-3e1b63fce160.searchable', 'false');
INSERT INTO public.projectconfig (path, value) VALUES ('fields.0fe7b7e2-1d66-4533-b80c-3e1b63fce160.settings.max', 'null');
INSERT INTO public.projectconfig (path, value) VALUES ('fields.0fe7b7e2-1d66-4533-b80c-3e1b63fce160.settings.min', 'null');
INSERT INTO public.projectconfig (path, value) VALUES ('fields.0fe7b7e2-1d66-4533-b80c-3e1b63fce160.settings.minuteIncrement', '"60"');
INSERT INTO public.projectconfig (path, value) VALUES ('fields.0fe7b7e2-1d66-4533-b80c-3e1b63fce160.settings.showDate', 'true');
INSERT INTO public.projectconfig (path, value) VALUES ('fields.0fe7b7e2-1d66-4533-b80c-3e1b63fce160.settings.showTime', 'true');
INSERT INTO public.projectconfig (path, value) VALUES ('fields.0fe7b7e2-1d66-4533-b80c-3e1b63fce160.translationKeyFormat', 'null');
INSERT INTO public.projectconfig (path, value) VALUES ('fields.0fe7b7e2-1d66-4533-b80c-3e1b63fce160.translationMethod', '"none"');
INSERT INTO public.projectconfig (path, value) VALUES ('fields.0fe7b7e2-1d66-4533-b80c-3e1b63fce160.type', '"craft\\fields\\Date"');
INSERT INTO public.projectconfig (path, value) VALUES ('fields.b29474fd-4aaa-4f11-9f8f-eae1269ca9e0.translationMethod', '"none"');
INSERT INTO public.projectconfig (path, value) VALUES ('fields.b29474fd-4aaa-4f11-9f8f-eae1269ca9e0.type', '"craft\\fields\\Date"');
INSERT INTO public.projectconfig (path, value) VALUES ('entryTypes.75c0a1e7-4014-4664-ac9e-01d4114becdc.fieldLayouts.e633e577-fc52-4574-8ccb-971dbe2edda4.tabs.0.elements.4.tip', 'null');
INSERT INTO public.projectconfig (path, value) VALUES ('entryTypes.75c0a1e7-4014-4664-ac9e-01d4114becdc.fieldLayouts.e633e577-fc52-4574-8ccb-971dbe2edda4.tabs.0.elements.4.type', '"craft\\fieldlayoutelements\\CustomField"');
INSERT INTO public.projectconfig (path, value) VALUES ('entryTypes.75c0a1e7-4014-4664-ac9e-01d4114becdc.fieldLayouts.e633e577-fc52-4574-8ccb-971dbe2edda4.tabs.0.elements.4.warning', 'null');
INSERT INTO public.projectconfig (path, value) VALUES ('entryTypes.75c0a1e7-4014-4664-ac9e-01d4114becdc.fieldLayouts.e633e577-fc52-4574-8ccb-971dbe2edda4.tabs.0.elements.4.width', '25');
INSERT INTO public.projectconfig (path, value) VALUES ('entryTypes.75c0a1e7-4014-4664-ac9e-01d4114becdc.fieldLayouts.e633e577-fc52-4574-8ccb-971dbe2edda4.tabs.0.elements.5.fieldUid', '"38135310-b63d-4169-8f04-6fbbe0404998"');
INSERT INTO public.projectconfig (path, value) VALUES ('entryTypes.75c0a1e7-4014-4664-ac9e-01d4114becdc.fieldLayouts.e633e577-fc52-4574-8ccb-971dbe2edda4.tabs.0.elements.5.instructions', 'null');
INSERT INTO public.projectconfig (path, value) VALUES ('entryTypes.75c0a1e7-4014-4664-ac9e-01d4114becdc.fieldLayouts.e633e577-fc52-4574-8ccb-971dbe2edda4.tabs.0.elements.5.label', 'null');
INSERT INTO public.projectconfig (path, value) VALUES ('entryTypes.75c0a1e7-4014-4664-ac9e-01d4114becdc.fieldLayouts.e633e577-fc52-4574-8ccb-971dbe2edda4.tabs.0.elements.5.required', 'false');
INSERT INTO public.projectconfig (path, value) VALUES ('entryTypes.75c0a1e7-4014-4664-ac9e-01d4114becdc.fieldLayouts.e633e577-fc52-4574-8ccb-971dbe2edda4.tabs.0.elements.5.tip', 'null');
INSERT INTO public.projectconfig (path, value) VALUES ('entryTypes.75c0a1e7-4014-4664-ac9e-01d4114becdc.fieldLayouts.e633e577-fc52-4574-8ccb-971dbe2edda4.tabs.0.elements.5.type', '"craft\\fieldlayoutelements\\CustomField"');
INSERT INTO public.projectconfig (path, value) VALUES ('entryTypes.75c0a1e7-4014-4664-ac9e-01d4114becdc.fieldLayouts.e633e577-fc52-4574-8ccb-971dbe2edda4.tabs.0.elements.5.warning', 'null');
INSERT INTO public.projectconfig (path, value) VALUES ('entryTypes.75c0a1e7-4014-4664-ac9e-01d4114becdc.fieldLayouts.e633e577-fc52-4574-8ccb-971dbe2edda4.tabs.0.elements.5.width', '100');
INSERT INTO public.projectconfig (path, value) VALUES ('entryTypes.75c0a1e7-4014-4664-ac9e-01d4114becdc.fieldLayouts.e633e577-fc52-4574-8ccb-971dbe2edda4.tabs.0.elements.6.fieldUid', '"18d73ec4-3757-40a2-a96a-cdedf667d895"');
INSERT INTO public.projectconfig (path, value) VALUES ('entryTypes.75c0a1e7-4014-4664-ac9e-01d4114becdc.fieldLayouts.e633e577-fc52-4574-8ccb-971dbe2edda4.tabs.0.elements.6.instructions', 'null');
INSERT INTO public.projectconfig (path, value) VALUES ('entryTypes.75c0a1e7-4014-4664-ac9e-01d4114becdc.fieldLayouts.e633e577-fc52-4574-8ccb-971dbe2edda4.tabs.0.elements.6.label', 'null');
INSERT INTO public.projectconfig (path, value) VALUES ('entryTypes.75c0a1e7-4014-4664-ac9e-01d4114becdc.fieldLayouts.e633e577-fc52-4574-8ccb-971dbe2edda4.tabs.0.elements.6.required', 'false');
INSERT INTO public.projectconfig (path, value) VALUES ('entryTypes.75c0a1e7-4014-4664-ac9e-01d4114becdc.fieldLayouts.e633e577-fc52-4574-8ccb-971dbe2edda4.tabs.0.elements.6.tip', 'null');
INSERT INTO public.projectconfig (path, value) VALUES ('entryTypes.75c0a1e7-4014-4664-ac9e-01d4114becdc.fieldLayouts.e633e577-fc52-4574-8ccb-971dbe2edda4.tabs.0.elements.6.type', '"craft\\fieldlayoutelements\\CustomField"');
INSERT INTO public.projectconfig (path, value) VALUES ('entryTypes.75c0a1e7-4014-4664-ac9e-01d4114becdc.fieldLayouts.e633e577-fc52-4574-8ccb-971dbe2edda4.tabs.0.elements.6.warning', 'null');
INSERT INTO public.projectconfig (path, value) VALUES ('entryTypes.75c0a1e7-4014-4664-ac9e-01d4114becdc.fieldLayouts.e633e577-fc52-4574-8ccb-971dbe2edda4.tabs.0.elements.6.width', '100');
INSERT INTO public.projectconfig (path, value) VALUES ('entryTypes.75c0a1e7-4014-4664-ac9e-01d4114becdc.fieldLayouts.e633e577-fc52-4574-8ccb-971dbe2edda4.tabs.0.elements.7.type', '"craft\\fieldlayoutelements\\HorizontalRule"');
INSERT INTO public.projectconfig (path, value) VALUES ('entryTypes.75c0a1e7-4014-4664-ac9e-01d4114becdc.fieldLayouts.e633e577-fc52-4574-8ccb-971dbe2edda4.tabs.0.elements.8.fieldUid', '"9ef612f5-8b16-401c-bd20-058431414095"');
INSERT INTO public.projectconfig (path, value) VALUES ('fieldGroups.fb32794f-b761-46ab-b045-7c0821da0010.name', '"Article"');
INSERT INTO public.projectconfig (path, value) VALUES ('entryTypes.75c0a1e7-4014-4664-ac9e-01d4114becdc.fieldLayouts.e633e577-fc52-4574-8ccb-971dbe2edda4.tabs.0.elements.0.autocapitalize', 'true');
INSERT INTO public.projectconfig (path, value) VALUES ('entryTypes.75c0a1e7-4014-4664-ac9e-01d4114becdc.fieldLayouts.e633e577-fc52-4574-8ccb-971dbe2edda4.tabs.0.elements.0.autocomplete', 'false');
INSERT INTO public.projectconfig (path, value) VALUES ('entryTypes.75c0a1e7-4014-4664-ac9e-01d4114becdc.fieldLayouts.e633e577-fc52-4574-8ccb-971dbe2edda4.tabs.0.elements.0.autocorrect', 'true');
INSERT INTO public.projectconfig (path, value) VALUES ('entryTypes.75c0a1e7-4014-4664-ac9e-01d4114becdc.fieldLayouts.e633e577-fc52-4574-8ccb-971dbe2edda4.tabs.0.elements.0.class', 'null');
INSERT INTO public.projectconfig (path, value) VALUES ('entryTypes.75c0a1e7-4014-4664-ac9e-01d4114becdc.fieldLayouts.e633e577-fc52-4574-8ccb-971dbe2edda4.tabs.0.elements.0.disabled', 'false');
INSERT INTO public.projectconfig (path, value) VALUES ('entryTypes.75c0a1e7-4014-4664-ac9e-01d4114becdc.fieldLayouts.e633e577-fc52-4574-8ccb-971dbe2edda4.tabs.0.elements.0.id', 'null');
INSERT INTO public.projectconfig (path, value) VALUES ('entryTypes.75c0a1e7-4014-4664-ac9e-01d4114becdc.fieldLayouts.e633e577-fc52-4574-8ccb-971dbe2edda4.tabs.0.elements.0.instructions', 'null');
INSERT INTO public.projectconfig (path, value) VALUES ('entryTypes.75c0a1e7-4014-4664-ac9e-01d4114becdc.fieldLayouts.e633e577-fc52-4574-8ccb-971dbe2edda4.tabs.0.elements.0.label', 'null');
INSERT INTO public.projectconfig (path, value) VALUES ('entryTypes.75c0a1e7-4014-4664-ac9e-01d4114becdc.fieldLayouts.e633e577-fc52-4574-8ccb-971dbe2edda4.tabs.0.elements.0.max', 'null');
INSERT INTO public.projectconfig (path, value) VALUES ('entryTypes.75c0a1e7-4014-4664-ac9e-01d4114becdc.fieldLayouts.e633e577-fc52-4574-8ccb-971dbe2edda4.tabs.0.elements.0.min', 'null');
INSERT INTO public.projectconfig (path, value) VALUES ('entryTypes.75c0a1e7-4014-4664-ac9e-01d4114becdc.fieldLayouts.e633e577-fc52-4574-8ccb-971dbe2edda4.tabs.0.elements.0.name', 'null');
INSERT INTO public.projectconfig (path, value) VALUES ('entryTypes.75c0a1e7-4014-4664-ac9e-01d4114becdc.fieldLayouts.e633e577-fc52-4574-8ccb-971dbe2edda4.tabs.0.elements.0.orientation', 'null');
INSERT INTO public.projectconfig (path, value) VALUES ('entryTypes.75c0a1e7-4014-4664-ac9e-01d4114becdc.fieldLayouts.e633e577-fc52-4574-8ccb-971dbe2edda4.tabs.0.elements.0.placeholder', 'null');
INSERT INTO public.projectconfig (path, value) VALUES ('entryTypes.75c0a1e7-4014-4664-ac9e-01d4114becdc.fieldLayouts.e633e577-fc52-4574-8ccb-971dbe2edda4.tabs.0.elements.0.readonly', 'false');
INSERT INTO public.projectconfig (path, value) VALUES ('entryTypes.75c0a1e7-4014-4664-ac9e-01d4114becdc.fieldLayouts.e633e577-fc52-4574-8ccb-971dbe2edda4.tabs.0.elements.0.requirable', 'false');
INSERT INTO public.projectconfig (path, value) VALUES ('entryTypes.75c0a1e7-4014-4664-ac9e-01d4114becdc.fieldLayouts.e633e577-fc52-4574-8ccb-971dbe2edda4.tabs.0.elements.0.size', 'null');
INSERT INTO public.projectconfig (path, value) VALUES ('entryTypes.75c0a1e7-4014-4664-ac9e-01d4114becdc.fieldLayouts.e633e577-fc52-4574-8ccb-971dbe2edda4.tabs.0.elements.0.step', 'null');
INSERT INTO public.projectconfig (path, value) VALUES ('entryTypes.75c0a1e7-4014-4664-ac9e-01d4114becdc.fieldLayouts.e633e577-fc52-4574-8ccb-971dbe2edda4.tabs.0.elements.0.tip', 'null');
INSERT INTO public.projectconfig (path, value) VALUES ('entryTypes.75c0a1e7-4014-4664-ac9e-01d4114becdc.fieldLayouts.e633e577-fc52-4574-8ccb-971dbe2edda4.tabs.0.elements.0.title', 'null');
INSERT INTO public.projectconfig (path, value) VALUES ('entryTypes.75c0a1e7-4014-4664-ac9e-01d4114becdc.fieldLayouts.e633e577-fc52-4574-8ccb-971dbe2edda4.tabs.0.elements.0.type', '"craft\\fieldlayoutelements\\EntryTitleField"');
INSERT INTO public.projectconfig (path, value) VALUES ('entryTypes.75c0a1e7-4014-4664-ac9e-01d4114becdc.fieldLayouts.e633e577-fc52-4574-8ccb-971dbe2edda4.tabs.0.elements.0.warning', 'null');
INSERT INTO public.projectconfig (path, value) VALUES ('entryTypes.75c0a1e7-4014-4664-ac9e-01d4114becdc.fieldLayouts.e633e577-fc52-4574-8ccb-971dbe2edda4.tabs.0.elements.0.width', '100');
INSERT INTO public.projectconfig (path, value) VALUES ('entryTypes.75c0a1e7-4014-4664-ac9e-01d4114becdc.fieldLayouts.e633e577-fc52-4574-8ccb-971dbe2edda4.tabs.0.elements.1.fieldUid', '"0fe7b7e2-1d66-4533-b80c-3e1b63fce160"');
INSERT INTO public.projectconfig (path, value) VALUES ('entryTypes.75c0a1e7-4014-4664-ac9e-01d4114becdc.fieldLayouts.e633e577-fc52-4574-8ccb-971dbe2edda4.tabs.0.elements.1.instructions', 'null');
INSERT INTO public.projectconfig (path, value) VALUES ('entryTypes.75c0a1e7-4014-4664-ac9e-01d4114becdc.fieldLayouts.e633e577-fc52-4574-8ccb-971dbe2edda4.tabs.0.elements.1.label', 'null');
INSERT INTO public.projectconfig (path, value) VALUES ('entryTypes.75c0a1e7-4014-4664-ac9e-01d4114becdc.fieldLayouts.e633e577-fc52-4574-8ccb-971dbe2edda4.tabs.0.elements.1.required', 'false');
INSERT INTO public.projectconfig (path, value) VALUES ('entryTypes.75c0a1e7-4014-4664-ac9e-01d4114becdc.fieldLayouts.e633e577-fc52-4574-8ccb-971dbe2edda4.tabs.0.elements.1.tip', 'null');
INSERT INTO public.projectconfig (path, value) VALUES ('entryTypes.75c0a1e7-4014-4664-ac9e-01d4114becdc.fieldLayouts.e633e577-fc52-4574-8ccb-971dbe2edda4.tabs.0.elements.1.type', '"craft\\fieldlayoutelements\\CustomField"');
INSERT INTO public.projectconfig (path, value) VALUES ('entryTypes.75c0a1e7-4014-4664-ac9e-01d4114becdc.fieldLayouts.e633e577-fc52-4574-8ccb-971dbe2edda4.tabs.0.elements.1.warning', 'null');
INSERT INTO public.projectconfig (path, value) VALUES ('entryTypes.75c0a1e7-4014-4664-ac9e-01d4114becdc.fieldLayouts.e633e577-fc52-4574-8ccb-971dbe2edda4.tabs.0.elements.1.width', '25');
INSERT INTO public.projectconfig (path, value) VALUES ('entryTypes.75c0a1e7-4014-4664-ac9e-01d4114becdc.fieldLayouts.e633e577-fc52-4574-8ccb-971dbe2edda4.tabs.0.elements.2.fieldUid', '"dd5974d9-ec7e-426b-aba0-2a01563861f4"');
INSERT INTO public.projectconfig (path, value) VALUES ('entryTypes.75c0a1e7-4014-4664-ac9e-01d4114becdc.fieldLayouts.e633e577-fc52-4574-8ccb-971dbe2edda4.tabs.0.elements.2.instructions', 'null');
INSERT INTO public.projectconfig (path, value) VALUES ('entryTypes.75c0a1e7-4014-4664-ac9e-01d4114becdc.fieldLayouts.e633e577-fc52-4574-8ccb-971dbe2edda4.tabs.0.elements.2.label', 'null');
INSERT INTO public.projectconfig (path, value) VALUES ('entryTypes.75c0a1e7-4014-4664-ac9e-01d4114becdc.fieldLayouts.e633e577-fc52-4574-8ccb-971dbe2edda4.tabs.0.elements.2.required', 'false');
INSERT INTO public.projectconfig (path, value) VALUES ('entryTypes.75c0a1e7-4014-4664-ac9e-01d4114becdc.fieldLayouts.e633e577-fc52-4574-8ccb-971dbe2edda4.tabs.0.elements.2.tip', 'null');
INSERT INTO public.projectconfig (path, value) VALUES ('entryTypes.75c0a1e7-4014-4664-ac9e-01d4114becdc.fieldLayouts.e633e577-fc52-4574-8ccb-971dbe2edda4.tabs.0.elements.2.type', '"craft\\fieldlayoutelements\\CustomField"');
INSERT INTO public.projectconfig (path, value) VALUES ('entryTypes.75c0a1e7-4014-4664-ac9e-01d4114becdc.fieldLayouts.e633e577-fc52-4574-8ccb-971dbe2edda4.tabs.0.elements.2.warning', 'null');
INSERT INTO public.projectconfig (path, value) VALUES ('entryTypes.75c0a1e7-4014-4664-ac9e-01d4114becdc.fieldLayouts.e633e577-fc52-4574-8ccb-971dbe2edda4.tabs.0.elements.2.width', '25');
INSERT INTO public.projectconfig (path, value) VALUES ('entryTypes.75c0a1e7-4014-4664-ac9e-01d4114becdc.fieldLayouts.e633e577-fc52-4574-8ccb-971dbe2edda4.tabs.0.elements.3.fieldUid', '"8b581eed-f474-4169-a920-318f01f5e16c"');
INSERT INTO public.projectconfig (path, value) VALUES ('entryTypes.75c0a1e7-4014-4664-ac9e-01d4114becdc.fieldLayouts.e633e577-fc52-4574-8ccb-971dbe2edda4.tabs.0.elements.3.instructions', 'null');
INSERT INTO public.projectconfig (path, value) VALUES ('entryTypes.75c0a1e7-4014-4664-ac9e-01d4114becdc.fieldLayouts.e633e577-fc52-4574-8ccb-971dbe2edda4.tabs.0.elements.3.label', 'null');
INSERT INTO public.projectconfig (path, value) VALUES ('entryTypes.75c0a1e7-4014-4664-ac9e-01d4114becdc.fieldLayouts.e633e577-fc52-4574-8ccb-971dbe2edda4.tabs.0.elements.3.required', 'false');
INSERT INTO public.projectconfig (path, value) VALUES ('entryTypes.75c0a1e7-4014-4664-ac9e-01d4114becdc.fieldLayouts.e633e577-fc52-4574-8ccb-971dbe2edda4.tabs.0.elements.3.tip', 'null');
INSERT INTO public.projectconfig (path, value) VALUES ('entryTypes.75c0a1e7-4014-4664-ac9e-01d4114becdc.fieldLayouts.e633e577-fc52-4574-8ccb-971dbe2edda4.tabs.0.elements.3.type', '"craft\\fieldlayoutelements\\CustomField"');
INSERT INTO public.projectconfig (path, value) VALUES ('entryTypes.75c0a1e7-4014-4664-ac9e-01d4114becdc.fieldLayouts.e633e577-fc52-4574-8ccb-971dbe2edda4.tabs.0.elements.3.warning', 'null');
INSERT INTO public.projectconfig (path, value) VALUES ('fields.1d9b5925-be5a-4c98-b2a8-eb7addbc635c.contentColumnType', '"text"');
INSERT INTO public.projectconfig (path, value) VALUES ('fields.1d9b5925-be5a-4c98-b2a8-eb7addbc635c.fieldGroup', '"ca6b85ed-e3a8-4acc-953d-6400dde26c06"');
INSERT INTO public.projectconfig (path, value) VALUES ('fields.1d9b5925-be5a-4c98-b2a8-eb7addbc635c.handle', '"sektor_id"');
INSERT INTO public.projectconfig (path, value) VALUES ('fields.1d9b5925-be5a-4c98-b2a8-eb7addbc635c.instructions', '""');
INSERT INTO public.projectconfig (path, value) VALUES ('fields.1d9b5925-be5a-4c98-b2a8-eb7addbc635c.name', '"SEKTOR ID"');
INSERT INTO public.projectconfig (path, value) VALUES ('fields.1d9b5925-be5a-4c98-b2a8-eb7addbc635c.searchable', 'false');
INSERT INTO public.projectconfig (path, value) VALUES ('fields.1d9b5925-be5a-4c98-b2a8-eb7addbc635c.settings.byteLimit', 'null');
INSERT INTO public.projectconfig (path, value) VALUES ('fields.1d9b5925-be5a-4c98-b2a8-eb7addbc635c.settings.charLimit', 'null');
INSERT INTO public.projectconfig (path, value) VALUES ('fields.1d9b5925-be5a-4c98-b2a8-eb7addbc635c.settings.code', '""');
INSERT INTO public.projectconfig (path, value) VALUES ('fields.1d9b5925-be5a-4c98-b2a8-eb7addbc635c.settings.columnType', 'null');
INSERT INTO public.projectconfig (path, value) VALUES ('fields.1d9b5925-be5a-4c98-b2a8-eb7addbc635c.settings.initialRows', '"4"');
INSERT INTO public.projectconfig (path, value) VALUES ('fields.1d9b5925-be5a-4c98-b2a8-eb7addbc635c.settings.multiline', '""');
INSERT INTO public.projectconfig (path, value) VALUES ('fields.1d9b5925-be5a-4c98-b2a8-eb7addbc635c.settings.placeholder', '""');
INSERT INTO public.projectconfig (path, value) VALUES ('fields.1d9b5925-be5a-4c98-b2a8-eb7addbc635c.settings.uiMode', '"normal"');
INSERT INTO public.projectconfig (path, value) VALUES ('fields.1d9b5925-be5a-4c98-b2a8-eb7addbc635c.translationKeyFormat', 'null');
INSERT INTO public.projectconfig (path, value) VALUES ('fields.1d9b5925-be5a-4c98-b2a8-eb7addbc635c.translationMethod', '"none"');
INSERT INTO public.projectconfig (path, value) VALUES ('fields.1d9b5925-be5a-4c98-b2a8-eb7addbc635c.type', '"craft\\fields\\PlainText"');
INSERT INTO public.projectconfig (path, value) VALUES ('entryTypes.5f92a88d-eede-41f6-8695-815d1211d2fe.fieldLayouts.fc561d93-5d34-40b4-a588-f309aeb64350.tabs.2.elements.0.instructions', 'null');
INSERT INTO public.projectconfig (path, value) VALUES ('entryTypes.5f92a88d-eede-41f6-8695-815d1211d2fe.fieldLayouts.fc561d93-5d34-40b4-a588-f309aeb64350.tabs.2.elements.0.label', 'null');
INSERT INTO public.projectconfig (path, value) VALUES ('entryTypes.5f92a88d-eede-41f6-8695-815d1211d2fe.fieldLayouts.fc561d93-5d34-40b4-a588-f309aeb64350.tabs.2.elements.0.required', 'false');
INSERT INTO public.projectconfig (path, value) VALUES ('entryTypes.5f92a88d-eede-41f6-8695-815d1211d2fe.fieldLayouts.fc561d93-5d34-40b4-a588-f309aeb64350.tabs.2.elements.0.tip', 'null');
INSERT INTO public.projectconfig (path, value) VALUES ('entryTypes.5f92a88d-eede-41f6-8695-815d1211d2fe.fieldLayouts.fc561d93-5d34-40b4-a588-f309aeb64350.tabs.2.elements.0.type', '"craft\\fieldlayoutelements\\CustomField"');
INSERT INTO public.projectconfig (path, value) VALUES ('entryTypes.5f92a88d-eede-41f6-8695-815d1211d2fe.fieldLayouts.fc561d93-5d34-40b4-a588-f309aeb64350.tabs.2.elements.0.warning', 'null');
INSERT INTO public.projectconfig (path, value) VALUES ('entryTypes.5f92a88d-eede-41f6-8695-815d1211d2fe.fieldLayouts.fc561d93-5d34-40b4-a588-f309aeb64350.tabs.2.elements.0.width', '50');
INSERT INTO public.projectconfig (path, value) VALUES ('entryTypes.5f92a88d-eede-41f6-8695-815d1211d2fe.fieldLayouts.fc561d93-5d34-40b4-a588-f309aeb64350.tabs.2.elements.1.fieldUid', '"a6d20208-15f2-493d-8a54-0adae2193700"');
INSERT INTO public.projectconfig (path, value) VALUES ('entryTypes.5f92a88d-eede-41f6-8695-815d1211d2fe.fieldLayouts.fc561d93-5d34-40b4-a588-f309aeb64350.tabs.2.elements.1.instructions', 'null');
INSERT INTO public.projectconfig (path, value) VALUES ('entryTypes.5f92a88d-eede-41f6-8695-815d1211d2fe.fieldLayouts.fc561d93-5d34-40b4-a588-f309aeb64350.tabs.2.elements.1.label', 'null');
INSERT INTO public.projectconfig (path, value) VALUES ('entryTypes.5f92a88d-eede-41f6-8695-815d1211d2fe.fieldLayouts.fc561d93-5d34-40b4-a588-f309aeb64350.tabs.2.elements.1.required', 'false');
INSERT INTO public.projectconfig (path, value) VALUES ('entryTypes.5f92a88d-eede-41f6-8695-815d1211d2fe.fieldLayouts.fc561d93-5d34-40b4-a588-f309aeb64350.tabs.2.elements.1.tip', 'null');
INSERT INTO public.projectconfig (path, value) VALUES ('entryTypes.5f92a88d-eede-41f6-8695-815d1211d2fe.fieldLayouts.fc561d93-5d34-40b4-a588-f309aeb64350.tabs.2.elements.1.type', '"craft\\fieldlayoutelements\\CustomField"');
INSERT INTO public.projectconfig (path, value) VALUES ('entryTypes.5f92a88d-eede-41f6-8695-815d1211d2fe.fieldLayouts.fc561d93-5d34-40b4-a588-f309aeb64350.tabs.2.elements.1.warning', 'null');
INSERT INTO public.projectconfig (path, value) VALUES ('entryTypes.5f92a88d-eede-41f6-8695-815d1211d2fe.fieldLayouts.fc561d93-5d34-40b4-a588-f309aeb64350.tabs.2.elements.1.width', '50');
INSERT INTO public.projectconfig (path, value) VALUES ('entryTypes.5f92a88d-eede-41f6-8695-815d1211d2fe.fieldLayouts.fc561d93-5d34-40b4-a588-f309aeb64350.tabs.2.elements.2.fieldUid', '"1d9b5925-be5a-4c98-b2a8-eb7addbc635c"');
INSERT INTO public.projectconfig (path, value) VALUES ('fields.8b581eed-f474-4169-a920-318f01f5e16c.contentColumnType', '"smallint(2)"');
INSERT INTO public.projectconfig (path, value) VALUES ('fields.8b581eed-f474-4169-a920-318f01f5e16c.fieldGroup', '"5530bc01-dbd1-4eca-8a5d-fa8906f6a042"');
INSERT INTO public.projectconfig (path, value) VALUES ('fields.8b581eed-f474-4169-a920-318f01f5e16c.handle', '"hall"');
INSERT INTO public.projectconfig (path, value) VALUES ('fields.8b581eed-f474-4169-a920-318f01f5e16c.instructions', '""');
INSERT INTO public.projectconfig (path, value) VALUES ('fields.8b581eed-f474-4169-a920-318f01f5e16c.name', '"Halle"');
INSERT INTO public.projectconfig (path, value) VALUES ('fields.8b581eed-f474-4169-a920-318f01f5e16c.searchable', 'false');
INSERT INTO public.projectconfig (path, value) VALUES ('fields.8b581eed-f474-4169-a920-318f01f5e16c.settings.decimals', '0');
INSERT INTO public.projectconfig (path, value) VALUES ('fields.8b581eed-f474-4169-a920-318f01f5e16c.settings.defaultValue', 'null');
INSERT INTO public.projectconfig (path, value) VALUES ('fields.8b581eed-f474-4169-a920-318f01f5e16c.settings.max', '"99"');
INSERT INTO public.projectconfig (path, value) VALUES ('fields.8b581eed-f474-4169-a920-318f01f5e16c.settings.min', '"0"');
INSERT INTO public.projectconfig (path, value) VALUES ('fields.8b581eed-f474-4169-a920-318f01f5e16c.settings.prefix', '""');
INSERT INTO public.projectconfig (path, value) VALUES ('fields.8b581eed-f474-4169-a920-318f01f5e16c.settings.previewCurrency', '""');
INSERT INTO public.projectconfig (path, value) VALUES ('fields.8b581eed-f474-4169-a920-318f01f5e16c.settings.previewFormat', '"decimal"');
INSERT INTO public.projectconfig (path, value) VALUES ('fields.8b581eed-f474-4169-a920-318f01f5e16c.settings.size', 'null');
INSERT INTO public.projectconfig (path, value) VALUES ('fields.8b581eed-f474-4169-a920-318f01f5e16c.settings.suffix', '""');
INSERT INTO public.projectconfig (path, value) VALUES ('fields.8b581eed-f474-4169-a920-318f01f5e16c.translationKeyFormat', 'null');
INSERT INTO public.projectconfig (path, value) VALUES ('fields.8b581eed-f474-4169-a920-318f01f5e16c.translationMethod', '"none"');
INSERT INTO public.projectconfig (path, value) VALUES ('fields.8b581eed-f474-4169-a920-318f01f5e16c.type', '"craft\\fields\\Number"');
INSERT INTO public.projectconfig (path, value) VALUES ('fieldGroups.1409bb4a-dc75-44ba-99c9-5234616c4ab7.name', '"Event"');
INSERT INTO public.projectconfig (path, value) VALUES ('entryTypes.75c0a1e7-4014-4664-ac9e-01d4114becdc.fieldLayouts.e633e577-fc52-4574-8ccb-971dbe2edda4.tabs.0.elements.8.instructions', 'null');
INSERT INTO public.projectconfig (path, value) VALUES ('entryTypes.75c0a1e7-4014-4664-ac9e-01d4114becdc.fieldLayouts.e633e577-fc52-4574-8ccb-971dbe2edda4.tabs.0.elements.8.label', 'null');
INSERT INTO public.projectconfig (path, value) VALUES ('entryTypes.75c0a1e7-4014-4664-ac9e-01d4114becdc.fieldLayouts.e633e577-fc52-4574-8ccb-971dbe2edda4.tabs.0.elements.8.required', 'false');
INSERT INTO public.projectconfig (path, value) VALUES ('entryTypes.75c0a1e7-4014-4664-ac9e-01d4114becdc.fieldLayouts.e633e577-fc52-4574-8ccb-971dbe2edda4.tabs.0.elements.8.tip', 'null');
INSERT INTO public.projectconfig (path, value) VALUES ('entryTypes.75c0a1e7-4014-4664-ac9e-01d4114becdc.fieldLayouts.e633e577-fc52-4574-8ccb-971dbe2edda4.tabs.0.elements.8.type', '"craft\\fieldlayoutelements\\CustomField"');
INSERT INTO public.projectconfig (path, value) VALUES ('entryTypes.75c0a1e7-4014-4664-ac9e-01d4114becdc.fieldLayouts.e633e577-fc52-4574-8ccb-971dbe2edda4.tabs.0.elements.8.warning', 'null');
INSERT INTO public.projectconfig (path, value) VALUES ('entryTypes.75c0a1e7-4014-4664-ac9e-01d4114becdc.fieldLayouts.e633e577-fc52-4574-8ccb-971dbe2edda4.tabs.0.elements.8.width', '50');
INSERT INTO public.projectconfig (path, value) VALUES ('entryTypes.75c0a1e7-4014-4664-ac9e-01d4114becdc.fieldLayouts.e633e577-fc52-4574-8ccb-971dbe2edda4.tabs.0.elements.9.fieldUid', '"10d914df-e824-4c0b-97c8-84c984dd0258"');
INSERT INTO public.projectconfig (path, value) VALUES ('entryTypes.75c0a1e7-4014-4664-ac9e-01d4114becdc.fieldLayouts.e633e577-fc52-4574-8ccb-971dbe2edda4.tabs.0.elements.9.instructions', 'null');
INSERT INTO public.projectconfig (path, value) VALUES ('entryTypes.75c0a1e7-4014-4664-ac9e-01d4114becdc.fieldLayouts.e633e577-fc52-4574-8ccb-971dbe2edda4.tabs.0.elements.9.label', 'null');
INSERT INTO public.projectconfig (path, value) VALUES ('entryTypes.75c0a1e7-4014-4664-ac9e-01d4114becdc.fieldLayouts.e633e577-fc52-4574-8ccb-971dbe2edda4.tabs.0.elements.9.required', 'false');
INSERT INTO public.projectconfig (path, value) VALUES ('entryTypes.75c0a1e7-4014-4664-ac9e-01d4114becdc.fieldLayouts.e633e577-fc52-4574-8ccb-971dbe2edda4.tabs.0.elements.9.tip', 'null');
INSERT INTO public.projectconfig (path, value) VALUES ('entryTypes.75c0a1e7-4014-4664-ac9e-01d4114becdc.fieldLayouts.e633e577-fc52-4574-8ccb-971dbe2edda4.tabs.0.elements.9.type', '"craft\\fieldlayoutelements\\CustomField"');
INSERT INTO public.projectconfig (path, value) VALUES ('entryTypes.75c0a1e7-4014-4664-ac9e-01d4114becdc.fieldLayouts.e633e577-fc52-4574-8ccb-971dbe2edda4.tabs.0.elements.9.warning', 'null');
INSERT INTO public.projectconfig (path, value) VALUES ('entryTypes.75c0a1e7-4014-4664-ac9e-01d4114becdc.fieldLayouts.e633e577-fc52-4574-8ccb-971dbe2edda4.tabs.0.elements.9.width', '50');
INSERT INTO public.projectconfig (path, value) VALUES ('entryTypes.75c0a1e7-4014-4664-ac9e-01d4114becdc.fieldLayouts.e633e577-fc52-4574-8ccb-971dbe2edda4.tabs.0.name', '"Inhalt"');
INSERT INTO public.projectconfig (path, value) VALUES ('entryTypes.75c0a1e7-4014-4664-ac9e-01d4114becdc.fieldLayouts.e633e577-fc52-4574-8ccb-971dbe2edda4.tabs.0.sortOrder', '1');
INSERT INTO public.projectconfig (path, value) VALUES ('entryTypes.75c0a1e7-4014-4664-ac9e-01d4114becdc.fieldLayouts.e633e577-fc52-4574-8ccb-971dbe2edda4.tabs.1.elements.0.fieldUid', '"a1edddb7-5eaf-4b3a-ac4f-5b58c6494d65"');
INSERT INTO public.projectconfig (path, value) VALUES ('entryTypes.75c0a1e7-4014-4664-ac9e-01d4114becdc.fieldLayouts.e633e577-fc52-4574-8ccb-971dbe2edda4.tabs.1.elements.0.instructions', 'null');
INSERT INTO public.projectconfig (path, value) VALUES ('entryTypes.75c0a1e7-4014-4664-ac9e-01d4114becdc.fieldLayouts.e633e577-fc52-4574-8ccb-971dbe2edda4.tabs.1.elements.0.label', 'null');
INSERT INTO public.projectconfig (path, value) VALUES ('entryTypes.75c0a1e7-4014-4664-ac9e-01d4114becdc.fieldLayouts.e633e577-fc52-4574-8ccb-971dbe2edda4.tabs.1.elements.0.required', 'false');
INSERT INTO public.projectconfig (path, value) VALUES ('entryTypes.75c0a1e7-4014-4664-ac9e-01d4114becdc.fieldLayouts.e633e577-fc52-4574-8ccb-971dbe2edda4.tabs.1.elements.0.tip', 'null');
INSERT INTO public.projectconfig (path, value) VALUES ('entryTypes.75c0a1e7-4014-4664-ac9e-01d4114becdc.fieldLayouts.e633e577-fc52-4574-8ccb-971dbe2edda4.tabs.1.elements.0.type', '"craft\\fieldlayoutelements\\CustomField"');
INSERT INTO public.projectconfig (path, value) VALUES ('entryTypes.75c0a1e7-4014-4664-ac9e-01d4114becdc.fieldLayouts.e633e577-fc52-4574-8ccb-971dbe2edda4.tabs.1.elements.0.warning', 'null');
INSERT INTO public.projectconfig (path, value) VALUES ('entryTypes.75c0a1e7-4014-4664-ac9e-01d4114becdc.fieldLayouts.e633e577-fc52-4574-8ccb-971dbe2edda4.tabs.1.elements.0.width', '50');
INSERT INTO public.projectconfig (path, value) VALUES ('entryTypes.75c0a1e7-4014-4664-ac9e-01d4114becdc.fieldLayouts.e633e577-fc52-4574-8ccb-971dbe2edda4.tabs.1.elements.1.fieldUid', '"24403202-e90c-4bf2-9f60-d8b2146f107b"');
INSERT INTO public.projectconfig (path, value) VALUES ('entryTypes.75c0a1e7-4014-4664-ac9e-01d4114becdc.fieldLayouts.e633e577-fc52-4574-8ccb-971dbe2edda4.tabs.1.elements.1.instructions', 'null');
INSERT INTO public.projectconfig (path, value) VALUES ('entryTypes.75c0a1e7-4014-4664-ac9e-01d4114becdc.fieldLayouts.e633e577-fc52-4574-8ccb-971dbe2edda4.tabs.1.elements.1.label', 'null');
INSERT INTO public.projectconfig (path, value) VALUES ('entryTypes.75c0a1e7-4014-4664-ac9e-01d4114becdc.fieldLayouts.e633e577-fc52-4574-8ccb-971dbe2edda4.tabs.1.elements.1.required', 'false');
INSERT INTO public.projectconfig (path, value) VALUES ('entryTypes.75c0a1e7-4014-4664-ac9e-01d4114becdc.fieldLayouts.e633e577-fc52-4574-8ccb-971dbe2edda4.tabs.1.elements.1.tip', 'null');
INSERT INTO public.projectconfig (path, value) VALUES ('entryTypes.75c0a1e7-4014-4664-ac9e-01d4114becdc.fieldLayouts.e633e577-fc52-4574-8ccb-971dbe2edda4.tabs.1.elements.1.type', '"craft\\fieldlayoutelements\\CustomField"');
INSERT INTO public.projectconfig (path, value) VALUES ('entryTypes.75c0a1e7-4014-4664-ac9e-01d4114becdc.fieldLayouts.e633e577-fc52-4574-8ccb-971dbe2edda4.tabs.1.elements.1.warning', 'null');
INSERT INTO public.projectconfig (path, value) VALUES ('entryTypes.75c0a1e7-4014-4664-ac9e-01d4114becdc.fieldLayouts.e633e577-fc52-4574-8ccb-971dbe2edda4.tabs.1.elements.1.width', '50');
INSERT INTO public.projectconfig (path, value) VALUES ('entryTypes.75c0a1e7-4014-4664-ac9e-01d4114becdc.fieldLayouts.e633e577-fc52-4574-8ccb-971dbe2edda4.tabs.1.name', '"Meta"');
INSERT INTO public.projectconfig (path, value) VALUES ('entryTypes.75c0a1e7-4014-4664-ac9e-01d4114becdc.fieldLayouts.e633e577-fc52-4574-8ccb-971dbe2edda4.tabs.1.sortOrder', '2');
INSERT INTO public.projectconfig (path, value) VALUES ('entryTypes.75c0a1e7-4014-4664-ac9e-01d4114becdc.fieldLayouts.e633e577-fc52-4574-8ccb-971dbe2edda4.tabs.2.elements.0.fieldUid', '"ee9512d9-701e-4e12-842e-02a6030b0da9"');
INSERT INTO public.projectconfig (path, value) VALUES ('entryTypes.75c0a1e7-4014-4664-ac9e-01d4114becdc.fieldLayouts.e633e577-fc52-4574-8ccb-971dbe2edda4.tabs.2.elements.0.instructions', 'null');
INSERT INTO public.projectconfig (path, value) VALUES ('entryTypes.75c0a1e7-4014-4664-ac9e-01d4114becdc.fieldLayouts.e633e577-fc52-4574-8ccb-971dbe2edda4.tabs.2.elements.0.label', 'null');
INSERT INTO public.projectconfig (path, value) VALUES ('entryTypes.75c0a1e7-4014-4664-ac9e-01d4114becdc.fieldLayouts.e633e577-fc52-4574-8ccb-971dbe2edda4.tabs.2.elements.0.required', 'false');
INSERT INTO public.projectconfig (path, value) VALUES ('entryTypes.75c0a1e7-4014-4664-ac9e-01d4114becdc.fieldLayouts.e633e577-fc52-4574-8ccb-971dbe2edda4.tabs.2.elements.0.tip', 'null');
INSERT INTO public.projectconfig (path, value) VALUES ('entryTypes.75c0a1e7-4014-4664-ac9e-01d4114becdc.fieldLayouts.e633e577-fc52-4574-8ccb-971dbe2edda4.tabs.2.elements.0.type', '"craft\\fieldlayoutelements\\CustomField"');
INSERT INTO public.projectconfig (path, value) VALUES ('entryTypes.75c0a1e7-4014-4664-ac9e-01d4114becdc.fieldLayouts.e633e577-fc52-4574-8ccb-971dbe2edda4.tabs.2.elements.0.warning', 'null');
INSERT INTO public.projectconfig (path, value) VALUES ('entryTypes.75c0a1e7-4014-4664-ac9e-01d4114becdc.fieldLayouts.e633e577-fc52-4574-8ccb-971dbe2edda4.tabs.2.elements.0.width', '100');
INSERT INTO public.projectconfig (path, value) VALUES ('entryTypes.75c0a1e7-4014-4664-ac9e-01d4114becdc.fieldLayouts.e633e577-fc52-4574-8ccb-971dbe2edda4.tabs.2.elements.1.fieldUid', '"e95bbf80-2274-41dc-b724-b2a404d796de"');
INSERT INTO public.projectconfig (path, value) VALUES ('entryTypes.75c0a1e7-4014-4664-ac9e-01d4114becdc.fieldLayouts.e633e577-fc52-4574-8ccb-971dbe2edda4.tabs.2.elements.1.instructions', 'null');
INSERT INTO public.projectconfig (path, value) VALUES ('entryTypes.75c0a1e7-4014-4664-ac9e-01d4114becdc.fieldLayouts.e633e577-fc52-4574-8ccb-971dbe2edda4.tabs.2.elements.1.label', 'null');
INSERT INTO public.projectconfig (path, value) VALUES ('entryTypes.75c0a1e7-4014-4664-ac9e-01d4114becdc.fieldLayouts.e633e577-fc52-4574-8ccb-971dbe2edda4.tabs.2.elements.1.required', 'false');
INSERT INTO public.projectconfig (path, value) VALUES ('entryTypes.75c0a1e7-4014-4664-ac9e-01d4114becdc.fieldLayouts.e633e577-fc52-4574-8ccb-971dbe2edda4.tabs.2.elements.1.tip', 'null');
INSERT INTO public.projectconfig (path, value) VALUES ('fields.0157ca30-ec6c-42c5-8869-589c4bf6965f.settings.byteLimit', 'null');
INSERT INTO public.projectconfig (path, value) VALUES ('entryTypes.75c0a1e7-4014-4664-ac9e-01d4114becdc.fieldLayouts.e633e577-fc52-4574-8ccb-971dbe2edda4.tabs.2.elements.1.type', '"craft\\fieldlayoutelements\\CustomField"');
INSERT INTO public.projectconfig (path, value) VALUES ('entryTypes.75c0a1e7-4014-4664-ac9e-01d4114becdc.fieldLayouts.e633e577-fc52-4574-8ccb-971dbe2edda4.tabs.2.elements.1.warning', 'null');
INSERT INTO public.projectconfig (path, value) VALUES ('entryTypes.75c0a1e7-4014-4664-ac9e-01d4114becdc.fieldLayouts.e633e577-fc52-4574-8ccb-971dbe2edda4.tabs.2.elements.1.width', '100');
INSERT INTO public.projectconfig (path, value) VALUES ('entryTypes.75c0a1e7-4014-4664-ac9e-01d4114becdc.fieldLayouts.e633e577-fc52-4574-8ccb-971dbe2edda4.tabs.2.name', '"Suchmaschine"');
INSERT INTO public.projectconfig (path, value) VALUES ('entryTypes.75c0a1e7-4014-4664-ac9e-01d4114becdc.fieldLayouts.e633e577-fc52-4574-8ccb-971dbe2edda4.tabs.2.sortOrder', '3');
INSERT INTO public.projectconfig (path, value) VALUES ('entryTypes.75c0a1e7-4014-4664-ac9e-01d4114becdc.handle', '"events"');
INSERT INTO public.projectconfig (path, value) VALUES ('entryTypes.75c0a1e7-4014-4664-ac9e-01d4114becdc.hasTitleField', 'true');
INSERT INTO public.projectconfig (path, value) VALUES ('entryTypes.75c0a1e7-4014-4664-ac9e-01d4114becdc.name', '"Veranstaltungen"');
INSERT INTO public.projectconfig (path, value) VALUES ('entryTypes.75c0a1e7-4014-4664-ac9e-01d4114becdc.section', '"06745480-8d8c-4976-934e-dc80b2ab5632"');
INSERT INTO public.projectconfig (path, value) VALUES ('entryTypes.75c0a1e7-4014-4664-ac9e-01d4114becdc.sortOrder', '1');
INSERT INTO public.projectconfig (path, value) VALUES ('entryTypes.75c0a1e7-4014-4664-ac9e-01d4114becdc.titleFormat', 'null');
INSERT INTO public.projectconfig (path, value) VALUES ('entryTypes.75c0a1e7-4014-4664-ac9e-01d4114becdc.titleTranslationKeyFormat', 'null');
INSERT INTO public.projectconfig (path, value) VALUES ('entryTypes.75c0a1e7-4014-4664-ac9e-01d4114becdc.titleTranslationMethod', '"none"');
INSERT INTO public.projectconfig (path, value) VALUES ('fieldGroups.1d55be6c-f0ae-45f5-91a7-6a4a464d109e.name', '"Address"');
INSERT INTO public.projectconfig (path, value) VALUES ('fields.0157ca30-ec6c-42c5-8869-589c4bf6965f.settings.charLimit', 'null');
INSERT INTO public.projectconfig (path, value) VALUES ('fields.0157ca30-ec6c-42c5-8869-589c4bf6965f.settings.code', '""');
INSERT INTO public.projectconfig (path, value) VALUES ('fields.0157ca30-ec6c-42c5-8869-589c4bf6965f.settings.columnType', 'null');
INSERT INTO public.projectconfig (path, value) VALUES ('fields.0157ca30-ec6c-42c5-8869-589c4bf6965f.settings.initialRows', '"4"');
INSERT INTO public.projectconfig (path, value) VALUES ('fields.0157ca30-ec6c-42c5-8869-589c4bf6965f.settings.multiline', '""');
INSERT INTO public.projectconfig (path, value) VALUES ('fields.0157ca30-ec6c-42c5-8869-589c4bf6965f.settings.placeholder', '""');
INSERT INTO public.projectconfig (path, value) VALUES ('fields.0157ca30-ec6c-42c5-8869-589c4bf6965f.settings.uiMode', '"normal"');
INSERT INTO public.projectconfig (path, value) VALUES ('fields.0157ca30-ec6c-42c5-8869-589c4bf6965f.translationKeyFormat', 'null');
INSERT INTO public.projectconfig (path, value) VALUES ('fields.0157ca30-ec6c-42c5-8869-589c4bf6965f.translationMethod', '"none"');
INSERT INTO public.projectconfig (path, value) VALUES ('fields.0157ca30-ec6c-42c5-8869-589c4bf6965f.type', '"craft\\fields\\PlainText"');
INSERT INTO public.projectconfig (path, value) VALUES ('fields.f88bfc01-1476-4bd4-9a6a-b65fff783658.contentColumnType', '"text"');
INSERT INTO public.projectconfig (path, value) VALUES ('fields.f88bfc01-1476-4bd4-9a6a-b65fff783658.fieldGroup', '"46e7d308-41fb-4441-87ee-70fa77295bf7"');
INSERT INTO public.projectconfig (path, value) VALUES ('fields.f88bfc01-1476-4bd4-9a6a-b65fff783658.handle', '"person_firstname"');
INSERT INTO public.projectconfig (path, value) VALUES ('fields.f88bfc01-1476-4bd4-9a6a-b65fff783658.instructions', '""');
INSERT INTO public.projectconfig (path, value) VALUES ('fields.f88bfc01-1476-4bd4-9a6a-b65fff783658.name', '"Vorname"');
INSERT INTO public.projectconfig (path, value) VALUES ('fields.f88bfc01-1476-4bd4-9a6a-b65fff783658.searchable', 'false');
INSERT INTO public.projectconfig (path, value) VALUES ('fields.f88bfc01-1476-4bd4-9a6a-b65fff783658.settings.byteLimit', 'null');
INSERT INTO public.projectconfig (path, value) VALUES ('fields.f88bfc01-1476-4bd4-9a6a-b65fff783658.settings.charLimit', 'null');
INSERT INTO public.projectconfig (path, value) VALUES ('fields.f88bfc01-1476-4bd4-9a6a-b65fff783658.settings.code', '""');
INSERT INTO public.projectconfig (path, value) VALUES ('fields.f88bfc01-1476-4bd4-9a6a-b65fff783658.settings.columnType', 'null');
INSERT INTO public.projectconfig (path, value) VALUES ('fields.f88bfc01-1476-4bd4-9a6a-b65fff783658.settings.initialRows', '"4"');
INSERT INTO public.projectconfig (path, value) VALUES ('fields.f88bfc01-1476-4bd4-9a6a-b65fff783658.settings.multiline', '""');
INSERT INTO public.projectconfig (path, value) VALUES ('fields.f88bfc01-1476-4bd4-9a6a-b65fff783658.settings.placeholder', '""');
INSERT INTO public.projectconfig (path, value) VALUES ('fields.f88bfc01-1476-4bd4-9a6a-b65fff783658.settings.uiMode', '"normal"');
INSERT INTO public.projectconfig (path, value) VALUES ('fields.f88bfc01-1476-4bd4-9a6a-b65fff783658.translationKeyFormat', 'null');
INSERT INTO public.projectconfig (path, value) VALUES ('fields.f88bfc01-1476-4bd4-9a6a-b65fff783658.translationMethod', '"none"');
INSERT INTO public.projectconfig (path, value) VALUES ('fields.f88bfc01-1476-4bd4-9a6a-b65fff783658.type', '"craft\\fields\\PlainText"');
INSERT INTO public.projectconfig (path, value) VALUES ('siteGroups.541d1036-b8ff-48fd-b44b-f39fd928f44e.name', '"EMO"');
INSERT INTO public.projectconfig (path, value) VALUES ('fields.8cd7cefb-10df-4b63-a65f-2cadca1c4c1b.contentColumnType', '"text"');
INSERT INTO public.projectconfig (path, value) VALUES ('fields.8cd7cefb-10df-4b63-a65f-2cadca1c4c1b.fieldGroup', '"1d55be6c-f0ae-45f5-91a7-6a4a464d109e"');
INSERT INTO public.projectconfig (path, value) VALUES ('fields.8cd7cefb-10df-4b63-a65f-2cadca1c4c1b.handle', '"address_name"');
INSERT INTO public.projectconfig (path, value) VALUES ('fields.8cd7cefb-10df-4b63-a65f-2cadca1c4c1b.instructions', '""');
INSERT INTO public.projectconfig (path, value) VALUES ('fields.8cd7cefb-10df-4b63-a65f-2cadca1c4c1b.name', '"Firmenname"');
INSERT INTO public.projectconfig (path, value) VALUES ('fields.8cd7cefb-10df-4b63-a65f-2cadca1c4c1b.searchable', 'false');
INSERT INTO public.projectconfig (path, value) VALUES ('fields.8cd7cefb-10df-4b63-a65f-2cadca1c4c1b.settings.byteLimit', 'null');
INSERT INTO public.projectconfig (path, value) VALUES ('fields.8cd7cefb-10df-4b63-a65f-2cadca1c4c1b.settings.charLimit', 'null');
INSERT INTO public.projectconfig (path, value) VALUES ('fields.8cd7cefb-10df-4b63-a65f-2cadca1c4c1b.settings.code', '""');
INSERT INTO public.projectconfig (path, value) VALUES ('fields.8cd7cefb-10df-4b63-a65f-2cadca1c4c1b.settings.columnType', 'null');
INSERT INTO public.projectconfig (path, value) VALUES ('fields.8cd7cefb-10df-4b63-a65f-2cadca1c4c1b.settings.initialRows', '"4"');
INSERT INTO public.projectconfig (path, value) VALUES ('fields.8cd7cefb-10df-4b63-a65f-2cadca1c4c1b.settings.multiline', '""');
INSERT INTO public.projectconfig (path, value) VALUES ('fields.8cd7cefb-10df-4b63-a65f-2cadca1c4c1b.settings.placeholder', '""');
INSERT INTO public.projectconfig (path, value) VALUES ('fields.8cd7cefb-10df-4b63-a65f-2cadca1c4c1b.settings.uiMode', '"normal"');
INSERT INTO public.projectconfig (path, value) VALUES ('fields.8cd7cefb-10df-4b63-a65f-2cadca1c4c1b.translationKeyFormat', 'null');
INSERT INTO public.projectconfig (path, value) VALUES ('fields.8cd7cefb-10df-4b63-a65f-2cadca1c4c1b.translationMethod', '"none"');
INSERT INTO public.projectconfig (path, value) VALUES ('fields.8cd7cefb-10df-4b63-a65f-2cadca1c4c1b.type', '"craft\\fields\\PlainText"');
INSERT INTO public.projectconfig (path, value) VALUES ('fields.92b7aba3-37db-44f6-bfb9-b7b63fb33ce9.contentColumnType', '"string"');
INSERT INTO public.projectconfig (path, value) VALUES ('fields.92b7aba3-37db-44f6-bfb9-b7b63fb33ce9.fieldGroup', '"46e7d308-41fb-4441-87ee-70fa77295bf7"');
INSERT INTO public.projectconfig (path, value) VALUES ('fields.92b7aba3-37db-44f6-bfb9-b7b63fb33ce9.handle', '"person_position"');
INSERT INTO public.projectconfig (path, value) VALUES ('fields.92b7aba3-37db-44f6-bfb9-b7b63fb33ce9.instructions', '""');
INSERT INTO public.projectconfig (path, value) VALUES ('fields.92b7aba3-37db-44f6-bfb9-b7b63fb33ce9.name', '"Position"');
INSERT INTO public.projectconfig (path, value) VALUES ('fields.92b7aba3-37db-44f6-bfb9-b7b63fb33ce9.searchable', 'false');
INSERT INTO public.projectconfig (path, value) VALUES ('fields.92b7aba3-37db-44f6-bfb9-b7b63fb33ce9.settings.optgroups', 'true');
INSERT INTO public.projectconfig (path, value) VALUES ('fields.92b7aba3-37db-44f6-bfb9-b7b63fb33ce9.settings.options.0.__assoc__.0.0', '"label"');
INSERT INTO public.projectconfig (path, value) VALUES ('fields.92b7aba3-37db-44f6-bfb9-b7b63fb33ce9.settings.options.0.__assoc__.0.1', '"Selbstndiger Unternehmer, Mitinhaber"');
INSERT INTO public.projectconfig (path, value) VALUES ('fields.92b7aba3-37db-44f6-bfb9-b7b63fb33ce9.settings.options.0.__assoc__.1.0', '"value"');
INSERT INTO public.projectconfig (path, value) VALUES ('fields.92b7aba3-37db-44f6-bfb9-b7b63fb33ce9.settings.options.0.__assoc__.1.1', '"selbstaendigerUnternehmerMitinhaber"');
INSERT INTO public.projectconfig (path, value) VALUES ('fields.92b7aba3-37db-44f6-bfb9-b7b63fb33ce9.settings.options.0.__assoc__.2.0', '"default"');
INSERT INTO public.projectconfig (path, value) VALUES ('fields.92b7aba3-37db-44f6-bfb9-b7b63fb33ce9.settings.options.0.__assoc__.2.1', '""');
INSERT INTO public.projectconfig (path, value) VALUES ('fields.92b7aba3-37db-44f6-bfb9-b7b63fb33ce9.settings.options.1.__assoc__.0.0', '"label"');
INSERT INTO public.projectconfig (path, value) VALUES ('fields.92b7aba3-37db-44f6-bfb9-b7b63fb33ce9.settings.options.1.__assoc__.0.1', '"freiberuflich Ttiger"');
INSERT INTO public.projectconfig (path, value) VALUES ('fields.92b7aba3-37db-44f6-bfb9-b7b63fb33ce9.settings.options.1.__assoc__.1.0', '"value"');
INSERT INTO public.projectconfig (path, value) VALUES ('fields.92b7aba3-37db-44f6-bfb9-b7b63fb33ce9.settings.options.1.__assoc__.1.1', '"freiberuflichTaetiger"');
INSERT INTO public.projectconfig (path, value) VALUES ('fields.92b7aba3-37db-44f6-bfb9-b7b63fb33ce9.settings.options.1.__assoc__.2.0', '"default"');
INSERT INTO public.projectconfig (path, value) VALUES ('fields.92b7aba3-37db-44f6-bfb9-b7b63fb33ce9.settings.options.1.__assoc__.2.1', '""');
INSERT INTO public.projectconfig (path, value) VALUES ('fields.92b7aba3-37db-44f6-bfb9-b7b63fb33ce9.settings.options.2.__assoc__.0.0', '"label"');
INSERT INTO public.projectconfig (path, value) VALUES ('fields.92b7aba3-37db-44f6-bfb9-b7b63fb33ce9.settings.options.2.__assoc__.0.1', '"Geschftsfhrer, Vorstandsmitglied"');
INSERT INTO public.projectconfig (path, value) VALUES ('fields.92b7aba3-37db-44f6-bfb9-b7b63fb33ce9.settings.options.2.__assoc__.1.0', '"value"');
INSERT INTO public.projectconfig (path, value) VALUES ('fields.92b7aba3-37db-44f6-bfb9-b7b63fb33ce9.settings.options.2.__assoc__.1.1', '"geschaeftsfuehrerVorstandsmitglied"');
INSERT INTO public.projectconfig (path, value) VALUES ('fields.92b7aba3-37db-44f6-bfb9-b7b63fb33ce9.settings.options.2.__assoc__.2.0', '"default"');
INSERT INTO public.projectconfig (path, value) VALUES ('fields.92b7aba3-37db-44f6-bfb9-b7b63fb33ce9.settings.options.2.__assoc__.2.1', '""');
INSERT INTO public.projectconfig (path, value) VALUES ('fields.92b7aba3-37db-44f6-bfb9-b7b63fb33ce9.settings.options.3.__assoc__.0.0', '"label"');
INSERT INTO public.projectconfig (path, value) VALUES ('fields.92b7aba3-37db-44f6-bfb9-b7b63fb33ce9.settings.options.3.__assoc__.0.1', '"Behrdenleiter"');
INSERT INTO public.projectconfig (path, value) VALUES ('fields.92b7aba3-37db-44f6-bfb9-b7b63fb33ce9.settings.options.3.__assoc__.1.0', '"value"');
INSERT INTO public.projectconfig (path, value) VALUES ('fields.92b7aba3-37db-44f6-bfb9-b7b63fb33ce9.settings.options.3.__assoc__.1.1', '"behoerdenleiter"');
INSERT INTO public.projectconfig (path, value) VALUES ('fields.92b7aba3-37db-44f6-bfb9-b7b63fb33ce9.settings.options.3.__assoc__.2.0', '"default"');
INSERT INTO public.projectconfig (path, value) VALUES ('fields.92b7aba3-37db-44f6-bfb9-b7b63fb33ce9.settings.options.3.__assoc__.2.1', '""');
INSERT INTO public.projectconfig (path, value) VALUES ('fields.92b7aba3-37db-44f6-bfb9-b7b63fb33ce9.settings.options.4.__assoc__.0.0', '"label"');
INSERT INTO public.projectconfig (path, value) VALUES ('fields.92b7aba3-37db-44f6-bfb9-b7b63fb33ce9.settings.options.4.__assoc__.0.1', '"Bereichsleiter, Betrieb-, Werks-, Filialleiter"');
INSERT INTO public.projectconfig (path, value) VALUES ('fields.92b7aba3-37db-44f6-bfb9-b7b63fb33ce9.settings.options.4.__assoc__.1.0', '"value"');
INSERT INTO public.projectconfig (path, value) VALUES ('fields.92b7aba3-37db-44f6-bfb9-b7b63fb33ce9.settings.options.4.__assoc__.1.1', '"bereichsleiterBetriebWerksFilialleiter"');
INSERT INTO public.projectconfig (path, value) VALUES ('fields.92b7aba3-37db-44f6-bfb9-b7b63fb33ce9.settings.options.4.__assoc__.2.0', '"default"');
INSERT INTO public.projectconfig (path, value) VALUES ('fields.92b7aba3-37db-44f6-bfb9-b7b63fb33ce9.settings.options.4.__assoc__.2.1', '""');
INSERT INTO public.projectconfig (path, value) VALUES ('fields.92b7aba3-37db-44f6-bfb9-b7b63fb33ce9.settings.options.5.__assoc__.0.0', '"label"');
INSERT INTO public.projectconfig (path, value) VALUES ('fields.92b7aba3-37db-44f6-bfb9-b7b63fb33ce9.settings.options.5.__assoc__.0.1', '"Amtsleiter"');
INSERT INTO public.projectconfig (path, value) VALUES ('fields.92b7aba3-37db-44f6-bfb9-b7b63fb33ce9.settings.options.5.__assoc__.1.0', '"value"');
INSERT INTO public.projectconfig (path, value) VALUES ('fields.92b7aba3-37db-44f6-bfb9-b7b63fb33ce9.settings.options.5.__assoc__.1.1', '"amtsleiter"');
INSERT INTO public.projectconfig (path, value) VALUES ('fields.92b7aba3-37db-44f6-bfb9-b7b63fb33ce9.settings.options.5.__assoc__.2.0', '"default"');
INSERT INTO public.projectconfig (path, value) VALUES ('fields.92b7aba3-37db-44f6-bfb9-b7b63fb33ce9.settings.options.5.__assoc__.2.1', '""');
INSERT INTO public.projectconfig (path, value) VALUES ('fields.92b7aba3-37db-44f6-bfb9-b7b63fb33ce9.settings.options.6.__assoc__.0.0', '"label"');
INSERT INTO public.projectconfig (path, value) VALUES ('fields.92b7aba3-37db-44f6-bfb9-b7b63fb33ce9.settings.options.6.__assoc__.0.1', '"Abteilungsleiter, Gruppenleiter/Teamleiter"');
INSERT INTO public.projectconfig (path, value) VALUES ('fields.92b7aba3-37db-44f6-bfb9-b7b63fb33ce9.settings.options.6.__assoc__.1.0', '"value"');
INSERT INTO public.projectconfig (path, value) VALUES ('fields.92b7aba3-37db-44f6-bfb9-b7b63fb33ce9.settings.options.6.__assoc__.1.1', '"abteilungsleiterGruppenleiterTeamleiter"');
INSERT INTO public.projectconfig (path, value) VALUES ('fields.92b7aba3-37db-44f6-bfb9-b7b63fb33ce9.settings.options.6.__assoc__.2.0', '"default"');
INSERT INTO public.projectconfig (path, value) VALUES ('fields.92b7aba3-37db-44f6-bfb9-b7b63fb33ce9.settings.options.6.__assoc__.2.1', '""');
INSERT INTO public.projectconfig (path, value) VALUES ('fields.92b7aba3-37db-44f6-bfb9-b7b63fb33ce9.settings.options.7.__assoc__.0.0', '"label"');
INSERT INTO public.projectconfig (path, value) VALUES ('fields.4f5e11cf-b1e9-4f8e-a288-c8882b5b374d.contentColumnType', '"text"');
INSERT INTO public.projectconfig (path, value) VALUES ('fields.4f5e11cf-b1e9-4f8e-a288-c8882b5b374d.fieldGroup', '"1d55be6c-f0ae-45f5-91a7-6a4a464d109e"');
INSERT INTO public.projectconfig (path, value) VALUES ('fields.4f5e11cf-b1e9-4f8e-a288-c8882b5b374d.handle', '"address_street"');
INSERT INTO public.projectconfig (path, value) VALUES ('fields.4f5e11cf-b1e9-4f8e-a288-c8882b5b374d.instructions', '""');
INSERT INTO public.projectconfig (path, value) VALUES ('fields.4f5e11cf-b1e9-4f8e-a288-c8882b5b374d.name', '"Strae"');
INSERT INTO public.projectconfig (path, value) VALUES ('fields.4f5e11cf-b1e9-4f8e-a288-c8882b5b374d.searchable', 'false');
INSERT INTO public.projectconfig (path, value) VALUES ('fields.4f5e11cf-b1e9-4f8e-a288-c8882b5b374d.settings.byteLimit', 'null');
INSERT INTO public.projectconfig (path, value) VALUES ('fields.4f5e11cf-b1e9-4f8e-a288-c8882b5b374d.settings.charLimit', 'null');
INSERT INTO public.projectconfig (path, value) VALUES ('fields.4f5e11cf-b1e9-4f8e-a288-c8882b5b374d.settings.code', '""');
INSERT INTO public.projectconfig (path, value) VALUES ('fields.4f5e11cf-b1e9-4f8e-a288-c8882b5b374d.settings.columnType', 'null');
INSERT INTO public.projectconfig (path, value) VALUES ('fields.4f5e11cf-b1e9-4f8e-a288-c8882b5b374d.settings.initialRows', '"4"');
INSERT INTO public.projectconfig (path, value) VALUES ('fields.4f5e11cf-b1e9-4f8e-a288-c8882b5b374d.settings.multiline', '""');
INSERT INTO public.projectconfig (path, value) VALUES ('fields.4f5e11cf-b1e9-4f8e-a288-c8882b5b374d.settings.placeholder', '""');
INSERT INTO public.projectconfig (path, value) VALUES ('fields.4f5e11cf-b1e9-4f8e-a288-c8882b5b374d.settings.uiMode', '"normal"');
INSERT INTO public.projectconfig (path, value) VALUES ('fields.4f5e11cf-b1e9-4f8e-a288-c8882b5b374d.translationKeyFormat', 'null');
INSERT INTO public.projectconfig (path, value) VALUES ('fields.4f5e11cf-b1e9-4f8e-a288-c8882b5b374d.translationMethod', '"none"');
INSERT INTO public.projectconfig (path, value) VALUES ('fields.4f5e11cf-b1e9-4f8e-a288-c8882b5b374d.type', '"craft\\fields\\PlainText"');
INSERT INTO public.projectconfig (path, value) VALUES ('fields.92b7aba3-37db-44f6-bfb9-b7b63fb33ce9.settings.options.7.__assoc__.0.1', '"Andere Angestellte/Beamte, Facharbeiter"');
INSERT INTO public.projectconfig (path, value) VALUES ('fields.92b7aba3-37db-44f6-bfb9-b7b63fb33ce9.settings.options.7.__assoc__.1.0', '"value"');
INSERT INTO public.projectconfig (path, value) VALUES ('fields.92b7aba3-37db-44f6-bfb9-b7b63fb33ce9.settings.options.7.__assoc__.1.1', '"andereAngestellteBeamteFacharbeiter"');
INSERT INTO public.projectconfig (path, value) VALUES ('fields.92b7aba3-37db-44f6-bfb9-b7b63fb33ce9.settings.options.7.__assoc__.2.0', '"default"');
INSERT INTO public.projectconfig (path, value) VALUES ('fields.92b7aba3-37db-44f6-bfb9-b7b63fb33ce9.settings.options.7.__assoc__.2.1', '""');
INSERT INTO public.projectconfig (path, value) VALUES ('fields.92b7aba3-37db-44f6-bfb9-b7b63fb33ce9.settings.options.8.__assoc__.0.0', '"label"');
INSERT INTO public.projectconfig (path, value) VALUES ('fields.92b7aba3-37db-44f6-bfb9-b7b63fb33ce9.settings.options.8.__assoc__.0.1', '"Dozent, Lehrer"');
INSERT INTO public.projectconfig (path, value) VALUES ('fields.92b7aba3-37db-44f6-bfb9-b7b63fb33ce9.settings.options.8.__assoc__.1.0', '"value"');
INSERT INTO public.projectconfig (path, value) VALUES ('fields.92b7aba3-37db-44f6-bfb9-b7b63fb33ce9.settings.options.8.__assoc__.1.1', '"dozentLehrer"');
INSERT INTO public.projectconfig (path, value) VALUES ('fields.92b7aba3-37db-44f6-bfb9-b7b63fb33ce9.settings.options.8.__assoc__.2.0', '"default"');
INSERT INTO public.projectconfig (path, value) VALUES ('fields.92b7aba3-37db-44f6-bfb9-b7b63fb33ce9.settings.options.8.__assoc__.2.1', '""');
INSERT INTO public.projectconfig (path, value) VALUES ('fields.92b7aba3-37db-44f6-bfb9-b7b63fb33ce9.settings.options.9.__assoc__.0.0', '"label"');
INSERT INTO public.projectconfig (path, value) VALUES ('fields.92b7aba3-37db-44f6-bfb9-b7b63fb33ce9.settings.options.9.__assoc__.0.1', '"Auszubildender"');
INSERT INTO public.projectconfig (path, value) VALUES ('fields.92b7aba3-37db-44f6-bfb9-b7b63fb33ce9.settings.options.9.__assoc__.1.0', '"value"');
INSERT INTO public.projectconfig (path, value) VALUES ('fields.92b7aba3-37db-44f6-bfb9-b7b63fb33ce9.settings.options.9.__assoc__.1.1', '"auszubildender"');
INSERT INTO public.projectconfig (path, value) VALUES ('fields.92b7aba3-37db-44f6-bfb9-b7b63fb33ce9.settings.options.9.__assoc__.2.0', '"default"');
INSERT INTO public.projectconfig (path, value) VALUES ('fields.1f8b3b3f-ed42-4b28-b49e-cef4c51a0e33.contentColumnType', '"text"');
INSERT INTO public.projectconfig (path, value) VALUES ('fields.1f8b3b3f-ed42-4b28-b49e-cef4c51a0e33.fieldGroup', '"1d55be6c-f0ae-45f5-91a7-6a4a464d109e"');
INSERT INTO public.projectconfig (path, value) VALUES ('fields.1f8b3b3f-ed42-4b28-b49e-cef4c51a0e33.handle', '"address_postalcode"');
INSERT INTO public.projectconfig (path, value) VALUES ('fields.1f8b3b3f-ed42-4b28-b49e-cef4c51a0e33.instructions', '""');
INSERT INTO public.projectconfig (path, value) VALUES ('fields.1f8b3b3f-ed42-4b28-b49e-cef4c51a0e33.name', '"PLZ"');
INSERT INTO public.projectconfig (path, value) VALUES ('fields.1f8b3b3f-ed42-4b28-b49e-cef4c51a0e33.searchable', 'false');
INSERT INTO public.projectconfig (path, value) VALUES ('fields.1f8b3b3f-ed42-4b28-b49e-cef4c51a0e33.settings.byteLimit', 'null');
INSERT INTO public.projectconfig (path, value) VALUES ('fields.1f8b3b3f-ed42-4b28-b49e-cef4c51a0e33.settings.charLimit', 'null');
INSERT INTO public.projectconfig (path, value) VALUES ('fields.1f8b3b3f-ed42-4b28-b49e-cef4c51a0e33.settings.code', '""');
INSERT INTO public.projectconfig (path, value) VALUES ('fields.1f8b3b3f-ed42-4b28-b49e-cef4c51a0e33.settings.columnType', 'null');
INSERT INTO public.projectconfig (path, value) VALUES ('fields.1f8b3b3f-ed42-4b28-b49e-cef4c51a0e33.settings.initialRows', '"4"');
INSERT INTO public.projectconfig (path, value) VALUES ('fields.1f8b3b3f-ed42-4b28-b49e-cef4c51a0e33.settings.multiline', '""');
INSERT INTO public.projectconfig (path, value) VALUES ('fields.1f8b3b3f-ed42-4b28-b49e-cef4c51a0e33.settings.placeholder', '""');
INSERT INTO public.projectconfig (path, value) VALUES ('fields.1f8b3b3f-ed42-4b28-b49e-cef4c51a0e33.settings.uiMode', '"normal"');
INSERT INTO public.projectconfig (path, value) VALUES ('fields.1f8b3b3f-ed42-4b28-b49e-cef4c51a0e33.translationKeyFormat', 'null');
INSERT INTO public.projectconfig (path, value) VALUES ('fields.1f8b3b3f-ed42-4b28-b49e-cef4c51a0e33.translationMethod', '"none"');
INSERT INTO public.projectconfig (path, value) VALUES ('fields.1f8b3b3f-ed42-4b28-b49e-cef4c51a0e33.type', '"craft\\fields\\PlainText"');
INSERT INTO public.projectconfig (path, value) VALUES ('fieldGroups.ecf27a09-c4c5-43fc-bad8-3c666a274fe2.name', '"Product"');
INSERT INTO public.projectconfig (path, value) VALUES ('fields.b615217c-6a31-4d72-bc36-48a81c88be5d.contentColumnType', '"string"');
INSERT INTO public.projectconfig (path, value) VALUES ('fields.8d3d3523-0a94-44fa-be0d-11ecb92bdc20.contentColumnType', '"text"');
INSERT INTO public.projectconfig (path, value) VALUES ('fields.8d3d3523-0a94-44fa-be0d-11ecb92bdc20.fieldGroup', '"1d55be6c-f0ae-45f5-91a7-6a4a464d109e"');
INSERT INTO public.projectconfig (path, value) VALUES ('fields.8d3d3523-0a94-44fa-be0d-11ecb92bdc20.handle', '"address_city"');
INSERT INTO public.projectconfig (path, value) VALUES ('fields.8d3d3523-0a94-44fa-be0d-11ecb92bdc20.instructions', '""');
INSERT INTO public.projectconfig (path, value) VALUES ('fields.8d3d3523-0a94-44fa-be0d-11ecb92bdc20.name', '"Stadt"');
INSERT INTO public.projectconfig (path, value) VALUES ('fields.8d3d3523-0a94-44fa-be0d-11ecb92bdc20.searchable', 'false');
INSERT INTO public.projectconfig (path, value) VALUES ('fields.8d3d3523-0a94-44fa-be0d-11ecb92bdc20.settings.byteLimit', 'null');
INSERT INTO public.projectconfig (path, value) VALUES ('fields.8d3d3523-0a94-44fa-be0d-11ecb92bdc20.settings.charLimit', 'null');
INSERT INTO public.projectconfig (path, value) VALUES ('fields.8d3d3523-0a94-44fa-be0d-11ecb92bdc20.settings.code', '""');
INSERT INTO public.projectconfig (path, value) VALUES ('fields.8d3d3523-0a94-44fa-be0d-11ecb92bdc20.settings.columnType', 'null');
INSERT INTO public.projectconfig (path, value) VALUES ('fields.8d3d3523-0a94-44fa-be0d-11ecb92bdc20.settings.initialRows', '"4"');
INSERT INTO public.projectconfig (path, value) VALUES ('fields.8d3d3523-0a94-44fa-be0d-11ecb92bdc20.settings.multiline', '""');
INSERT INTO public.projectconfig (path, value) VALUES ('fields.8d3d3523-0a94-44fa-be0d-11ecb92bdc20.settings.placeholder', '""');
INSERT INTO public.projectconfig (path, value) VALUES ('fields.8d3d3523-0a94-44fa-be0d-11ecb92bdc20.settings.uiMode', '"normal"');
INSERT INTO public.projectconfig (path, value) VALUES ('fields.8d3d3523-0a94-44fa-be0d-11ecb92bdc20.translationKeyFormat', 'null');
INSERT INTO public.projectconfig (path, value) VALUES ('fields.8d3d3523-0a94-44fa-be0d-11ecb92bdc20.translationMethod', '"none"');
INSERT INTO public.projectconfig (path, value) VALUES ('fields.8d3d3523-0a94-44fa-be0d-11ecb92bdc20.type', '"craft\\fields\\PlainText"');
INSERT INTO public.projectconfig (path, value) VALUES ('fields.dee5203e-54fb-4649-9f7f-11336a0b6da7.contentColumnType', '"string"');
INSERT INTO public.projectconfig (path, value) VALUES ('fields.dee5203e-54fb-4649-9f7f-11336a0b6da7.fieldGroup', '"ecf27a09-c4c5-43fc-bad8-3c666a274fe2"');
INSERT INTO public.projectconfig (path, value) VALUES ('fields.dee5203e-54fb-4649-9f7f-11336a0b6da7.handle', '"product_images"');
INSERT INTO public.projectconfig (path, value) VALUES ('fields.dee5203e-54fb-4649-9f7f-11336a0b6da7.instructions', '""');
INSERT INTO public.projectconfig (path, value) VALUES ('fields.dee5203e-54fb-4649-9f7f-11336a0b6da7.name', '"Bilder"');
INSERT INTO public.projectconfig (path, value) VALUES ('fields.dee5203e-54fb-4649-9f7f-11336a0b6da7.searchable', 'false');
INSERT INTO public.projectconfig (path, value) VALUES ('fields.dee5203e-54fb-4649-9f7f-11336a0b6da7.settings.allowSelfRelations', 'false');
INSERT INTO public.projectconfig (path, value) VALUES ('fields.dee5203e-54fb-4649-9f7f-11336a0b6da7.settings.allowUploads', 'true');
INSERT INTO public.projectconfig (path, value) VALUES ('fields.dee5203e-54fb-4649-9f7f-11336a0b6da7.settings.allowedKinds', 'null');
INSERT INTO public.projectconfig (path, value) VALUES ('fields.dee5203e-54fb-4649-9f7f-11336a0b6da7.settings.defaultUploadLocationSource', '"volume:24c25c8a-80ea-4d24-ad72-d168a19e07cd"');
INSERT INTO public.projectconfig (path, value) VALUES ('fields.dee5203e-54fb-4649-9f7f-11336a0b6da7.settings.defaultUploadLocationSubpath', '""');
INSERT INTO public.projectconfig (path, value) VALUES ('fields.dee5203e-54fb-4649-9f7f-11336a0b6da7.settings.limit', '""');
INSERT INTO public.projectconfig (path, value) VALUES ('fields.dee5203e-54fb-4649-9f7f-11336a0b6da7.settings.localizeRelations', 'false');
INSERT INTO public.projectconfig (path, value) VALUES ('fields.dee5203e-54fb-4649-9f7f-11336a0b6da7.settings.previewMode', '"full"');
INSERT INTO public.projectconfig (path, value) VALUES ('fields.dee5203e-54fb-4649-9f7f-11336a0b6da7.settings.restrictFiles', '""');
INSERT INTO public.projectconfig (path, value) VALUES ('fields.dee5203e-54fb-4649-9f7f-11336a0b6da7.settings.selectionLabel', '""');
INSERT INTO public.projectconfig (path, value) VALUES ('fields.dee5203e-54fb-4649-9f7f-11336a0b6da7.settings.showSiteMenu', 'false');
INSERT INTO public.projectconfig (path, value) VALUES ('fields.dee5203e-54fb-4649-9f7f-11336a0b6da7.settings.showUnpermittedFiles', 'false');
INSERT INTO public.projectconfig (path, value) VALUES ('fields.dee5203e-54fb-4649-9f7f-11336a0b6da7.settings.showUnpermittedVolumes', 'false');
INSERT INTO public.projectconfig (path, value) VALUES ('fields.dee5203e-54fb-4649-9f7f-11336a0b6da7.settings.singleUploadLocationSource', '"volume:24c25c8a-80ea-4d24-ad72-d168a19e07cd"');
INSERT INTO public.projectconfig (path, value) VALUES ('fields.dee5203e-54fb-4649-9f7f-11336a0b6da7.settings.singleUploadLocationSubpath', '""');
INSERT INTO public.projectconfig (path, value) VALUES ('fields.dee5203e-54fb-4649-9f7f-11336a0b6da7.settings.source', 'null');
INSERT INTO public.projectconfig (path, value) VALUES ('fields.dee5203e-54fb-4649-9f7f-11336a0b6da7.settings.sources', '"*"');
INSERT INTO public.projectconfig (path, value) VALUES ('fields.dee5203e-54fb-4649-9f7f-11336a0b6da7.settings.targetSiteId', 'null');
INSERT INTO public.projectconfig (path, value) VALUES ('fields.dee5203e-54fb-4649-9f7f-11336a0b6da7.settings.useSingleFolder', 'false');
INSERT INTO public.projectconfig (path, value) VALUES ('fields.dee5203e-54fb-4649-9f7f-11336a0b6da7.settings.validateRelatedElements', 'false');
INSERT INTO public.projectconfig (path, value) VALUES ('fields.dee5203e-54fb-4649-9f7f-11336a0b6da7.settings.viewMode', '"list"');
INSERT INTO public.projectconfig (path, value) VALUES ('fields.dee5203e-54fb-4649-9f7f-11336a0b6da7.translationKeyFormat', 'null');
INSERT INTO public.projectconfig (path, value) VALUES ('fields.dee5203e-54fb-4649-9f7f-11336a0b6da7.translationMethod', '"site"');
INSERT INTO public.projectconfig (path, value) VALUES ('fields.dee5203e-54fb-4649-9f7f-11336a0b6da7.type', '"craft\\fields\\Assets"');
INSERT INTO public.projectconfig (path, value) VALUES ('fields.531d4f4f-7561-416d-a5f2-116a484ad6ff.contentColumnType', '"text"');
INSERT INTO public.projectconfig (path, value) VALUES ('fields.c85c285d-0701-44db-b2a7-306dd269680c.contentColumnType', '"text"');
INSERT INTO public.projectconfig (path, value) VALUES ('dateModified', '1611934842');
INSERT INTO public.projectconfig (path, value) VALUES ('graphql.schemas.5b81e3ee-a4a7-4060-86fc-deb4965e0741.isPublic', 'false');
INSERT INTO public.projectconfig (path, value) VALUES ('graphql.schemas.5b81e3ee-a4a7-4060-86fc-deb4965e0741.name', '"IndustryArena"');
INSERT INTO public.projectconfig (path, value) VALUES ('graphql.schemas.5b81e3ee-a4a7-4060-86fc-deb4965e0741.scope.0', '"sections.1b0aae41-58ef-4c4b-8749-6e8a8c98221d:read"');
INSERT INTO public.projectconfig (path, value) VALUES ('graphql.schemas.5b81e3ee-a4a7-4060-86fc-deb4965e0741.scope.1', '"entrytypes.5f92a88d-eede-41f6-8695-815d1211d2fe:read"');
INSERT INTO public.projectconfig (path, value) VALUES ('graphql.schemas.5b81e3ee-a4a7-4060-86fc-deb4965e0741.scope.2', '"sections.2a038e37-6c48-4746-8b6d-b27fabf7972f:read"');
INSERT INTO public.projectconfig (path, value) VALUES ('graphql.schemas.5b81e3ee-a4a7-4060-86fc-deb4965e0741.scope.3', '"entrytypes.e93d03f4-73b1-4675-b5f7-1aff6d7f7a63:read"');
INSERT INTO public.projectconfig (path, value) VALUES ('graphql.schemas.5b81e3ee-a4a7-4060-86fc-deb4965e0741.scope.4', '"volumes.24c25c8a-80ea-4d24-ad72-d168a19e07cd:read"');
INSERT INTO public.projectconfig (path, value) VALUES ('graphql.schemas.5b81e3ee-a4a7-4060-86fc-deb4965e0741.scope.5', '"volumes.6d6fb726-ec98-4924-a4c4-0d5e30359a91:read"');
INSERT INTO public.projectconfig (path, value) VALUES ('graphql.schemas.5b81e3ee-a4a7-4060-86fc-deb4965e0741.scope.6', '"volumes.6ccb6428-fc6d-4868-a8e1-17eefa4bfbb7:read"');
INSERT INTO public.projectconfig (path, value) VALUES ('graphql.schemas.5b81e3ee-a4a7-4060-86fc-deb4965e0741.scope.7', '"sections.1b0aae41-58ef-4c4b-8749-6e8a8c98221d:edit"');
INSERT INTO public.projectconfig (path, value) VALUES ('graphql.schemas.5b81e3ee-a4a7-4060-86fc-deb4965e0741.scope.8', '"entrytypes.5f92a88d-eede-41f6-8695-815d1211d2fe:edit"');
INSERT INTO public.projectconfig (path, value) VALUES ('graphql.schemas.5b81e3ee-a4a7-4060-86fc-deb4965e0741.scope.9', '"entrytypes.5f92a88d-eede-41f6-8695-815d1211d2fe:create"');
INSERT INTO public.projectconfig (path, value) VALUES ('graphql.schemas.5b81e3ee-a4a7-4060-86fc-deb4965e0741.scope.10', '"entrytypes.5f92a88d-eede-41f6-8695-815d1211d2fe:save"');
INSERT INTO public.projectconfig (path, value) VALUES ('graphql.schemas.5b81e3ee-a4a7-4060-86fc-deb4965e0741.scope.11', '"entrytypes.5f92a88d-eede-41f6-8695-815d1211d2fe:delete"');
INSERT INTO public.projectconfig (path, value) VALUES ('graphql.schemas.5b81e3ee-a4a7-4060-86fc-deb4965e0741.scope.12', '"sections.2a038e37-6c48-4746-8b6d-b27fabf7972f:edit"');
INSERT INTO public.projectconfig (path, value) VALUES ('graphql.schemas.5b81e3ee-a4a7-4060-86fc-deb4965e0741.scope.13', '"entrytypes.e93d03f4-73b1-4675-b5f7-1aff6d7f7a63:edit"');
INSERT INTO public.projectconfig (path, value) VALUES ('graphql.schemas.5b81e3ee-a4a7-4060-86fc-deb4965e0741.scope.14', '"entrytypes.e93d03f4-73b1-4675-b5f7-1aff6d7f7a63:create"');
INSERT INTO public.projectconfig (path, value) VALUES ('graphql.schemas.5b81e3ee-a4a7-4060-86fc-deb4965e0741.scope.15', '"entrytypes.e93d03f4-73b1-4675-b5f7-1aff6d7f7a63:save"');
INSERT INTO public.projectconfig (path, value) VALUES ('graphql.schemas.5b81e3ee-a4a7-4060-86fc-deb4965e0741.scope.16', '"entrytypes.e93d03f4-73b1-4675-b5f7-1aff6d7f7a63:delete"');
INSERT INTO public.projectconfig (path, value) VALUES ('fieldGroups.ca6b85ed-e3a8-4acc-953d-6400dde26c06.name', '"Exhibitor"');
INSERT INTO public.projectconfig (path, value) VALUES ('categoryGroups.c01c0c86-571a-4af8-a30b-622e93d627d3.fieldLayouts.94d02b6c-a146-4e67-9709-45dbe6b120ab.tabs.0.elements.0.autocapitalize', 'true');
INSERT INTO public.projectconfig (path, value) VALUES ('categoryGroups.c01c0c86-571a-4af8-a30b-622e93d627d3.fieldLayouts.94d02b6c-a146-4e67-9709-45dbe6b120ab.tabs.0.elements.0.autocomplete', 'false');
INSERT INTO public.projectconfig (path, value) VALUES ('categoryGroups.c01c0c86-571a-4af8-a30b-622e93d627d3.fieldLayouts.94d02b6c-a146-4e67-9709-45dbe6b120ab.tabs.0.elements.0.autocorrect', 'true');
INSERT INTO public.projectconfig (path, value) VALUES ('categoryGroups.c01c0c86-571a-4af8-a30b-622e93d627d3.fieldLayouts.94d02b6c-a146-4e67-9709-45dbe6b120ab.tabs.0.elements.0.class', 'null');
INSERT INTO public.projectconfig (path, value) VALUES ('categoryGroups.c01c0c86-571a-4af8-a30b-622e93d627d3.fieldLayouts.94d02b6c-a146-4e67-9709-45dbe6b120ab.tabs.0.elements.0.disabled', 'false');
INSERT INTO public.projectconfig (path, value) VALUES ('categoryGroups.c01c0c86-571a-4af8-a30b-622e93d627d3.fieldLayouts.94d02b6c-a146-4e67-9709-45dbe6b120ab.tabs.0.elements.0.id', 'null');
INSERT INTO public.projectconfig (path, value) VALUES ('categoryGroups.c01c0c86-571a-4af8-a30b-622e93d627d3.fieldLayouts.94d02b6c-a146-4e67-9709-45dbe6b120ab.tabs.0.elements.0.instructions', 'null');
INSERT INTO public.projectconfig (path, value) VALUES ('categoryGroups.c01c0c86-571a-4af8-a30b-622e93d627d3.fieldLayouts.94d02b6c-a146-4e67-9709-45dbe6b120ab.tabs.0.elements.0.label', 'null');
INSERT INTO public.projectconfig (path, value) VALUES ('categoryGroups.c01c0c86-571a-4af8-a30b-622e93d627d3.fieldLayouts.94d02b6c-a146-4e67-9709-45dbe6b120ab.tabs.0.elements.0.max', 'null');
INSERT INTO public.projectconfig (path, value) VALUES ('categoryGroups.c01c0c86-571a-4af8-a30b-622e93d627d3.fieldLayouts.94d02b6c-a146-4e67-9709-45dbe6b120ab.tabs.0.elements.0.min', 'null');
INSERT INTO public.projectconfig (path, value) VALUES ('categoryGroups.c01c0c86-571a-4af8-a30b-622e93d627d3.fieldLayouts.94d02b6c-a146-4e67-9709-45dbe6b120ab.tabs.0.elements.0.name', 'null');
INSERT INTO public.projectconfig (path, value) VALUES ('categoryGroups.c01c0c86-571a-4af8-a30b-622e93d627d3.fieldLayouts.94d02b6c-a146-4e67-9709-45dbe6b120ab.tabs.0.elements.0.orientation', 'null');
INSERT INTO public.projectconfig (path, value) VALUES ('categoryGroups.c01c0c86-571a-4af8-a30b-622e93d627d3.fieldLayouts.94d02b6c-a146-4e67-9709-45dbe6b120ab.tabs.0.elements.0.placeholder', 'null');
INSERT INTO public.projectconfig (path, value) VALUES ('categoryGroups.c01c0c86-571a-4af8-a30b-622e93d627d3.fieldLayouts.94d02b6c-a146-4e67-9709-45dbe6b120ab.tabs.0.elements.0.readonly', 'false');
INSERT INTO public.projectconfig (path, value) VALUES ('categoryGroups.c01c0c86-571a-4af8-a30b-622e93d627d3.fieldLayouts.94d02b6c-a146-4e67-9709-45dbe6b120ab.tabs.0.elements.0.requirable', 'false');
INSERT INTO public.projectconfig (path, value) VALUES ('categoryGroups.c01c0c86-571a-4af8-a30b-622e93d627d3.fieldLayouts.94d02b6c-a146-4e67-9709-45dbe6b120ab.tabs.0.elements.0.size', 'null');
INSERT INTO public.projectconfig (path, value) VALUES ('categoryGroups.c01c0c86-571a-4af8-a30b-622e93d627d3.fieldLayouts.94d02b6c-a146-4e67-9709-45dbe6b120ab.tabs.0.elements.0.step', 'null');
INSERT INTO public.projectconfig (path, value) VALUES ('categoryGroups.c01c0c86-571a-4af8-a30b-622e93d627d3.fieldLayouts.94d02b6c-a146-4e67-9709-45dbe6b120ab.tabs.0.elements.0.tip', 'null');
INSERT INTO public.projectconfig (path, value) VALUES ('categoryGroups.c01c0c86-571a-4af8-a30b-622e93d627d3.fieldLayouts.94d02b6c-a146-4e67-9709-45dbe6b120ab.tabs.0.elements.0.title', 'null');
INSERT INTO public.projectconfig (path, value) VALUES ('categoryGroups.c01c0c86-571a-4af8-a30b-622e93d627d3.fieldLayouts.94d02b6c-a146-4e67-9709-45dbe6b120ab.tabs.0.elements.0.type', '"craft\\fieldlayoutelements\\TitleField"');
INSERT INTO public.projectconfig (path, value) VALUES ('categoryGroups.c01c0c86-571a-4af8-a30b-622e93d627d3.fieldLayouts.94d02b6c-a146-4e67-9709-45dbe6b120ab.tabs.0.elements.0.warning', 'null');
INSERT INTO public.projectconfig (path, value) VALUES ('categoryGroups.c01c0c86-571a-4af8-a30b-622e93d627d3.fieldLayouts.94d02b6c-a146-4e67-9709-45dbe6b120ab.tabs.0.elements.0.width', '100');
INSERT INTO public.projectconfig (path, value) VALUES ('categoryGroups.c01c0c86-571a-4af8-a30b-622e93d627d3.fieldLayouts.94d02b6c-a146-4e67-9709-45dbe6b120ab.tabs.0.name', '"Inhalt"');
INSERT INTO public.projectconfig (path, value) VALUES ('categoryGroups.c01c0c86-571a-4af8-a30b-622e93d627d3.fieldLayouts.94d02b6c-a146-4e67-9709-45dbe6b120ab.tabs.0.sortOrder', '1');
INSERT INTO public.projectconfig (path, value) VALUES ('categoryGroups.c01c0c86-571a-4af8-a30b-622e93d627d3.handle', '"product_categories"');
INSERT INTO public.projectconfig (path, value) VALUES ('categoryGroups.c01c0c86-571a-4af8-a30b-622e93d627d3.name', '"VDW Nomenklatur"');
INSERT INTO public.projectconfig (path, value) VALUES ('categoryGroups.c01c0c86-571a-4af8-a30b-622e93d627d3.siteSettings.34380f2c-988a-43d1-9723-8633250a5237.hasUrls', 'true');
INSERT INTO public.projectconfig (path, value) VALUES ('categoryGroups.c01c0c86-571a-4af8-a30b-622e93d627d3.siteSettings.34380f2c-988a-43d1-9723-8633250a5237.template', 'null');
INSERT INTO public.projectconfig (path, value) VALUES ('categoryGroups.c01c0c86-571a-4af8-a30b-622e93d627d3.siteSettings.34380f2c-988a-43d1-9723-8633250a5237.uriFormat', '"nomenclature/{slug}"');
INSERT INTO public.projectconfig (path, value) VALUES ('categoryGroups.c01c0c86-571a-4af8-a30b-622e93d627d3.siteSettings.ff97e19b-a38b-48c6-b4a8-4ed14019ec07.hasUrls', 'true');
INSERT INTO public.projectconfig (path, value) VALUES ('categoryGroups.c01c0c86-571a-4af8-a30b-622e93d627d3.siteSettings.ff97e19b-a38b-48c6-b4a8-4ed14019ec07.template', 'null');
INSERT INTO public.projectconfig (path, value) VALUES ('categoryGroups.c01c0c86-571a-4af8-a30b-622e93d627d3.siteSettings.ff97e19b-a38b-48c6-b4a8-4ed14019ec07.uriFormat', '"nomenklatur/{slug}"');
INSERT INTO public.projectconfig (path, value) VALUES ('categoryGroups.c01c0c86-571a-4af8-a30b-622e93d627d3.structure.maxLevels', '2');
INSERT INTO public.projectconfig (path, value) VALUES ('categoryGroups.c01c0c86-571a-4af8-a30b-622e93d627d3.structure.uid', '"6ce3fefa-8060-4e69-8df4-0e550b537554"');
INSERT INTO public.projectconfig (path, value) VALUES ('fields.3a7873dc-80ec-4fc1-8702-0cd23d307ad0.contentColumnType', '"string"');
INSERT INTO public.projectconfig (path, value) VALUES ('fields.c85c285d-0701-44db-b2a7-306dd269680c.fieldGroup', '"e0052448-4c56-4da7-a2b5-d0739570cba1"');
INSERT INTO public.projectconfig (path, value) VALUES ('fields.c85c285d-0701-44db-b2a7-306dd269680c.handle', '"website"');
INSERT INTO public.projectconfig (path, value) VALUES ('fields.c85c285d-0701-44db-b2a7-306dd269680c.instructions', '""');
INSERT INTO public.projectconfig (path, value) VALUES ('fields.c85c285d-0701-44db-b2a7-306dd269680c.name', '"Webseite"');
INSERT INTO public.projectconfig (path, value) VALUES ('fields.c85c285d-0701-44db-b2a7-306dd269680c.searchable', 'false');
INSERT INTO public.projectconfig (path, value) VALUES ('fields.c85c285d-0701-44db-b2a7-306dd269680c.settings.byteLimit', 'null');
INSERT INTO public.projectconfig (path, value) VALUES ('fields.c85c285d-0701-44db-b2a7-306dd269680c.settings.charLimit', 'null');
INSERT INTO public.projectconfig (path, value) VALUES ('fields.c85c285d-0701-44db-b2a7-306dd269680c.settings.code', '""');
INSERT INTO public.projectconfig (path, value) VALUES ('fields.c85c285d-0701-44db-b2a7-306dd269680c.settings.columnType', 'null');
INSERT INTO public.projectconfig (path, value) VALUES ('fields.c85c285d-0701-44db-b2a7-306dd269680c.settings.initialRows', '"4"');
INSERT INTO public.projectconfig (path, value) VALUES ('fields.c85c285d-0701-44db-b2a7-306dd269680c.settings.multiline', '""');
INSERT INTO public.projectconfig (path, value) VALUES ('fields.c85c285d-0701-44db-b2a7-306dd269680c.settings.placeholder', '"https://example.org"');
INSERT INTO public.projectconfig (path, value) VALUES ('fields.c85c285d-0701-44db-b2a7-306dd269680c.settings.uiMode', '"normal"');
INSERT INTO public.projectconfig (path, value) VALUES ('fields.c85c285d-0701-44db-b2a7-306dd269680c.translationKeyFormat', 'null');
INSERT INTO public.projectconfig (path, value) VALUES ('fields.c85c285d-0701-44db-b2a7-306dd269680c.translationMethod', '"none"');
INSERT INTO public.projectconfig (path, value) VALUES ('fields.c85c285d-0701-44db-b2a7-306dd269680c.type', '"craft\\fields\\PlainText"');
INSERT INTO public.projectconfig (path, value) VALUES ('fields.8de8794b-837b-4213-85e6-3496dfb21d96.contentColumnType', '"string"');
INSERT INTO public.projectconfig (path, value) VALUES ('fields.8de8794b-837b-4213-85e6-3496dfb21d96.fieldGroup', '"34b5cb01-0278-41cb-8ac2-1c6d931920cf"');
INSERT INTO public.projectconfig (path, value) VALUES ('fields.8de8794b-837b-4213-85e6-3496dfb21d96.handle', '"produkt_category"');
INSERT INTO public.projectconfig (path, value) VALUES ('fields.8de8794b-837b-4213-85e6-3496dfb21d96.instructions', '""');
INSERT INTO public.projectconfig (path, value) VALUES ('fields.8de8794b-837b-4213-85e6-3496dfb21d96.name', '"Produktkategorie"');
INSERT INTO public.projectconfig (path, value) VALUES ('fields.8de8794b-837b-4213-85e6-3496dfb21d96.searchable', 'false');
INSERT INTO public.projectconfig (path, value) VALUES ('fields.8de8794b-837b-4213-85e6-3496dfb21d96.settings.allowLimit', 'false');
INSERT INTO public.projectconfig (path, value) VALUES ('fields.8de8794b-837b-4213-85e6-3496dfb21d96.settings.allowMultipleSources', 'false');
INSERT INTO public.projectconfig (path, value) VALUES ('fields.8de8794b-837b-4213-85e6-3496dfb21d96.settings.allowSelfRelations', 'false');
INSERT INTO public.projectconfig (path, value) VALUES ('fields.8de8794b-837b-4213-85e6-3496dfb21d96.settings.branchLimit', '"1"');
INSERT INTO public.projectconfig (path, value) VALUES ('fields.8de8794b-837b-4213-85e6-3496dfb21d96.settings.limit', 'null');
INSERT INTO public.projectconfig (path, value) VALUES ('fields.8de8794b-837b-4213-85e6-3496dfb21d96.settings.localizeRelations', 'false');
INSERT INTO public.projectconfig (path, value) VALUES ('fields.8de8794b-837b-4213-85e6-3496dfb21d96.settings.selectionLabel', '""');
INSERT INTO public.projectconfig (path, value) VALUES ('fields.8de8794b-837b-4213-85e6-3496dfb21d96.settings.showSiteMenu', 'false');
INSERT INTO public.projectconfig (path, value) VALUES ('fields.8de8794b-837b-4213-85e6-3496dfb21d96.settings.source', '"group:c01c0c86-571a-4af8-a30b-622e93d627d3"');
INSERT INTO public.projectconfig (path, value) VALUES ('fields.8de8794b-837b-4213-85e6-3496dfb21d96.settings.sources', '"*"');
INSERT INTO public.projectconfig (path, value) VALUES ('fields.8de8794b-837b-4213-85e6-3496dfb21d96.settings.targetSiteId', 'null');
INSERT INTO public.projectconfig (path, value) VALUES ('fields.8de8794b-837b-4213-85e6-3496dfb21d96.settings.validateRelatedElements', 'false');
INSERT INTO public.projectconfig (path, value) VALUES ('fields.8de8794b-837b-4213-85e6-3496dfb21d96.settings.viewMode', 'null');
INSERT INTO public.projectconfig (path, value) VALUES ('fields.8de8794b-837b-4213-85e6-3496dfb21d96.translationKeyFormat', 'null');
INSERT INTO public.projectconfig (path, value) VALUES ('fields.8de8794b-837b-4213-85e6-3496dfb21d96.translationMethod', '"site"');
INSERT INTO public.projectconfig (path, value) VALUES ('fields.8de8794b-837b-4213-85e6-3496dfb21d96.type', '"craft\\fields\\Categories"');
INSERT INTO public.projectconfig (path, value) VALUES ('entryTypes.5f92a88d-eede-41f6-8695-815d1211d2fe.fieldLayouts.fc561d93-5d34-40b4-a588-f309aeb64350.tabs.2.elements.2.instructions', 'null');
INSERT INTO public.projectconfig (path, value) VALUES ('entryTypes.5f92a88d-eede-41f6-8695-815d1211d2fe.fieldLayouts.fc561d93-5d34-40b4-a588-f309aeb64350.tabs.2.elements.2.label', 'null');
INSERT INTO public.projectconfig (path, value) VALUES ('entryTypes.5f92a88d-eede-41f6-8695-815d1211d2fe.fieldLayouts.fc561d93-5d34-40b4-a588-f309aeb64350.tabs.2.elements.2.required', 'false');
INSERT INTO public.projectconfig (path, value) VALUES ('entryTypes.5f92a88d-eede-41f6-8695-815d1211d2fe.fieldLayouts.fc561d93-5d34-40b4-a588-f309aeb64350.tabs.2.elements.2.tip', 'null');
INSERT INTO public.projectconfig (path, value) VALUES ('entryTypes.5f92a88d-eede-41f6-8695-815d1211d2fe.fieldLayouts.fc561d93-5d34-40b4-a588-f309aeb64350.tabs.2.elements.2.type', '"craft\\fieldlayoutelements\\CustomField"');
INSERT INTO public.projectconfig (path, value) VALUES ('entryTypes.5f92a88d-eede-41f6-8695-815d1211d2fe.fieldLayouts.fc561d93-5d34-40b4-a588-f309aeb64350.tabs.2.elements.2.warning', 'null');
INSERT INTO public.projectconfig (path, value) VALUES ('entryTypes.5f92a88d-eede-41f6-8695-815d1211d2fe.fieldLayouts.fc561d93-5d34-40b4-a588-f309aeb64350.tabs.2.elements.2.width', '50');
INSERT INTO public.projectconfig (path, value) VALUES ('fields.3a7873dc-80ec-4fc1-8702-0cd23d307ad0.fieldGroup', '"ca6b85ed-e3a8-4acc-953d-6400dde26c06"');
INSERT INTO public.projectconfig (path, value) VALUES ('fields.b615217c-6a31-4d72-bc36-48a81c88be5d.fieldGroup', '"46e7d308-41fb-4441-87ee-70fa77295bf7"');
INSERT INTO public.projectconfig (path, value) VALUES ('entryTypes.5f92a88d-eede-41f6-8695-815d1211d2fe.fieldLayouts.fc561d93-5d34-40b4-a588-f309aeb64350.tabs.2.elements.3.fieldUid', '"68317155-d437-4b8a-a640-382a9092e553"');
INSERT INTO public.projectconfig (path, value) VALUES ('entryTypes.5f92a88d-eede-41f6-8695-815d1211d2fe.fieldLayouts.fc561d93-5d34-40b4-a588-f309aeb64350.tabs.2.elements.3.instructions', 'null');
INSERT INTO public.projectconfig (path, value) VALUES ('entryTypes.5f92a88d-eede-41f6-8695-815d1211d2fe.fieldLayouts.fc561d93-5d34-40b4-a588-f309aeb64350.tabs.2.elements.3.label', 'null');
INSERT INTO public.projectconfig (path, value) VALUES ('sections.2a038e37-6c48-4746-8b6d-b27fabf7972f.enableVersioning', 'false');
INSERT INTO public.projectconfig (path, value) VALUES ('sections.2a038e37-6c48-4746-8b6d-b27fabf7972f.handle', '"products"');
INSERT INTO public.projectconfig (path, value) VALUES ('sections.2a038e37-6c48-4746-8b6d-b27fabf7972f.name', '"Produkte"');
INSERT INTO public.projectconfig (path, value) VALUES ('sections.2a038e37-6c48-4746-8b6d-b27fabf7972f.previewTargets.0.__assoc__.0.0', '"label"');
INSERT INTO public.projectconfig (path, value) VALUES ('sections.2a038e37-6c48-4746-8b6d-b27fabf7972f.previewTargets.0.__assoc__.0.1', '"Primre eintrag Seite"');
INSERT INTO public.projectconfig (path, value) VALUES ('sections.2a038e37-6c48-4746-8b6d-b27fabf7972f.previewTargets.0.__assoc__.1.0', '"urlFormat"');
INSERT INTO public.projectconfig (path, value) VALUES ('sections.2a038e37-6c48-4746-8b6d-b27fabf7972f.previewTargets.0.__assoc__.1.1', '"{url}"');
INSERT INTO public.projectconfig (path, value) VALUES ('sections.2a038e37-6c48-4746-8b6d-b27fabf7972f.previewTargets.0.__assoc__.2.0', '"refresh"');
INSERT INTO public.projectconfig (path, value) VALUES ('sections.2a038e37-6c48-4746-8b6d-b27fabf7972f.previewTargets.0.__assoc__.2.1', '"1"');
INSERT INTO public.projectconfig (path, value) VALUES ('sections.2a038e37-6c48-4746-8b6d-b27fabf7972f.propagationMethod', '"all"');
INSERT INTO public.projectconfig (path, value) VALUES ('sections.2a038e37-6c48-4746-8b6d-b27fabf7972f.siteSettings.34380f2c-988a-43d1-9723-8633250a5237.enabledByDefault', 'true');
INSERT INTO public.projectconfig (path, value) VALUES ('sections.2a038e37-6c48-4746-8b6d-b27fabf7972f.siteSettings.34380f2c-988a-43d1-9723-8633250a5237.hasUrls', 'true');
INSERT INTO public.projectconfig (path, value) VALUES ('sections.2a038e37-6c48-4746-8b6d-b27fabf7972f.siteSettings.34380f2c-988a-43d1-9723-8633250a5237.template', 'null');
INSERT INTO public.projectconfig (path, value) VALUES ('sections.2a038e37-6c48-4746-8b6d-b27fabf7972f.siteSettings.34380f2c-988a-43d1-9723-8633250a5237.uriFormat', '"products/{slug}"');
INSERT INTO public.projectconfig (path, value) VALUES ('sections.2a038e37-6c48-4746-8b6d-b27fabf7972f.siteSettings.ff97e19b-a38b-48c6-b4a8-4ed14019ec07.enabledByDefault', 'true');
INSERT INTO public.projectconfig (path, value) VALUES ('fields.3a7873dc-80ec-4fc1-8702-0cd23d307ad0.handle', '"logo"');
INSERT INTO public.projectconfig (path, value) VALUES ('fields.3a7873dc-80ec-4fc1-8702-0cd23d307ad0.instructions', '""');
INSERT INTO public.projectconfig (path, value) VALUES ('fields.3a7873dc-80ec-4fc1-8702-0cd23d307ad0.name', '"Logo"');
INSERT INTO public.projectconfig (path, value) VALUES ('fields.3a7873dc-80ec-4fc1-8702-0cd23d307ad0.searchable', 'false');
INSERT INTO public.projectconfig (path, value) VALUES ('fields.3a7873dc-80ec-4fc1-8702-0cd23d307ad0.settings.allowSelfRelations', 'false');
INSERT INTO public.projectconfig (path, value) VALUES ('fields.3a7873dc-80ec-4fc1-8702-0cd23d307ad0.settings.allowUploads', 'true');
INSERT INTO public.projectconfig (path, value) VALUES ('fields.3a7873dc-80ec-4fc1-8702-0cd23d307ad0.settings.allowedKinds', 'null');
INSERT INTO public.projectconfig (path, value) VALUES ('fields.3a7873dc-80ec-4fc1-8702-0cd23d307ad0.settings.defaultUploadLocationSource', '"volume:24c25c8a-80ea-4d24-ad72-d168a19e07cd"');
INSERT INTO public.projectconfig (path, value) VALUES ('fields.3a7873dc-80ec-4fc1-8702-0cd23d307ad0.settings.defaultUploadLocationSubpath', '""');
INSERT INTO public.projectconfig (path, value) VALUES ('fields.3a7873dc-80ec-4fc1-8702-0cd23d307ad0.settings.limit', '"1"');
INSERT INTO public.projectconfig (path, value) VALUES ('fields.3a7873dc-80ec-4fc1-8702-0cd23d307ad0.settings.localizeRelations', 'false');
INSERT INTO public.projectconfig (path, value) VALUES ('fields.3a7873dc-80ec-4fc1-8702-0cd23d307ad0.settings.previewMode', '"full"');
INSERT INTO public.projectconfig (path, value) VALUES ('fields.3a7873dc-80ec-4fc1-8702-0cd23d307ad0.settings.restrictFiles', '""');
INSERT INTO public.projectconfig (path, value) VALUES ('fields.3a7873dc-80ec-4fc1-8702-0cd23d307ad0.settings.selectionLabel', '""');
INSERT INTO public.projectconfig (path, value) VALUES ('fields.3a7873dc-80ec-4fc1-8702-0cd23d307ad0.settings.showSiteMenu', 'false');
INSERT INTO public.projectconfig (path, value) VALUES ('fields.3a7873dc-80ec-4fc1-8702-0cd23d307ad0.settings.showUnpermittedFiles', 'false');
INSERT INTO public.projectconfig (path, value) VALUES ('fields.3a7873dc-80ec-4fc1-8702-0cd23d307ad0.settings.showUnpermittedVolumes', 'false');
INSERT INTO public.projectconfig (path, value) VALUES ('fields.3a7873dc-80ec-4fc1-8702-0cd23d307ad0.settings.singleUploadLocationSource', '"volume:24c25c8a-80ea-4d24-ad72-d168a19e07cd"');
INSERT INTO public.projectconfig (path, value) VALUES ('fields.3a7873dc-80ec-4fc1-8702-0cd23d307ad0.settings.singleUploadLocationSubpath', '""');
INSERT INTO public.projectconfig (path, value) VALUES ('fields.3a7873dc-80ec-4fc1-8702-0cd23d307ad0.settings.source', 'null');
INSERT INTO public.projectconfig (path, value) VALUES ('fields.3a7873dc-80ec-4fc1-8702-0cd23d307ad0.settings.sources', '"*"');
INSERT INTO public.projectconfig (path, value) VALUES ('fields.3a7873dc-80ec-4fc1-8702-0cd23d307ad0.settings.targetSiteId', 'null');
INSERT INTO public.projectconfig (path, value) VALUES ('fields.3a7873dc-80ec-4fc1-8702-0cd23d307ad0.settings.useSingleFolder', 'false');
INSERT INTO public.projectconfig (path, value) VALUES ('fields.3a7873dc-80ec-4fc1-8702-0cd23d307ad0.settings.validateRelatedElements', 'false');
INSERT INTO public.projectconfig (path, value) VALUES ('fields.3a7873dc-80ec-4fc1-8702-0cd23d307ad0.settings.viewMode', '"list"');
INSERT INTO public.projectconfig (path, value) VALUES ('fields.3a7873dc-80ec-4fc1-8702-0cd23d307ad0.translationKeyFormat', 'null');
INSERT INTO public.projectconfig (path, value) VALUES ('fields.3a7873dc-80ec-4fc1-8702-0cd23d307ad0.translationMethod', '"site"');
INSERT INTO public.projectconfig (path, value) VALUES ('fields.3a7873dc-80ec-4fc1-8702-0cd23d307ad0.type', '"craft\\fields\\Assets"');
INSERT INTO public.projectconfig (path, value) VALUES ('fields.5791152b-3883-4751-9803-a1efd9730f3d.fieldGroup', '"ca6b85ed-e3a8-4acc-953d-6400dde26c06"');
INSERT INTO public.projectconfig (path, value) VALUES ('fields.5791152b-3883-4751-9803-a1efd9730f3d.handle', '"bbi"');
INSERT INTO public.projectconfig (path, value) VALUES ('fields.5791152b-3883-4751-9803-a1efd9730f3d.instructions', '""');
INSERT INTO public.projectconfig (path, value) VALUES ('fields.5791152b-3883-4751-9803-a1efd9730f3d.name', '"Bhnenbild"');
INSERT INTO public.projectconfig (path, value) VALUES ('fields.5791152b-3883-4751-9803-a1efd9730f3d.searchable', 'false');
INSERT INTO public.projectconfig (path, value) VALUES ('fields.5791152b-3883-4751-9803-a1efd9730f3d.settings.allowSelfRelations', 'false');
INSERT INTO public.projectconfig (path, value) VALUES ('fields.5791152b-3883-4751-9803-a1efd9730f3d.settings.allowUploads', 'true');
INSERT INTO public.projectconfig (path, value) VALUES ('fields.5791152b-3883-4751-9803-a1efd9730f3d.settings.allowedKinds', 'null');
INSERT INTO public.projectconfig (path, value) VALUES ('fields.5791152b-3883-4751-9803-a1efd9730f3d.settings.defaultUploadLocationSource', '"volume:24c25c8a-80ea-4d24-ad72-d168a19e07cd"');
INSERT INTO public.projectconfig (path, value) VALUES ('fields.5791152b-3883-4751-9803-a1efd9730f3d.settings.defaultUploadLocationSubpath', '""');
INSERT INTO public.projectconfig (path, value) VALUES ('fields.5791152b-3883-4751-9803-a1efd9730f3d.settings.limit', '"1"');
INSERT INTO public.projectconfig (path, value) VALUES ('fields.5791152b-3883-4751-9803-a1efd9730f3d.settings.localizeRelations', 'false');
INSERT INTO public.projectconfig (path, value) VALUES ('fields.5791152b-3883-4751-9803-a1efd9730f3d.settings.previewMode', '"full"');
INSERT INTO public.projectconfig (path, value) VALUES ('fields.5791152b-3883-4751-9803-a1efd9730f3d.settings.restrictFiles', '""');
INSERT INTO public.projectconfig (path, value) VALUES ('fields.5791152b-3883-4751-9803-a1efd9730f3d.settings.selectionLabel', '""');
INSERT INTO public.projectconfig (path, value) VALUES ('fields.5791152b-3883-4751-9803-a1efd9730f3d.settings.showSiteMenu', 'false');
INSERT INTO public.projectconfig (path, value) VALUES ('fields.5791152b-3883-4751-9803-a1efd9730f3d.settings.showUnpermittedFiles', 'false');
INSERT INTO public.projectconfig (path, value) VALUES ('fields.5791152b-3883-4751-9803-a1efd9730f3d.settings.showUnpermittedVolumes', 'false');
INSERT INTO public.projectconfig (path, value) VALUES ('fields.5791152b-3883-4751-9803-a1efd9730f3d.settings.singleUploadLocationSource', '"volume:24c25c8a-80ea-4d24-ad72-d168a19e07cd"');
INSERT INTO public.projectconfig (path, value) VALUES ('fields.5791152b-3883-4751-9803-a1efd9730f3d.settings.singleUploadLocationSubpath', '""');
INSERT INTO public.projectconfig (path, value) VALUES ('fields.5791152b-3883-4751-9803-a1efd9730f3d.settings.source', 'null');
INSERT INTO public.projectconfig (path, value) VALUES ('fields.5791152b-3883-4751-9803-a1efd9730f3d.settings.sources', '"*"');
INSERT INTO public.projectconfig (path, value) VALUES ('fields.5791152b-3883-4751-9803-a1efd9730f3d.settings.targetSiteId', 'null');
INSERT INTO public.projectconfig (path, value) VALUES ('fields.5791152b-3883-4751-9803-a1efd9730f3d.settings.useSingleFolder', 'false');
INSERT INTO public.projectconfig (path, value) VALUES ('fields.5791152b-3883-4751-9803-a1efd9730f3d.settings.validateRelatedElements', 'false');
INSERT INTO public.projectconfig (path, value) VALUES ('fields.5791152b-3883-4751-9803-a1efd9730f3d.settings.viewMode', '"list"');
INSERT INTO public.projectconfig (path, value) VALUES ('fields.5791152b-3883-4751-9803-a1efd9730f3d.translationKeyFormat', 'null');
INSERT INTO public.projectconfig (path, value) VALUES ('fields.5791152b-3883-4751-9803-a1efd9730f3d.translationMethod', '"site"');
INSERT INTO public.projectconfig (path, value) VALUES ('fields.5791152b-3883-4751-9803-a1efd9730f3d.type', '"craft\\fields\\Assets"');
INSERT INTO public.projectconfig (path, value) VALUES ('sections.2a038e37-6c48-4746-8b6d-b27fabf7972f.siteSettings.ff97e19b-a38b-48c6-b4a8-4ed14019ec07.hasUrls', 'true');
INSERT INTO public.projectconfig (path, value) VALUES ('sections.2a038e37-6c48-4746-8b6d-b27fabf7972f.siteSettings.ff97e19b-a38b-48c6-b4a8-4ed14019ec07.template', 'null');
INSERT INTO public.projectconfig (path, value) VALUES ('sections.2a038e37-6c48-4746-8b6d-b27fabf7972f.siteSettings.ff97e19b-a38b-48c6-b4a8-4ed14019ec07.uriFormat', '"produkte/{slug}"');
INSERT INTO public.projectconfig (path, value) VALUES ('sections.2a038e37-6c48-4746-8b6d-b27fabf7972f.type', '"channel"');
INSERT INTO public.projectconfig (path, value) VALUES ('entryTypes.5f92a88d-eede-41f6-8695-815d1211d2fe.fieldLayouts.fc561d93-5d34-40b4-a588-f309aeb64350.tabs.2.elements.3.required', 'false');
INSERT INTO public.projectconfig (path, value) VALUES ('entryTypes.5f92a88d-eede-41f6-8695-815d1211d2fe.fieldLayouts.fc561d93-5d34-40b4-a588-f309aeb64350.tabs.2.elements.3.tip', 'null');
INSERT INTO public.projectconfig (path, value) VALUES ('entryTypes.5f92a88d-eede-41f6-8695-815d1211d2fe.fieldLayouts.fc561d93-5d34-40b4-a588-f309aeb64350.tabs.2.elements.3.type', '"craft\\fieldlayoutelements\\CustomField"');
INSERT INTO public.projectconfig (path, value) VALUES ('entryTypes.5f92a88d-eede-41f6-8695-815d1211d2fe.fieldLayouts.fc561d93-5d34-40b4-a588-f309aeb64350.tabs.2.elements.3.warning', 'null');
INSERT INTO public.projectconfig (path, value) VALUES ('entryTypes.5f92a88d-eede-41f6-8695-815d1211d2fe.fieldLayouts.fc561d93-5d34-40b4-a588-f309aeb64350.tabs.2.elements.3.width', '50');
INSERT INTO public.projectconfig (path, value) VALUES ('entryTypes.5f92a88d-eede-41f6-8695-815d1211d2fe.fieldLayouts.fc561d93-5d34-40b4-a588-f309aeb64350.tabs.2.name', '"Sonstiges"');
INSERT INTO public.projectconfig (path, value) VALUES ('entryTypes.5f92a88d-eede-41f6-8695-815d1211d2fe.fieldLayouts.fc561d93-5d34-40b4-a588-f309aeb64350.tabs.2.sortOrder', '3');
INSERT INTO public.projectconfig (path, value) VALUES ('entryTypes.5f92a88d-eede-41f6-8695-815d1211d2fe.fieldLayouts.fc561d93-5d34-40b4-a588-f309aeb64350.tabs.3.elements.0.fieldUid', '"2b41ab49-178c-4ff2-b65d-fbbe2e33c562"');
INSERT INTO public.projectconfig (path, value) VALUES ('entryTypes.5f92a88d-eede-41f6-8695-815d1211d2fe.fieldLayouts.fc561d93-5d34-40b4-a588-f309aeb64350.tabs.3.elements.0.instructions', 'null');
INSERT INTO public.projectconfig (path, value) VALUES ('entryTypes.5f92a88d-eede-41f6-8695-815d1211d2fe.fieldLayouts.fc561d93-5d34-40b4-a588-f309aeb64350.tabs.3.elements.0.label', 'null');
INSERT INTO public.projectconfig (path, value) VALUES ('entryTypes.5f92a88d-eede-41f6-8695-815d1211d2fe.fieldLayouts.fc561d93-5d34-40b4-a588-f309aeb64350.tabs.3.elements.0.required', 'false');
INSERT INTO public.projectconfig (path, value) VALUES ('entryTypes.5f92a88d-eede-41f6-8695-815d1211d2fe.fieldLayouts.fc561d93-5d34-40b4-a588-f309aeb64350.tabs.3.elements.0.tip', 'null');
INSERT INTO public.projectconfig (path, value) VALUES ('entryTypes.5f92a88d-eede-41f6-8695-815d1211d2fe.fieldLayouts.fc561d93-5d34-40b4-a588-f309aeb64350.tabs.3.elements.0.type', '"craft\\fieldlayoutelements\\CustomField"');
INSERT INTO public.projectconfig (path, value) VALUES ('entryTypes.5f92a88d-eede-41f6-8695-815d1211d2fe.fieldLayouts.fc561d93-5d34-40b4-a588-f309aeb64350.tabs.3.elements.0.warning', 'null');
INSERT INTO public.projectconfig (path, value) VALUES ('entryTypes.5f92a88d-eede-41f6-8695-815d1211d2fe.fieldLayouts.fc561d93-5d34-40b4-a588-f309aeb64350.tabs.3.elements.0.width', '100');
INSERT INTO public.projectconfig (path, value) VALUES ('entryTypes.5f92a88d-eede-41f6-8695-815d1211d2fe.fieldLayouts.fc561d93-5d34-40b4-a588-f309aeb64350.tabs.3.elements.1.fieldUid', '"9289a943-5ab0-45f8-9b78-876519730902"');
INSERT INTO public.projectconfig (path, value) VALUES ('entryTypes.5f92a88d-eede-41f6-8695-815d1211d2fe.fieldLayouts.fc561d93-5d34-40b4-a588-f309aeb64350.tabs.3.elements.1.instructions', 'null');
INSERT INTO public.projectconfig (path, value) VALUES ('entryTypes.e93d03f4-73b1-4675-b5f7-1aff6d7f7a63.fieldLayouts.a4a554ec-af28-4fd5-8b0a-48b5ba8c76e8.tabs.0.elements.0.autocapitalize', 'true');
INSERT INTO public.projectconfig (path, value) VALUES ('fields.fa67a40b-6951-46d9-bda9-4369aa5dc327.contentColumnType', '"text"');
INSERT INTO public.projectconfig (path, value) VALUES ('fields.fa67a40b-6951-46d9-bda9-4369aa5dc327.fieldGroup', '"dbde185a-c4d5-4159-96a4-e75394214c6c"');
INSERT INTO public.projectconfig (path, value) VALUES ('fields.fa67a40b-6951-46d9-bda9-4369aa5dc327.handle', '"body_raw"');
INSERT INTO public.projectconfig (path, value) VALUES ('fields.fa67a40b-6951-46d9-bda9-4369aa5dc327.instructions', '""');
INSERT INTO public.projectconfig (path, value) VALUES ('fields.fa67a40b-6951-46d9-bda9-4369aa5dc327.name', '"Inhalt"');
INSERT INTO public.projectconfig (path, value) VALUES ('fields.fa67a40b-6951-46d9-bda9-4369aa5dc327.searchable', 'false');
INSERT INTO public.projectconfig (path, value) VALUES ('fields.fa67a40b-6951-46d9-bda9-4369aa5dc327.settings.byteLimit', 'null');
INSERT INTO public.projectconfig (path, value) VALUES ('fields.fa67a40b-6951-46d9-bda9-4369aa5dc327.settings.charLimit', 'null');
INSERT INTO public.projectconfig (path, value) VALUES ('fields.fa67a40b-6951-46d9-bda9-4369aa5dc327.settings.code', '""');
INSERT INTO public.projectconfig (path, value) VALUES ('fields.fa67a40b-6951-46d9-bda9-4369aa5dc327.settings.columnType', 'null');
INSERT INTO public.projectconfig (path, value) VALUES ('fields.fa67a40b-6951-46d9-bda9-4369aa5dc327.settings.initialRows', '"12"');
INSERT INTO public.projectconfig (path, value) VALUES ('fields.fa67a40b-6951-46d9-bda9-4369aa5dc327.settings.multiline', '"1"');
INSERT INTO public.projectconfig (path, value) VALUES ('fields.fa67a40b-6951-46d9-bda9-4369aa5dc327.settings.placeholder', '""');
INSERT INTO public.projectconfig (path, value) VALUES ('fields.fa67a40b-6951-46d9-bda9-4369aa5dc327.settings.uiMode', '"normal"');
INSERT INTO public.projectconfig (path, value) VALUES ('fields.fa67a40b-6951-46d9-bda9-4369aa5dc327.translationKeyFormat', 'null');
INSERT INTO public.projectconfig (path, value) VALUES ('fields.fa67a40b-6951-46d9-bda9-4369aa5dc327.translationMethod', '"site"');
INSERT INTO public.projectconfig (path, value) VALUES ('fields.fa67a40b-6951-46d9-bda9-4369aa5dc327.type', '"craft\\fields\\PlainText"');
INSERT INTO public.projectconfig (path, value) VALUES ('entryTypes.5f92a88d-eede-41f6-8695-815d1211d2fe.fieldLayouts.fc561d93-5d34-40b4-a588-f309aeb64350.tabs.3.elements.1.label', 'null');
INSERT INTO public.projectconfig (path, value) VALUES ('entryTypes.5f92a88d-eede-41f6-8695-815d1211d2fe.fieldLayouts.fc561d93-5d34-40b4-a588-f309aeb64350.tabs.3.elements.1.required', 'false');
INSERT INTO public.projectconfig (path, value) VALUES ('entryTypes.5f92a88d-eede-41f6-8695-815d1211d2fe.fieldLayouts.fc561d93-5d34-40b4-a588-f309aeb64350.tabs.3.elements.1.tip', 'null');
INSERT INTO public.projectconfig (path, value) VALUES ('entryTypes.5f92a88d-eede-41f6-8695-815d1211d2fe.fieldLayouts.fc561d93-5d34-40b4-a588-f309aeb64350.tabs.3.elements.1.type', '"craft\\fieldlayoutelements\\CustomField"');
INSERT INTO public.projectconfig (path, value) VALUES ('entryTypes.5f92a88d-eede-41f6-8695-815d1211d2fe.fieldLayouts.fc561d93-5d34-40b4-a588-f309aeb64350.tabs.3.elements.1.warning', 'null');
INSERT INTO public.projectconfig (path, value) VALUES ('entryTypes.5f92a88d-eede-41f6-8695-815d1211d2fe.fieldLayouts.fc561d93-5d34-40b4-a588-f309aeb64350.tabs.3.elements.1.width', '100');
INSERT INTO public.projectconfig (path, value) VALUES ('entryTypes.5f92a88d-eede-41f6-8695-815d1211d2fe.fieldLayouts.fc561d93-5d34-40b4-a588-f309aeb64350.tabs.3.elements.2.fieldUid', '"41e6657f-1bf4-42fb-bd66-4aea4f6d895b"');
INSERT INTO public.projectconfig (path, value) VALUES ('entryTypes.5f92a88d-eede-41f6-8695-815d1211d2fe.fieldLayouts.fc561d93-5d34-40b4-a588-f309aeb64350.tabs.3.elements.2.instructions', 'null');
INSERT INTO public.projectconfig (path, value) VALUES ('entryTypes.5f92a88d-eede-41f6-8695-815d1211d2fe.fieldLayouts.fc561d93-5d34-40b4-a588-f309aeb64350.tabs.3.elements.2.label', 'null');
INSERT INTO public.projectconfig (path, value) VALUES ('entryTypes.5f92a88d-eede-41f6-8695-815d1211d2fe.fieldLayouts.fc561d93-5d34-40b4-a588-f309aeb64350.tabs.3.elements.2.required', 'false');
INSERT INTO public.projectconfig (path, value) VALUES ('entryTypes.5f92a88d-eede-41f6-8695-815d1211d2fe.fieldLayouts.fc561d93-5d34-40b4-a588-f309aeb64350.tabs.3.elements.2.tip', 'null');
INSERT INTO public.projectconfig (path, value) VALUES ('entryTypes.5f92a88d-eede-41f6-8695-815d1211d2fe.fieldLayouts.fc561d93-5d34-40b4-a588-f309aeb64350.tabs.3.elements.2.type', '"craft\\fieldlayoutelements\\CustomField"');
INSERT INTO public.projectconfig (path, value) VALUES ('entryTypes.5f92a88d-eede-41f6-8695-815d1211d2fe.fieldLayouts.fc561d93-5d34-40b4-a588-f309aeb64350.tabs.3.elements.2.warning', 'null');
INSERT INTO public.projectconfig (path, value) VALUES ('entryTypes.5f92a88d-eede-41f6-8695-815d1211d2fe.fieldLayouts.fc561d93-5d34-40b4-a588-f309aeb64350.tabs.3.elements.2.width', '100');
INSERT INTO public.projectconfig (path, value) VALUES ('entryTypes.5f92a88d-eede-41f6-8695-815d1211d2fe.fieldLayouts.fc561d93-5d34-40b4-a588-f309aeb64350.tabs.3.elements.3.fieldUid', '"e61e3323-bb6b-466f-9f03-1a5c39d1605b"');
INSERT INTO public.projectconfig (path, value) VALUES ('entryTypes.5f92a88d-eede-41f6-8695-815d1211d2fe.fieldLayouts.fc561d93-5d34-40b4-a588-f309aeb64350.tabs.3.elements.3.instructions', 'null');
INSERT INTO public.projectconfig (path, value) VALUES ('entryTypes.5f92a88d-eede-41f6-8695-815d1211d2fe.fieldLayouts.fc561d93-5d34-40b4-a588-f309aeb64350.tabs.3.elements.3.label', 'null');
INSERT INTO public.projectconfig (path, value) VALUES ('entryTypes.5f92a88d-eede-41f6-8695-815d1211d2fe.fieldLayouts.fc561d93-5d34-40b4-a588-f309aeb64350.tabs.3.elements.3.required', 'false');
INSERT INTO public.projectconfig (path, value) VALUES ('entryTypes.5f92a88d-eede-41f6-8695-815d1211d2fe.fieldLayouts.fc561d93-5d34-40b4-a588-f309aeb64350.tabs.3.elements.3.tip', 'null');
INSERT INTO public.projectconfig (path, value) VALUES ('entryTypes.5f92a88d-eede-41f6-8695-815d1211d2fe.fieldLayouts.fc561d93-5d34-40b4-a588-f309aeb64350.tabs.3.elements.3.type', '"craft\\fieldlayoutelements\\CustomField"');
INSERT INTO public.projectconfig (path, value) VALUES ('entryTypes.5f92a88d-eede-41f6-8695-815d1211d2fe.fieldLayouts.fc561d93-5d34-40b4-a588-f309aeb64350.tabs.3.elements.3.warning', 'null');
INSERT INTO public.projectconfig (path, value) VALUES ('entryTypes.5f92a88d-eede-41f6-8695-815d1211d2fe.fieldLayouts.fc561d93-5d34-40b4-a588-f309aeb64350.tabs.3.elements.3.width', '100');
INSERT INTO public.projectconfig (path, value) VALUES ('entryTypes.5f92a88d-eede-41f6-8695-815d1211d2fe.fieldLayouts.fc561d93-5d34-40b4-a588-f309aeb64350.tabs.3.elements.4.fieldUid', '"f226fb33-c938-4e3d-9c88-8d5678ddb8ea"');
INSERT INTO public.projectconfig (path, value) VALUES ('entryTypes.5f92a88d-eede-41f6-8695-815d1211d2fe.fieldLayouts.fc561d93-5d34-40b4-a588-f309aeb64350.tabs.3.elements.4.instructions', 'null');
INSERT INTO public.projectconfig (path, value) VALUES ('entryTypes.5f92a88d-eede-41f6-8695-815d1211d2fe.fieldLayouts.fc561d93-5d34-40b4-a588-f309aeb64350.tabs.3.elements.4.label', 'null');
INSERT INTO public.projectconfig (path, value) VALUES ('entryTypes.5f92a88d-eede-41f6-8695-815d1211d2fe.fieldLayouts.fc561d93-5d34-40b4-a588-f309aeb64350.tabs.3.elements.4.required', 'false');
INSERT INTO public.projectconfig (path, value) VALUES ('entryTypes.5f92a88d-eede-41f6-8695-815d1211d2fe.fieldLayouts.fc561d93-5d34-40b4-a588-f309aeb64350.tabs.3.elements.4.tip', 'null');
INSERT INTO public.projectconfig (path, value) VALUES ('entryTypes.5f92a88d-eede-41f6-8695-815d1211d2fe.fieldLayouts.fc561d93-5d34-40b4-a588-f309aeb64350.tabs.3.elements.4.type', '"craft\\fieldlayoutelements\\CustomField"');
INSERT INTO public.projectconfig (path, value) VALUES ('entryTypes.5f92a88d-eede-41f6-8695-815d1211d2fe.fieldLayouts.fc561d93-5d34-40b4-a588-f309aeb64350.tabs.3.elements.4.warning', 'null');
INSERT INTO public.projectconfig (path, value) VALUES ('entryTypes.5f92a88d-eede-41f6-8695-815d1211d2fe.fieldLayouts.fc561d93-5d34-40b4-a588-f309aeb64350.tabs.3.elements.4.width', '100');
INSERT INTO public.projectconfig (path, value) VALUES ('entryTypes.5f92a88d-eede-41f6-8695-815d1211d2fe.fieldLayouts.fc561d93-5d34-40b4-a588-f309aeb64350.tabs.3.elements.5.fieldUid', '"de7b667a-9d74-454c-bfd4-78f261a771a2"');
INSERT INTO public.projectconfig (path, value) VALUES ('entryTypes.5f92a88d-eede-41f6-8695-815d1211d2fe.fieldLayouts.fc561d93-5d34-40b4-a588-f309aeb64350.tabs.3.elements.5.instructions', 'null');
INSERT INTO public.projectconfig (path, value) VALUES ('entryTypes.5f92a88d-eede-41f6-8695-815d1211d2fe.fieldLayouts.fc561d93-5d34-40b4-a588-f309aeb64350.tabs.3.elements.5.label', 'null');
INSERT INTO public.projectconfig (path, value) VALUES ('entryTypes.5f92a88d-eede-41f6-8695-815d1211d2fe.fieldLayouts.fc561d93-5d34-40b4-a588-f309aeb64350.tabs.3.elements.5.required', 'false');
INSERT INTO public.projectconfig (path, value) VALUES ('entryTypes.5f92a88d-eede-41f6-8695-815d1211d2fe.fieldLayouts.fc561d93-5d34-40b4-a588-f309aeb64350.tabs.3.elements.5.tip', 'null');
INSERT INTO public.projectconfig (path, value) VALUES ('entryTypes.5f92a88d-eede-41f6-8695-815d1211d2fe.fieldLayouts.fc561d93-5d34-40b4-a588-f309aeb64350.tabs.3.elements.5.type', '"craft\\fieldlayoutelements\\CustomField"');
INSERT INTO public.projectconfig (path, value) VALUES ('entryTypes.5f92a88d-eede-41f6-8695-815d1211d2fe.fieldLayouts.fc561d93-5d34-40b4-a588-f309aeb64350.tabs.3.elements.5.warning', 'null');
INSERT INTO public.projectconfig (path, value) VALUES ('entryTypes.5f92a88d-eede-41f6-8695-815d1211d2fe.fieldLayouts.fc561d93-5d34-40b4-a588-f309aeb64350.tabs.0.elements.0.autocapitalize', 'true');
INSERT INTO public.projectconfig (path, value) VALUES ('entryTypes.5f92a88d-eede-41f6-8695-815d1211d2fe.fieldLayouts.fc561d93-5d34-40b4-a588-f309aeb64350.tabs.0.elements.0.autocomplete', 'false');
INSERT INTO public.projectconfig (path, value) VALUES ('entryTypes.5f92a88d-eede-41f6-8695-815d1211d2fe.fieldLayouts.fc561d93-5d34-40b4-a588-f309aeb64350.tabs.0.elements.0.autocorrect', 'true');
INSERT INTO public.projectconfig (path, value) VALUES ('entryTypes.5f92a88d-eede-41f6-8695-815d1211d2fe.fieldLayouts.fc561d93-5d34-40b4-a588-f309aeb64350.tabs.0.elements.0.class', 'null');
INSERT INTO public.projectconfig (path, value) VALUES ('entryTypes.5f92a88d-eede-41f6-8695-815d1211d2fe.fieldLayouts.fc561d93-5d34-40b4-a588-f309aeb64350.tabs.0.elements.0.disabled', 'false');
INSERT INTO public.projectconfig (path, value) VALUES ('entryTypes.5f92a88d-eede-41f6-8695-815d1211d2fe.fieldLayouts.fc561d93-5d34-40b4-a588-f309aeb64350.tabs.0.elements.0.id', 'null');
INSERT INTO public.projectconfig (path, value) VALUES ('entryTypes.5f92a88d-eede-41f6-8695-815d1211d2fe.fieldLayouts.fc561d93-5d34-40b4-a588-f309aeb64350.tabs.0.elements.0.instructions', '""');
INSERT INTO public.projectconfig (path, value) VALUES ('entryTypes.5f92a88d-eede-41f6-8695-815d1211d2fe.fieldLayouts.fc561d93-5d34-40b4-a588-f309aeb64350.tabs.0.elements.0.label', '"Name"');
INSERT INTO public.projectconfig (path, value) VALUES ('entryTypes.5f92a88d-eede-41f6-8695-815d1211d2fe.fieldLayouts.fc561d93-5d34-40b4-a588-f309aeb64350.tabs.0.elements.0.max', 'null');
INSERT INTO public.projectconfig (path, value) VALUES ('entryTypes.5f92a88d-eede-41f6-8695-815d1211d2fe.fieldLayouts.fc561d93-5d34-40b4-a588-f309aeb64350.tabs.0.elements.0.min', 'null');
INSERT INTO public.projectconfig (path, value) VALUES ('entryTypes.5f92a88d-eede-41f6-8695-815d1211d2fe.fieldLayouts.fc561d93-5d34-40b4-a588-f309aeb64350.tabs.0.elements.0.name', 'null');
INSERT INTO public.projectconfig (path, value) VALUES ('entryTypes.5f92a88d-eede-41f6-8695-815d1211d2fe.fieldLayouts.fc561d93-5d34-40b4-a588-f309aeb64350.tabs.0.elements.0.orientation', 'null');
INSERT INTO public.projectconfig (path, value) VALUES ('entryTypes.5f92a88d-eede-41f6-8695-815d1211d2fe.fieldLayouts.fc561d93-5d34-40b4-a588-f309aeb64350.tabs.0.elements.0.placeholder', 'null');
INSERT INTO public.projectconfig (path, value) VALUES ('entryTypes.5f92a88d-eede-41f6-8695-815d1211d2fe.fieldLayouts.fc561d93-5d34-40b4-a588-f309aeb64350.tabs.0.elements.0.readonly', 'false');
INSERT INTO public.projectconfig (path, value) VALUES ('entryTypes.5f92a88d-eede-41f6-8695-815d1211d2fe.fieldLayouts.fc561d93-5d34-40b4-a588-f309aeb64350.tabs.0.elements.0.requirable', 'false');
INSERT INTO public.projectconfig (path, value) VALUES ('entryTypes.5f92a88d-eede-41f6-8695-815d1211d2fe.fieldLayouts.fc561d93-5d34-40b4-a588-f309aeb64350.tabs.0.elements.0.size', 'null');
INSERT INTO public.projectconfig (path, value) VALUES ('entryTypes.5f92a88d-eede-41f6-8695-815d1211d2fe.fieldLayouts.fc561d93-5d34-40b4-a588-f309aeb64350.tabs.0.elements.0.step', 'null');
INSERT INTO public.projectconfig (path, value) VALUES ('entryTypes.5f92a88d-eede-41f6-8695-815d1211d2fe.fieldLayouts.fc561d93-5d34-40b4-a588-f309aeb64350.tabs.0.elements.0.tip', 'null');
INSERT INTO public.projectconfig (path, value) VALUES ('entryTypes.5f92a88d-eede-41f6-8695-815d1211d2fe.fieldLayouts.fc561d93-5d34-40b4-a588-f309aeb64350.tabs.0.elements.0.title', 'null');
INSERT INTO public.projectconfig (path, value) VALUES ('entryTypes.5f92a88d-eede-41f6-8695-815d1211d2fe.fieldLayouts.fc561d93-5d34-40b4-a588-f309aeb64350.tabs.0.elements.0.type', '"craft\\fieldlayoutelements\\EntryTitleField"');
INSERT INTO public.projectconfig (path, value) VALUES ('entryTypes.5f92a88d-eede-41f6-8695-815d1211d2fe.fieldLayouts.fc561d93-5d34-40b4-a588-f309aeb64350.tabs.0.elements.0.warning', 'null');
INSERT INTO public.projectconfig (path, value) VALUES ('entryTypes.5f92a88d-eede-41f6-8695-815d1211d2fe.fieldLayouts.fc561d93-5d34-40b4-a588-f309aeb64350.tabs.0.elements.0.width', '100');
INSERT INTO public.projectconfig (path, value) VALUES ('entryTypes.5f92a88d-eede-41f6-8695-815d1211d2fe.fieldLayouts.fc561d93-5d34-40b4-a588-f309aeb64350.tabs.0.elements.1.fieldUid', '"3a7873dc-80ec-4fc1-8702-0cd23d307ad0"');
INSERT INTO public.projectconfig (path, value) VALUES ('entryTypes.5f92a88d-eede-41f6-8695-815d1211d2fe.fieldLayouts.fc561d93-5d34-40b4-a588-f309aeb64350.tabs.0.elements.1.instructions', 'null');
INSERT INTO public.projectconfig (path, value) VALUES ('entryTypes.5f92a88d-eede-41f6-8695-815d1211d2fe.fieldLayouts.fc561d93-5d34-40b4-a588-f309aeb64350.tabs.0.elements.1.label', 'null');
INSERT INTO public.projectconfig (path, value) VALUES ('entryTypes.5f92a88d-eede-41f6-8695-815d1211d2fe.fieldLayouts.fc561d93-5d34-40b4-a588-f309aeb64350.tabs.0.elements.1.required', 'false');
INSERT INTO public.projectconfig (path, value) VALUES ('entryTypes.5f92a88d-eede-41f6-8695-815d1211d2fe.fieldLayouts.fc561d93-5d34-40b4-a588-f309aeb64350.tabs.0.elements.1.tip', 'null');
INSERT INTO public.projectconfig (path, value) VALUES ('entryTypes.5f92a88d-eede-41f6-8695-815d1211d2fe.fieldLayouts.fc561d93-5d34-40b4-a588-f309aeb64350.tabs.0.elements.1.type', '"craft\\fieldlayoutelements\\CustomField"');
INSERT INTO public.projectconfig (path, value) VALUES ('entryTypes.5f92a88d-eede-41f6-8695-815d1211d2fe.fieldLayouts.fc561d93-5d34-40b4-a588-f309aeb64350.tabs.0.elements.1.warning', 'null');
INSERT INTO public.projectconfig (path, value) VALUES ('entryTypes.5f92a88d-eede-41f6-8695-815d1211d2fe.fieldLayouts.fc561d93-5d34-40b4-a588-f309aeb64350.tabs.0.elements.1.width', '50');
INSERT INTO public.projectconfig (path, value) VALUES ('entryTypes.5f92a88d-eede-41f6-8695-815d1211d2fe.fieldLayouts.fc561d93-5d34-40b4-a588-f309aeb64350.tabs.0.elements.2.fieldUid', '"5791152b-3883-4751-9803-a1efd9730f3d"');
INSERT INTO public.projectconfig (path, value) VALUES ('entryTypes.5f92a88d-eede-41f6-8695-815d1211d2fe.fieldLayouts.fc561d93-5d34-40b4-a588-f309aeb64350.tabs.0.elements.2.instructions', 'null');
INSERT INTO public.projectconfig (path, value) VALUES ('entryTypes.5f92a88d-eede-41f6-8695-815d1211d2fe.fieldLayouts.fc561d93-5d34-40b4-a588-f309aeb64350.tabs.0.elements.2.label', 'null');
INSERT INTO public.projectconfig (path, value) VALUES ('entryTypes.5f92a88d-eede-41f6-8695-815d1211d2fe.fieldLayouts.fc561d93-5d34-40b4-a588-f309aeb64350.tabs.0.elements.2.required', 'false');
INSERT INTO public.projectconfig (path, value) VALUES ('entryTypes.5f92a88d-eede-41f6-8695-815d1211d2fe.fieldLayouts.fc561d93-5d34-40b4-a588-f309aeb64350.tabs.0.elements.2.tip', 'null');
INSERT INTO public.projectconfig (path, value) VALUES ('entryTypes.5f92a88d-eede-41f6-8695-815d1211d2fe.fieldLayouts.fc561d93-5d34-40b4-a588-f309aeb64350.tabs.0.elements.2.type', '"craft\\fieldlayoutelements\\CustomField"');
INSERT INTO public.projectconfig (path, value) VALUES ('entryTypes.5f92a88d-eede-41f6-8695-815d1211d2fe.fieldLayouts.fc561d93-5d34-40b4-a588-f309aeb64350.tabs.0.elements.2.warning', 'null');
INSERT INTO public.projectconfig (path, value) VALUES ('entryTypes.5f92a88d-eede-41f6-8695-815d1211d2fe.fieldLayouts.fc561d93-5d34-40b4-a588-f309aeb64350.tabs.0.elements.2.width', '50');
INSERT INTO public.projectconfig (path, value) VALUES ('entryTypes.5f92a88d-eede-41f6-8695-815d1211d2fe.fieldLayouts.fc561d93-5d34-40b4-a588-f309aeb64350.tabs.0.elements.3.fieldUid', '"38135310-b63d-4169-8f04-6fbbe0404998"');
INSERT INTO public.projectconfig (path, value) VALUES ('entryTypes.5f92a88d-eede-41f6-8695-815d1211d2fe.fieldLayouts.fc561d93-5d34-40b4-a588-f309aeb64350.tabs.0.elements.3.instructions', 'null');
INSERT INTO public.projectconfig (path, value) VALUES ('entryTypes.5f92a88d-eede-41f6-8695-815d1211d2fe.fieldLayouts.fc561d93-5d34-40b4-a588-f309aeb64350.tabs.0.elements.3.label', 'null');
INSERT INTO public.projectconfig (path, value) VALUES ('entryTypes.5f92a88d-eede-41f6-8695-815d1211d2fe.fieldLayouts.fc561d93-5d34-40b4-a588-f309aeb64350.tabs.0.elements.3.required', 'false');
INSERT INTO public.projectconfig (path, value) VALUES ('entryTypes.5f92a88d-eede-41f6-8695-815d1211d2fe.fieldLayouts.fc561d93-5d34-40b4-a588-f309aeb64350.tabs.0.elements.3.tip', 'null');
INSERT INTO public.projectconfig (path, value) VALUES ('entryTypes.5f92a88d-eede-41f6-8695-815d1211d2fe.fieldLayouts.fc561d93-5d34-40b4-a588-f309aeb64350.tabs.0.elements.3.type', '"craft\\fieldlayoutelements\\CustomField"');
INSERT INTO public.projectconfig (path, value) VALUES ('entryTypes.5f92a88d-eede-41f6-8695-815d1211d2fe.fieldLayouts.fc561d93-5d34-40b4-a588-f309aeb64350.tabs.0.elements.3.warning', 'null');
INSERT INTO public.projectconfig (path, value) VALUES ('entryTypes.5f92a88d-eede-41f6-8695-815d1211d2fe.fieldLayouts.fc561d93-5d34-40b4-a588-f309aeb64350.tabs.0.elements.3.width', '100');
INSERT INTO public.projectconfig (path, value) VALUES ('entryTypes.5f92a88d-eede-41f6-8695-815d1211d2fe.fieldLayouts.fc561d93-5d34-40b4-a588-f309aeb64350.tabs.0.elements.4.fieldUid', '"fa67a40b-6951-46d9-bda9-4369aa5dc327"');
INSERT INTO public.projectconfig (path, value) VALUES ('entryTypes.5f92a88d-eede-41f6-8695-815d1211d2fe.fieldLayouts.fc561d93-5d34-40b4-a588-f309aeb64350.tabs.0.elements.4.instructions', 'null');
INSERT INTO public.projectconfig (path, value) VALUES ('entryTypes.5f92a88d-eede-41f6-8695-815d1211d2fe.fieldLayouts.fc561d93-5d34-40b4-a588-f309aeb64350.tabs.0.elements.4.label', 'null');
INSERT INTO public.projectconfig (path, value) VALUES ('entryTypes.5f92a88d-eede-41f6-8695-815d1211d2fe.fieldLayouts.fc561d93-5d34-40b4-a588-f309aeb64350.tabs.0.elements.4.required', 'false');
INSERT INTO public.projectconfig (path, value) VALUES ('entryTypes.5f92a88d-eede-41f6-8695-815d1211d2fe.fieldLayouts.fc561d93-5d34-40b4-a588-f309aeb64350.tabs.0.elements.4.tip', 'null');
INSERT INTO public.projectconfig (path, value) VALUES ('entryTypes.5f92a88d-eede-41f6-8695-815d1211d2fe.fieldLayouts.fc561d93-5d34-40b4-a588-f309aeb64350.tabs.0.elements.4.type', '"craft\\fieldlayoutelements\\CustomField"');
INSERT INTO public.projectconfig (path, value) VALUES ('entryTypes.5f92a88d-eede-41f6-8695-815d1211d2fe.fieldLayouts.fc561d93-5d34-40b4-a588-f309aeb64350.tabs.0.elements.4.warning', 'null');
INSERT INTO public.projectconfig (path, value) VALUES ('entryTypes.5f92a88d-eede-41f6-8695-815d1211d2fe.fieldLayouts.fc561d93-5d34-40b4-a588-f309aeb64350.tabs.0.elements.4.width', '100');
INSERT INTO public.projectconfig (path, value) VALUES ('entryTypes.5f92a88d-eede-41f6-8695-815d1211d2fe.fieldLayouts.fc561d93-5d34-40b4-a588-f309aeb64350.tabs.0.elements.5.heading', '"Standort"');
INSERT INTO public.projectconfig (path, value) VALUES ('entryTypes.5f92a88d-eede-41f6-8695-815d1211d2fe.fieldLayouts.fc561d93-5d34-40b4-a588-f309aeb64350.tabs.0.elements.5.type', '"craft\\fieldlayoutelements\\Heading"');
INSERT INTO public.projectconfig (path, value) VALUES ('entryTypes.5f92a88d-eede-41f6-8695-815d1211d2fe.fieldLayouts.fc561d93-5d34-40b4-a588-f309aeb64350.tabs.0.elements.6.fieldUid', '"8b581eed-f474-4169-a920-318f01f5e16c"');
INSERT INTO public.projectconfig (path, value) VALUES ('entryTypes.5f92a88d-eede-41f6-8695-815d1211d2fe.fieldLayouts.fc561d93-5d34-40b4-a588-f309aeb64350.tabs.0.elements.6.instructions', 'null');
INSERT INTO public.projectconfig (path, value) VALUES ('entryTypes.5f92a88d-eede-41f6-8695-815d1211d2fe.fieldLayouts.fc561d93-5d34-40b4-a588-f309aeb64350.tabs.0.elements.6.label', 'null');
INSERT INTO public.projectconfig (path, value) VALUES ('entryTypes.5f92a88d-eede-41f6-8695-815d1211d2fe.fieldLayouts.fc561d93-5d34-40b4-a588-f309aeb64350.tabs.0.elements.6.required', 'false');
INSERT INTO public.projectconfig (path, value) VALUES ('entryTypes.5f92a88d-eede-41f6-8695-815d1211d2fe.fieldLayouts.fc561d93-5d34-40b4-a588-f309aeb64350.tabs.0.elements.6.tip', 'null');
INSERT INTO public.projectconfig (path, value) VALUES ('entryTypes.5f92a88d-eede-41f6-8695-815d1211d2fe.fieldLayouts.fc561d93-5d34-40b4-a588-f309aeb64350.tabs.0.elements.6.type', '"craft\\fieldlayoutelements\\CustomField"');
INSERT INTO public.projectconfig (path, value) VALUES ('entryTypes.5f92a88d-eede-41f6-8695-815d1211d2fe.fieldLayouts.fc561d93-5d34-40b4-a588-f309aeb64350.tabs.0.elements.6.warning', 'null');
INSERT INTO public.projectconfig (path, value) VALUES ('entryTypes.5f92a88d-eede-41f6-8695-815d1211d2fe.fieldLayouts.fc561d93-5d34-40b4-a588-f309aeb64350.tabs.0.elements.6.width', '50');
INSERT INTO public.projectconfig (path, value) VALUES ('entryTypes.5f92a88d-eede-41f6-8695-815d1211d2fe.fieldLayouts.fc561d93-5d34-40b4-a588-f309aeb64350.tabs.0.elements.7.fieldUid', '"b819a17b-d2a6-48e3-81e8-e8496f4073c2"');
INSERT INTO public.projectconfig (path, value) VALUES ('entryTypes.5f92a88d-eede-41f6-8695-815d1211d2fe.fieldLayouts.fc561d93-5d34-40b4-a588-f309aeb64350.tabs.0.elements.7.instructions', 'null');
INSERT INTO public.projectconfig (path, value) VALUES ('entryTypes.5f92a88d-eede-41f6-8695-815d1211d2fe.fieldLayouts.fc561d93-5d34-40b4-a588-f309aeb64350.tabs.0.elements.7.label', 'null');
INSERT INTO public.projectconfig (path, value) VALUES ('entryTypes.5f92a88d-eede-41f6-8695-815d1211d2fe.fieldLayouts.fc561d93-5d34-40b4-a588-f309aeb64350.tabs.0.elements.7.required', 'false');
INSERT INTO public.projectconfig (path, value) VALUES ('entryTypes.5f92a88d-eede-41f6-8695-815d1211d2fe.fieldLayouts.fc561d93-5d34-40b4-a588-f309aeb64350.tabs.0.elements.7.tip', 'null');
INSERT INTO public.projectconfig (path, value) VALUES ('entryTypes.5f92a88d-eede-41f6-8695-815d1211d2fe.fieldLayouts.fc561d93-5d34-40b4-a588-f309aeb64350.tabs.0.elements.7.type', '"craft\\fieldlayoutelements\\CustomField"');
INSERT INTO public.projectconfig (path, value) VALUES ('entryTypes.5f92a88d-eede-41f6-8695-815d1211d2fe.fieldLayouts.fc561d93-5d34-40b4-a588-f309aeb64350.tabs.0.elements.7.warning', 'null');
INSERT INTO public.projectconfig (path, value) VALUES ('entryTypes.5f92a88d-eede-41f6-8695-815d1211d2fe.fieldLayouts.fc561d93-5d34-40b4-a588-f309aeb64350.tabs.0.elements.7.width', '50');
INSERT INTO public.projectconfig (path, value) VALUES ('entryTypes.5f92a88d-eede-41f6-8695-815d1211d2fe.fieldLayouts.fc561d93-5d34-40b4-a588-f309aeb64350.tabs.0.name', '"Inhalt"');
INSERT INTO public.projectconfig (path, value) VALUES ('entryTypes.5f92a88d-eede-41f6-8695-815d1211d2fe.fieldLayouts.fc561d93-5d34-40b4-a588-f309aeb64350.tabs.0.sortOrder', '1');
INSERT INTO public.projectconfig (path, value) VALUES ('entryTypes.5f92a88d-eede-41f6-8695-815d1211d2fe.fieldLayouts.fc561d93-5d34-40b4-a588-f309aeb64350.tabs.1.elements.0.heading', '"Ansprechpartner"');
INSERT INTO public.projectconfig (path, value) VALUES ('entryTypes.5f92a88d-eede-41f6-8695-815d1211d2fe.fieldLayouts.fc561d93-5d34-40b4-a588-f309aeb64350.tabs.1.elements.0.type', '"craft\\fieldlayoutelements\\Heading"');
INSERT INTO public.projectconfig (path, value) VALUES ('entryTypes.5f92a88d-eede-41f6-8695-815d1211d2fe.fieldLayouts.fc561d93-5d34-40b4-a588-f309aeb64350.tabs.1.elements.1.fieldUid', '"b615217c-6a31-4d72-bc36-48a81c88be5d"');
INSERT INTO public.projectconfig (path, value) VALUES ('entryTypes.5f92a88d-eede-41f6-8695-815d1211d2fe.fieldLayouts.fc561d93-5d34-40b4-a588-f309aeb64350.tabs.1.elements.1.instructions', 'null');
INSERT INTO public.projectconfig (path, value) VALUES ('entryTypes.5f92a88d-eede-41f6-8695-815d1211d2fe.fieldLayouts.fc561d93-5d34-40b4-a588-f309aeb64350.tabs.1.elements.1.label', 'null');
INSERT INTO public.projectconfig (path, value) VALUES ('entryTypes.5f92a88d-eede-41f6-8695-815d1211d2fe.fieldLayouts.fc561d93-5d34-40b4-a588-f309aeb64350.tabs.1.elements.1.required', 'false');
INSERT INTO public.projectconfig (path, value) VALUES ('entryTypes.5f92a88d-eede-41f6-8695-815d1211d2fe.fieldLayouts.fc561d93-5d34-40b4-a588-f309aeb64350.tabs.1.elements.1.tip', 'null');
INSERT INTO public.projectconfig (path, value) VALUES ('entryTypes.5f92a88d-eede-41f6-8695-815d1211d2fe.fieldLayouts.fc561d93-5d34-40b4-a588-f309aeb64350.tabs.1.elements.1.type', '"craft\\fieldlayoutelements\\CustomField"');
INSERT INTO public.projectconfig (path, value) VALUES ('entryTypes.5f92a88d-eede-41f6-8695-815d1211d2fe.fieldLayouts.fc561d93-5d34-40b4-a588-f309aeb64350.tabs.1.elements.1.warning', 'null');
INSERT INTO public.projectconfig (path, value) VALUES ('entryTypes.5f92a88d-eede-41f6-8695-815d1211d2fe.fieldLayouts.fc561d93-5d34-40b4-a588-f309aeb64350.tabs.1.elements.1.width', '50');
INSERT INTO public.projectconfig (path, value) VALUES ('entryTypes.5f92a88d-eede-41f6-8695-815d1211d2fe.fieldLayouts.fc561d93-5d34-40b4-a588-f309aeb64350.tabs.1.elements.2.fieldUid', '"531d4f4f-7561-416d-a5f2-116a484ad6ff"');
INSERT INTO public.projectconfig (path, value) VALUES ('entryTypes.5f92a88d-eede-41f6-8695-815d1211d2fe.fieldLayouts.fc561d93-5d34-40b4-a588-f309aeb64350.tabs.1.elements.2.instructions', 'null');
INSERT INTO public.projectconfig (path, value) VALUES ('entryTypes.5f92a88d-eede-41f6-8695-815d1211d2fe.fieldLayouts.fc561d93-5d34-40b4-a588-f309aeb64350.tabs.1.elements.2.label', 'null');
INSERT INTO public.projectconfig (path, value) VALUES ('entryTypes.5f92a88d-eede-41f6-8695-815d1211d2fe.fieldLayouts.fc561d93-5d34-40b4-a588-f309aeb64350.tabs.1.elements.2.required', 'false');
INSERT INTO public.projectconfig (path, value) VALUES ('entryTypes.5f92a88d-eede-41f6-8695-815d1211d2fe.fieldLayouts.fc561d93-5d34-40b4-a588-f309aeb64350.tabs.1.elements.2.tip', 'null');
INSERT INTO public.projectconfig (path, value) VALUES ('entryTypes.5f92a88d-eede-41f6-8695-815d1211d2fe.fieldLayouts.fc561d93-5d34-40b4-a588-f309aeb64350.tabs.1.elements.2.type', '"craft\\fieldlayoutelements\\CustomField"');
INSERT INTO public.projectconfig (path, value) VALUES ('entryTypes.5f92a88d-eede-41f6-8695-815d1211d2fe.fieldLayouts.fc561d93-5d34-40b4-a588-f309aeb64350.tabs.1.elements.2.warning', 'null');
INSERT INTO public.projectconfig (path, value) VALUES ('entryTypes.5f92a88d-eede-41f6-8695-815d1211d2fe.fieldLayouts.fc561d93-5d34-40b4-a588-f309aeb64350.tabs.1.elements.2.width', '50');
INSERT INTO public.projectconfig (path, value) VALUES ('entryTypes.5f92a88d-eede-41f6-8695-815d1211d2fe.fieldLayouts.fc561d93-5d34-40b4-a588-f309aeb64350.tabs.1.elements.3.fieldUid', '"f88bfc01-1476-4bd4-9a6a-b65fff783658"');
INSERT INTO public.projectconfig (path, value) VALUES ('entryTypes.5f92a88d-eede-41f6-8695-815d1211d2fe.fieldLayouts.fc561d93-5d34-40b4-a588-f309aeb64350.tabs.1.elements.3.instructions', 'null');
INSERT INTO public.projectconfig (path, value) VALUES ('entryTypes.5f92a88d-eede-41f6-8695-815d1211d2fe.fieldLayouts.fc561d93-5d34-40b4-a588-f309aeb64350.tabs.1.elements.3.label', 'null');
INSERT INTO public.projectconfig (path, value) VALUES ('entryTypes.5f92a88d-eede-41f6-8695-815d1211d2fe.fieldLayouts.fc561d93-5d34-40b4-a588-f309aeb64350.tabs.1.elements.3.required', 'false');
INSERT INTO public.projectconfig (path, value) VALUES ('entryTypes.e93d03f4-73b1-4675-b5f7-1aff6d7f7a63.fieldLayouts.a4a554ec-af28-4fd5-8b0a-48b5ba8c76e8.tabs.0.elements.0.autocomplete', 'false');
INSERT INTO public.projectconfig (path, value) VALUES ('entryTypes.e93d03f4-73b1-4675-b5f7-1aff6d7f7a63.fieldLayouts.a4a554ec-af28-4fd5-8b0a-48b5ba8c76e8.tabs.0.elements.0.autocorrect', 'true');
INSERT INTO public.projectconfig (path, value) VALUES ('entryTypes.e93d03f4-73b1-4675-b5f7-1aff6d7f7a63.fieldLayouts.a4a554ec-af28-4fd5-8b0a-48b5ba8c76e8.tabs.0.elements.0.class', 'null');
INSERT INTO public.projectconfig (path, value) VALUES ('entryTypes.e93d03f4-73b1-4675-b5f7-1aff6d7f7a63.fieldLayouts.a4a554ec-af28-4fd5-8b0a-48b5ba8c76e8.tabs.0.elements.0.disabled', 'false');
INSERT INTO public.projectconfig (path, value) VALUES ('entryTypes.e93d03f4-73b1-4675-b5f7-1aff6d7f7a63.fieldLayouts.a4a554ec-af28-4fd5-8b0a-48b5ba8c76e8.tabs.0.elements.0.id', 'null');
INSERT INTO public.projectconfig (path, value) VALUES ('entryTypes.e93d03f4-73b1-4675-b5f7-1aff6d7f7a63.fieldLayouts.a4a554ec-af28-4fd5-8b0a-48b5ba8c76e8.tabs.0.elements.0.instructions', '""');
INSERT INTO public.projectconfig (path, value) VALUES ('entryTypes.e93d03f4-73b1-4675-b5f7-1aff6d7f7a63.fieldLayouts.a4a554ec-af28-4fd5-8b0a-48b5ba8c76e8.tabs.0.elements.0.label', '"Name"');
INSERT INTO public.projectconfig (path, value) VALUES ('entryTypes.e93d03f4-73b1-4675-b5f7-1aff6d7f7a63.fieldLayouts.a4a554ec-af28-4fd5-8b0a-48b5ba8c76e8.tabs.0.elements.0.max', 'null');
INSERT INTO public.projectconfig (path, value) VALUES ('entryTypes.e93d03f4-73b1-4675-b5f7-1aff6d7f7a63.fieldLayouts.a4a554ec-af28-4fd5-8b0a-48b5ba8c76e8.tabs.0.elements.0.min', 'null');
INSERT INTO public.projectconfig (path, value) VALUES ('entryTypes.e93d03f4-73b1-4675-b5f7-1aff6d7f7a63.fieldLayouts.a4a554ec-af28-4fd5-8b0a-48b5ba8c76e8.tabs.0.elements.0.name', 'null');
INSERT INTO public.projectconfig (path, value) VALUES ('entryTypes.e93d03f4-73b1-4675-b5f7-1aff6d7f7a63.fieldLayouts.a4a554ec-af28-4fd5-8b0a-48b5ba8c76e8.tabs.0.elements.0.orientation', 'null');
INSERT INTO public.projectconfig (path, value) VALUES ('entryTypes.e93d03f4-73b1-4675-b5f7-1aff6d7f7a63.fieldLayouts.a4a554ec-af28-4fd5-8b0a-48b5ba8c76e8.tabs.0.elements.0.placeholder', 'null');
INSERT INTO public.projectconfig (path, value) VALUES ('entryTypes.e93d03f4-73b1-4675-b5f7-1aff6d7f7a63.fieldLayouts.a4a554ec-af28-4fd5-8b0a-48b5ba8c76e8.tabs.0.elements.0.readonly', 'false');
INSERT INTO public.projectconfig (path, value) VALUES ('entryTypes.e93d03f4-73b1-4675-b5f7-1aff6d7f7a63.fieldLayouts.a4a554ec-af28-4fd5-8b0a-48b5ba8c76e8.tabs.0.elements.0.requirable', 'false');
INSERT INTO public.projectconfig (path, value) VALUES ('entryTypes.e93d03f4-73b1-4675-b5f7-1aff6d7f7a63.fieldLayouts.a4a554ec-af28-4fd5-8b0a-48b5ba8c76e8.tabs.0.elements.0.size', 'null');
INSERT INTO public.projectconfig (path, value) VALUES ('entryTypes.e93d03f4-73b1-4675-b5f7-1aff6d7f7a63.fieldLayouts.a4a554ec-af28-4fd5-8b0a-48b5ba8c76e8.tabs.0.elements.0.step', 'null');
INSERT INTO public.projectconfig (path, value) VALUES ('entryTypes.e93d03f4-73b1-4675-b5f7-1aff6d7f7a63.fieldLayouts.a4a554ec-af28-4fd5-8b0a-48b5ba8c76e8.tabs.0.elements.0.tip', 'null');
INSERT INTO public.projectconfig (path, value) VALUES ('entryTypes.e93d03f4-73b1-4675-b5f7-1aff6d7f7a63.fieldLayouts.a4a554ec-af28-4fd5-8b0a-48b5ba8c76e8.tabs.0.elements.0.title', 'null');
INSERT INTO public.projectconfig (path, value) VALUES ('entryTypes.e93d03f4-73b1-4675-b5f7-1aff6d7f7a63.fieldLayouts.a4a554ec-af28-4fd5-8b0a-48b5ba8c76e8.tabs.0.elements.0.type', '"craft\\fieldlayoutelements\\EntryTitleField"');
INSERT INTO public.projectconfig (path, value) VALUES ('entryTypes.e93d03f4-73b1-4675-b5f7-1aff6d7f7a63.fieldLayouts.a4a554ec-af28-4fd5-8b0a-48b5ba8c76e8.tabs.0.elements.0.warning', 'null');
INSERT INTO public.projectconfig (path, value) VALUES ('entryTypes.e93d03f4-73b1-4675-b5f7-1aff6d7f7a63.fieldLayouts.a4a554ec-af28-4fd5-8b0a-48b5ba8c76e8.tabs.0.elements.0.width', '100');
INSERT INTO public.projectconfig (path, value) VALUES ('entryTypes.e93d03f4-73b1-4675-b5f7-1aff6d7f7a63.fieldLayouts.a4a554ec-af28-4fd5-8b0a-48b5ba8c76e8.tabs.0.elements.1.fieldUid', '"24403202-e90c-4bf2-9f60-d8b2146f107b"');
INSERT INTO public.projectconfig (path, value) VALUES ('entryTypes.e93d03f4-73b1-4675-b5f7-1aff6d7f7a63.fieldLayouts.a4a554ec-af28-4fd5-8b0a-48b5ba8c76e8.tabs.0.elements.1.instructions', 'null');
INSERT INTO public.projectconfig (path, value) VALUES ('entryTypes.e93d03f4-73b1-4675-b5f7-1aff6d7f7a63.fieldLayouts.a4a554ec-af28-4fd5-8b0a-48b5ba8c76e8.tabs.0.elements.1.label', 'null');
INSERT INTO public.projectconfig (path, value) VALUES ('entryTypes.e93d03f4-73b1-4675-b5f7-1aff6d7f7a63.fieldLayouts.a4a554ec-af28-4fd5-8b0a-48b5ba8c76e8.tabs.0.elements.1.required', 'false');
INSERT INTO public.projectconfig (path, value) VALUES ('entryTypes.e93d03f4-73b1-4675-b5f7-1aff6d7f7a63.fieldLayouts.a4a554ec-af28-4fd5-8b0a-48b5ba8c76e8.tabs.0.elements.1.tip', 'null');
INSERT INTO public.projectconfig (path, value) VALUES ('entryTypes.e93d03f4-73b1-4675-b5f7-1aff6d7f7a63.fieldLayouts.a4a554ec-af28-4fd5-8b0a-48b5ba8c76e8.tabs.0.elements.1.type', '"craft\\fieldlayoutelements\\CustomField"');
INSERT INTO public.projectconfig (path, value) VALUES ('entryTypes.e93d03f4-73b1-4675-b5f7-1aff6d7f7a63.fieldLayouts.a4a554ec-af28-4fd5-8b0a-48b5ba8c76e8.tabs.0.elements.1.warning', 'null');
INSERT INTO public.projectconfig (path, value) VALUES ('entryTypes.e93d03f4-73b1-4675-b5f7-1aff6d7f7a63.fieldLayouts.a4a554ec-af28-4fd5-8b0a-48b5ba8c76e8.tabs.0.elements.1.width', '50');
INSERT INTO public.projectconfig (path, value) VALUES ('entryTypes.e93d03f4-73b1-4675-b5f7-1aff6d7f7a63.fieldLayouts.a4a554ec-af28-4fd5-8b0a-48b5ba8c76e8.tabs.0.elements.2.fieldUid', '"dee5203e-54fb-4649-9f7f-11336a0b6da7"');
INSERT INTO public.projectconfig (path, value) VALUES ('entryTypes.e93d03f4-73b1-4675-b5f7-1aff6d7f7a63.fieldLayouts.a4a554ec-af28-4fd5-8b0a-48b5ba8c76e8.tabs.0.elements.2.instructions', 'null');
INSERT INTO public.projectconfig (path, value) VALUES ('entryTypes.e93d03f4-73b1-4675-b5f7-1aff6d7f7a63.fieldLayouts.a4a554ec-af28-4fd5-8b0a-48b5ba8c76e8.tabs.0.elements.2.label', 'null');
INSERT INTO public.projectconfig (path, value) VALUES ('entryTypes.e93d03f4-73b1-4675-b5f7-1aff6d7f7a63.fieldLayouts.a4a554ec-af28-4fd5-8b0a-48b5ba8c76e8.tabs.0.elements.2.required', 'false');
INSERT INTO public.projectconfig (path, value) VALUES ('entryTypes.e93d03f4-73b1-4675-b5f7-1aff6d7f7a63.fieldLayouts.a4a554ec-af28-4fd5-8b0a-48b5ba8c76e8.tabs.0.elements.2.tip', 'null');
INSERT INTO public.projectconfig (path, value) VALUES ('entryTypes.e93d03f4-73b1-4675-b5f7-1aff6d7f7a63.fieldLayouts.a4a554ec-af28-4fd5-8b0a-48b5ba8c76e8.tabs.0.elements.2.type', '"craft\\fieldlayoutelements\\CustomField"');
INSERT INTO public.projectconfig (path, value) VALUES ('entryTypes.e93d03f4-73b1-4675-b5f7-1aff6d7f7a63.fieldLayouts.a4a554ec-af28-4fd5-8b0a-48b5ba8c76e8.tabs.0.elements.2.warning', 'null');
INSERT INTO public.projectconfig (path, value) VALUES ('entryTypes.e93d03f4-73b1-4675-b5f7-1aff6d7f7a63.fieldLayouts.a4a554ec-af28-4fd5-8b0a-48b5ba8c76e8.tabs.0.elements.2.width', '50');
INSERT INTO public.projectconfig (path, value) VALUES ('entryTypes.e93d03f4-73b1-4675-b5f7-1aff6d7f7a63.fieldLayouts.a4a554ec-af28-4fd5-8b0a-48b5ba8c76e8.tabs.0.elements.3.fieldUid', '"fa67a40b-6951-46d9-bda9-4369aa5dc327"');
INSERT INTO public.projectconfig (path, value) VALUES ('entryTypes.e93d03f4-73b1-4675-b5f7-1aff6d7f7a63.fieldLayouts.a4a554ec-af28-4fd5-8b0a-48b5ba8c76e8.tabs.0.elements.3.instructions', 'null');
INSERT INTO public.projectconfig (path, value) VALUES ('entryTypes.e93d03f4-73b1-4675-b5f7-1aff6d7f7a63.fieldLayouts.a4a554ec-af28-4fd5-8b0a-48b5ba8c76e8.tabs.0.elements.3.label', 'null');
INSERT INTO public.projectconfig (path, value) VALUES ('entryTypes.e93d03f4-73b1-4675-b5f7-1aff6d7f7a63.fieldLayouts.a4a554ec-af28-4fd5-8b0a-48b5ba8c76e8.tabs.0.elements.3.required', 'false');
INSERT INTO public.projectconfig (path, value) VALUES ('entryTypes.e93d03f4-73b1-4675-b5f7-1aff6d7f7a63.fieldLayouts.a4a554ec-af28-4fd5-8b0a-48b5ba8c76e8.tabs.0.elements.3.tip', 'null');
INSERT INTO public.projectconfig (path, value) VALUES ('entryTypes.e93d03f4-73b1-4675-b5f7-1aff6d7f7a63.fieldLayouts.a4a554ec-af28-4fd5-8b0a-48b5ba8c76e8.tabs.0.elements.3.type', '"craft\\fieldlayoutelements\\CustomField"');
INSERT INTO public.projectconfig (path, value) VALUES ('entryTypes.e93d03f4-73b1-4675-b5f7-1aff6d7f7a63.fieldLayouts.a4a554ec-af28-4fd5-8b0a-48b5ba8c76e8.tabs.0.elements.3.warning', 'null');
INSERT INTO public.projectconfig (path, value) VALUES ('entryTypes.e93d03f4-73b1-4675-b5f7-1aff6d7f7a63.fieldLayouts.a4a554ec-af28-4fd5-8b0a-48b5ba8c76e8.tabs.0.elements.3.width', '100');
INSERT INTO public.projectconfig (path, value) VALUES ('entryTypes.e93d03f4-73b1-4675-b5f7-1aff6d7f7a63.fieldLayouts.a4a554ec-af28-4fd5-8b0a-48b5ba8c76e8.tabs.0.elements.4.fieldUid', '"c85c285d-0701-44db-b2a7-306dd269680c"');
INSERT INTO public.projectconfig (path, value) VALUES ('entryTypes.e93d03f4-73b1-4675-b5f7-1aff6d7f7a63.fieldLayouts.a4a554ec-af28-4fd5-8b0a-48b5ba8c76e8.tabs.0.elements.4.instructions', 'null');
INSERT INTO public.projectconfig (path, value) VALUES ('entryTypes.e93d03f4-73b1-4675-b5f7-1aff6d7f7a63.fieldLayouts.a4a554ec-af28-4fd5-8b0a-48b5ba8c76e8.tabs.0.elements.4.label', 'null');
INSERT INTO public.projectconfig (path, value) VALUES ('entryTypes.e93d03f4-73b1-4675-b5f7-1aff6d7f7a63.fieldLayouts.a4a554ec-af28-4fd5-8b0a-48b5ba8c76e8.tabs.0.elements.4.required', 'false');
INSERT INTO public.projectconfig (path, value) VALUES ('entryTypes.e93d03f4-73b1-4675-b5f7-1aff6d7f7a63.fieldLayouts.a4a554ec-af28-4fd5-8b0a-48b5ba8c76e8.tabs.0.elements.4.tip', 'null');
INSERT INTO public.projectconfig (path, value) VALUES ('entryTypes.e93d03f4-73b1-4675-b5f7-1aff6d7f7a63.fieldLayouts.a4a554ec-af28-4fd5-8b0a-48b5ba8c76e8.tabs.0.elements.4.type', '"craft\\fieldlayoutelements\\CustomField"');
INSERT INTO public.projectconfig (path, value) VALUES ('entryTypes.e93d03f4-73b1-4675-b5f7-1aff6d7f7a63.fieldLayouts.a4a554ec-af28-4fd5-8b0a-48b5ba8c76e8.tabs.0.elements.4.warning', 'null');
INSERT INTO public.projectconfig (path, value) VALUES ('entryTypes.e93d03f4-73b1-4675-b5f7-1aff6d7f7a63.fieldLayouts.a4a554ec-af28-4fd5-8b0a-48b5ba8c76e8.tabs.0.elements.4.width', '100');
INSERT INTO public.projectconfig (path, value) VALUES ('entryTypes.e93d03f4-73b1-4675-b5f7-1aff6d7f7a63.fieldLayouts.a4a554ec-af28-4fd5-8b0a-48b5ba8c76e8.tabs.0.elements.5.fieldUid', '"8de8794b-837b-4213-85e6-3496dfb21d96"');
INSERT INTO public.projectconfig (path, value) VALUES ('entryTypes.e93d03f4-73b1-4675-b5f7-1aff6d7f7a63.fieldLayouts.a4a554ec-af28-4fd5-8b0a-48b5ba8c76e8.tabs.0.elements.5.instructions', 'null');
INSERT INTO public.projectconfig (path, value) VALUES ('entryTypes.e93d03f4-73b1-4675-b5f7-1aff6d7f7a63.fieldLayouts.a4a554ec-af28-4fd5-8b0a-48b5ba8c76e8.tabs.0.elements.5.label', 'null');
INSERT INTO public.projectconfig (path, value) VALUES ('entryTypes.e93d03f4-73b1-4675-b5f7-1aff6d7f7a63.fieldLayouts.a4a554ec-af28-4fd5-8b0a-48b5ba8c76e8.tabs.0.elements.5.required', 'false');
INSERT INTO public.projectconfig (path, value) VALUES ('entryTypes.e93d03f4-73b1-4675-b5f7-1aff6d7f7a63.fieldLayouts.a4a554ec-af28-4fd5-8b0a-48b5ba8c76e8.tabs.0.elements.5.tip', 'null');
INSERT INTO public.projectconfig (path, value) VALUES ('entryTypes.e93d03f4-73b1-4675-b5f7-1aff6d7f7a63.fieldLayouts.a4a554ec-af28-4fd5-8b0a-48b5ba8c76e8.tabs.0.elements.5.type', '"craft\\fieldlayoutelements\\CustomField"');
INSERT INTO public.projectconfig (path, value) VALUES ('entryTypes.e93d03f4-73b1-4675-b5f7-1aff6d7f7a63.fieldLayouts.a4a554ec-af28-4fd5-8b0a-48b5ba8c76e8.tabs.0.elements.5.warning', 'null');
INSERT INTO public.projectconfig (path, value) VALUES ('entryTypes.e93d03f4-73b1-4675-b5f7-1aff6d7f7a63.fieldLayouts.a4a554ec-af28-4fd5-8b0a-48b5ba8c76e8.tabs.0.elements.5.width', '100');
INSERT INTO public.projectconfig (path, value) VALUES ('entryTypes.e93d03f4-73b1-4675-b5f7-1aff6d7f7a63.fieldLayouts.a4a554ec-af28-4fd5-8b0a-48b5ba8c76e8.tabs.0.name', '"Inhalt"');
INSERT INTO public.projectconfig (path, value) VALUES ('entryTypes.e93d03f4-73b1-4675-b5f7-1aff6d7f7a63.fieldLayouts.a4a554ec-af28-4fd5-8b0a-48b5ba8c76e8.tabs.0.sortOrder', '1');
INSERT INTO public.projectconfig (path, value) VALUES ('entryTypes.e93d03f4-73b1-4675-b5f7-1aff6d7f7a63.handle', '"products"');
INSERT INTO public.projectconfig (path, value) VALUES ('entryTypes.e93d03f4-73b1-4675-b5f7-1aff6d7f7a63.hasTitleField', 'true');
INSERT INTO public.projectconfig (path, value) VALUES ('entryTypes.e93d03f4-73b1-4675-b5f7-1aff6d7f7a63.name', '"Produkte"');
INSERT INTO public.projectconfig (path, value) VALUES ('entryTypes.e93d03f4-73b1-4675-b5f7-1aff6d7f7a63.section', '"2a038e37-6c48-4746-8b6d-b27fabf7972f"');
INSERT INTO public.projectconfig (path, value) VALUES ('entryTypes.e93d03f4-73b1-4675-b5f7-1aff6d7f7a63.sortOrder', '1');
INSERT INTO public.projectconfig (path, value) VALUES ('entryTypes.e93d03f4-73b1-4675-b5f7-1aff6d7f7a63.titleFormat', 'null');
INSERT INTO public.projectconfig (path, value) VALUES ('entryTypes.e93d03f4-73b1-4675-b5f7-1aff6d7f7a63.titleTranslationKeyFormat', 'null');
INSERT INTO public.projectconfig (path, value) VALUES ('entryTypes.e93d03f4-73b1-4675-b5f7-1aff6d7f7a63.titleTranslationMethod', '"none"');
INSERT INTO public.projectconfig (path, value) VALUES ('volumes.24c25c8a-80ea-4d24-ad72-d168a19e07cd.fieldLayouts.27caa54a-ccef-47d2-b7b4-05aab0d84ac4.tabs.0.elements.0.autocapitalize', 'true');
INSERT INTO public.projectconfig (path, value) VALUES ('volumes.24c25c8a-80ea-4d24-ad72-d168a19e07cd.fieldLayouts.27caa54a-ccef-47d2-b7b4-05aab0d84ac4.tabs.0.elements.0.autocomplete', 'false');
INSERT INTO public.projectconfig (path, value) VALUES ('volumes.24c25c8a-80ea-4d24-ad72-d168a19e07cd.fieldLayouts.27caa54a-ccef-47d2-b7b4-05aab0d84ac4.tabs.0.elements.0.autocorrect', 'true');
INSERT INTO public.projectconfig (path, value) VALUES ('volumes.24c25c8a-80ea-4d24-ad72-d168a19e07cd.fieldLayouts.27caa54a-ccef-47d2-b7b4-05aab0d84ac4.tabs.0.elements.0.class', 'null');
INSERT INTO public.projectconfig (path, value) VALUES ('volumes.24c25c8a-80ea-4d24-ad72-d168a19e07cd.fieldLayouts.27caa54a-ccef-47d2-b7b4-05aab0d84ac4.tabs.0.elements.0.disabled', 'false');
INSERT INTO public.projectconfig (path, value) VALUES ('volumes.24c25c8a-80ea-4d24-ad72-d168a19e07cd.fieldLayouts.27caa54a-ccef-47d2-b7b4-05aab0d84ac4.tabs.0.elements.0.id', 'null');
INSERT INTO public.projectconfig (path, value) VALUES ('volumes.24c25c8a-80ea-4d24-ad72-d168a19e07cd.fieldLayouts.27caa54a-ccef-47d2-b7b4-05aab0d84ac4.tabs.0.elements.0.instructions', '""');
INSERT INTO public.projectconfig (path, value) VALUES ('volumes.24c25c8a-80ea-4d24-ad72-d168a19e07cd.fieldLayouts.27caa54a-ccef-47d2-b7b4-05aab0d84ac4.tabs.0.elements.0.label', '""');
INSERT INTO public.projectconfig (path, value) VALUES ('volumes.24c25c8a-80ea-4d24-ad72-d168a19e07cd.fieldLayouts.27caa54a-ccef-47d2-b7b4-05aab0d84ac4.tabs.0.elements.0.max', 'null');
INSERT INTO public.projectconfig (path, value) VALUES ('volumes.24c25c8a-80ea-4d24-ad72-d168a19e07cd.fieldLayouts.27caa54a-ccef-47d2-b7b4-05aab0d84ac4.tabs.0.elements.0.min', 'null');
INSERT INTO public.projectconfig (path, value) VALUES ('volumes.24c25c8a-80ea-4d24-ad72-d168a19e07cd.fieldLayouts.27caa54a-ccef-47d2-b7b4-05aab0d84ac4.tabs.0.elements.0.name', 'null');
INSERT INTO public.projectconfig (path, value) VALUES ('volumes.24c25c8a-80ea-4d24-ad72-d168a19e07cd.fieldLayouts.27caa54a-ccef-47d2-b7b4-05aab0d84ac4.tabs.0.elements.0.orientation', 'null');
INSERT INTO public.projectconfig (path, value) VALUES ('volumes.24c25c8a-80ea-4d24-ad72-d168a19e07cd.fieldLayouts.27caa54a-ccef-47d2-b7b4-05aab0d84ac4.tabs.0.elements.0.placeholder', 'null');
INSERT INTO public.projectconfig (path, value) VALUES ('volumes.24c25c8a-80ea-4d24-ad72-d168a19e07cd.fieldLayouts.27caa54a-ccef-47d2-b7b4-05aab0d84ac4.tabs.0.elements.0.readonly', 'false');
INSERT INTO public.projectconfig (path, value) VALUES ('volumes.24c25c8a-80ea-4d24-ad72-d168a19e07cd.fieldLayouts.27caa54a-ccef-47d2-b7b4-05aab0d84ac4.tabs.0.elements.0.requirable', 'false');
INSERT INTO public.projectconfig (path, value) VALUES ('volumes.24c25c8a-80ea-4d24-ad72-d168a19e07cd.fieldLayouts.27caa54a-ccef-47d2-b7b4-05aab0d84ac4.tabs.0.elements.0.size', 'null');
INSERT INTO public.projectconfig (path, value) VALUES ('volumes.24c25c8a-80ea-4d24-ad72-d168a19e07cd.fieldLayouts.27caa54a-ccef-47d2-b7b4-05aab0d84ac4.tabs.0.elements.0.step', 'null');
INSERT INTO public.projectconfig (path, value) VALUES ('volumes.24c25c8a-80ea-4d24-ad72-d168a19e07cd.fieldLayouts.27caa54a-ccef-47d2-b7b4-05aab0d84ac4.tabs.0.elements.0.tip', 'null');
INSERT INTO public.projectconfig (path, value) VALUES ('volumes.24c25c8a-80ea-4d24-ad72-d168a19e07cd.fieldLayouts.27caa54a-ccef-47d2-b7b4-05aab0d84ac4.tabs.0.elements.0.title', 'null');
INSERT INTO public.projectconfig (path, value) VALUES ('volumes.24c25c8a-80ea-4d24-ad72-d168a19e07cd.fieldLayouts.27caa54a-ccef-47d2-b7b4-05aab0d84ac4.tabs.0.elements.0.type', '"craft\\fieldlayoutelements\\AssetTitleField"');
INSERT INTO public.projectconfig (path, value) VALUES ('volumes.24c25c8a-80ea-4d24-ad72-d168a19e07cd.fieldLayouts.27caa54a-ccef-47d2-b7b4-05aab0d84ac4.tabs.0.elements.0.warning', 'null');
INSERT INTO public.projectconfig (path, value) VALUES ('volumes.24c25c8a-80ea-4d24-ad72-d168a19e07cd.fieldLayouts.27caa54a-ccef-47d2-b7b4-05aab0d84ac4.tabs.0.elements.0.width', '100');
INSERT INTO public.projectconfig (path, value) VALUES ('volumes.24c25c8a-80ea-4d24-ad72-d168a19e07cd.fieldLayouts.27caa54a-ccef-47d2-b7b4-05aab0d84ac4.tabs.0.name', '"Content"');
INSERT INTO public.projectconfig (path, value) VALUES ('volumes.24c25c8a-80ea-4d24-ad72-d168a19e07cd.fieldLayouts.27caa54a-ccef-47d2-b7b4-05aab0d84ac4.tabs.0.sortOrder', '1');
INSERT INTO public.projectconfig (path, value) VALUES ('volumes.24c25c8a-80ea-4d24-ad72-d168a19e07cd.handle', '"persons_2019"');
INSERT INTO public.projectconfig (path, value) VALUES ('volumes.24c25c8a-80ea-4d24-ad72-d168a19e07cd.hasUrls', 'true');
INSERT INTO public.projectconfig (path, value) VALUES ('volumes.24c25c8a-80ea-4d24-ad72-d168a19e07cd.name', '"Personen 2019"');
INSERT INTO public.projectconfig (path, value) VALUES ('volumes.24c25c8a-80ea-4d24-ad72-d168a19e07cd.settings.path', '"@webroot/persons_2019"');
INSERT INTO public.projectconfig (path, value) VALUES ('volumes.24c25c8a-80ea-4d24-ad72-d168a19e07cd.sortOrder', '1');
INSERT INTO public.projectconfig (path, value) VALUES ('volumes.24c25c8a-80ea-4d24-ad72-d168a19e07cd.type', '"craft\\volumes\\Local"');
INSERT INTO public.projectconfig (path, value) VALUES ('volumes.24c25c8a-80ea-4d24-ad72-d168a19e07cd.url', '"@web/persons_2019"');
INSERT INTO public.projectconfig (path, value) VALUES ('volumes.6ccb6428-fc6d-4868-a8e1-17eefa4bfbb7.fieldLayouts.76ba5428-f073-4669-846b-89e4b887a1d3.tabs.0.elements.0.autocapitalize', 'true');
INSERT INTO public.projectconfig (path, value) VALUES ('volumes.6ccb6428-fc6d-4868-a8e1-17eefa4bfbb7.fieldLayouts.76ba5428-f073-4669-846b-89e4b887a1d3.tabs.0.elements.0.autocomplete', 'false');
INSERT INTO public.projectconfig (path, value) VALUES ('volumes.6ccb6428-fc6d-4868-a8e1-17eefa4bfbb7.fieldLayouts.76ba5428-f073-4669-846b-89e4b887a1d3.tabs.0.elements.0.autocorrect', 'true');
INSERT INTO public.projectconfig (path, value) VALUES ('volumes.6ccb6428-fc6d-4868-a8e1-17eefa4bfbb7.fieldLayouts.76ba5428-f073-4669-846b-89e4b887a1d3.tabs.0.elements.0.class', 'null');
INSERT INTO public.projectconfig (path, value) VALUES ('volumes.6ccb6428-fc6d-4868-a8e1-17eefa4bfbb7.fieldLayouts.76ba5428-f073-4669-846b-89e4b887a1d3.tabs.0.elements.0.disabled', 'false');
INSERT INTO public.projectconfig (path, value) VALUES ('volumes.6ccb6428-fc6d-4868-a8e1-17eefa4bfbb7.fieldLayouts.76ba5428-f073-4669-846b-89e4b887a1d3.tabs.0.elements.0.id', 'null');
INSERT INTO public.projectconfig (path, value) VALUES ('volumes.6ccb6428-fc6d-4868-a8e1-17eefa4bfbb7.fieldLayouts.76ba5428-f073-4669-846b-89e4b887a1d3.tabs.0.elements.0.instructions', 'null');
INSERT INTO public.projectconfig (path, value) VALUES ('volumes.6ccb6428-fc6d-4868-a8e1-17eefa4bfbb7.fieldLayouts.76ba5428-f073-4669-846b-89e4b887a1d3.tabs.0.elements.0.label', 'null');
INSERT INTO public.projectconfig (path, value) VALUES ('volumes.6ccb6428-fc6d-4868-a8e1-17eefa4bfbb7.fieldLayouts.76ba5428-f073-4669-846b-89e4b887a1d3.tabs.0.elements.0.max', 'null');
INSERT INTO public.projectconfig (path, value) VALUES ('volumes.6ccb6428-fc6d-4868-a8e1-17eefa4bfbb7.fieldLayouts.76ba5428-f073-4669-846b-89e4b887a1d3.tabs.0.elements.0.min', 'null');
INSERT INTO public.projectconfig (path, value) VALUES ('volumes.6ccb6428-fc6d-4868-a8e1-17eefa4bfbb7.fieldLayouts.76ba5428-f073-4669-846b-89e4b887a1d3.tabs.0.elements.0.name', 'null');
INSERT INTO public.projectconfig (path, value) VALUES ('volumes.6ccb6428-fc6d-4868-a8e1-17eefa4bfbb7.fieldLayouts.76ba5428-f073-4669-846b-89e4b887a1d3.tabs.0.elements.0.orientation', 'null');
INSERT INTO public.projectconfig (path, value) VALUES ('volumes.6ccb6428-fc6d-4868-a8e1-17eefa4bfbb7.fieldLayouts.76ba5428-f073-4669-846b-89e4b887a1d3.tabs.0.elements.0.placeholder', 'null');
INSERT INTO public.projectconfig (path, value) VALUES ('volumes.6ccb6428-fc6d-4868-a8e1-17eefa4bfbb7.fieldLayouts.76ba5428-f073-4669-846b-89e4b887a1d3.tabs.0.elements.0.readonly', 'false');
INSERT INTO public.projectconfig (path, value) VALUES ('volumes.6ccb6428-fc6d-4868-a8e1-17eefa4bfbb7.fieldLayouts.76ba5428-f073-4669-846b-89e4b887a1d3.tabs.0.elements.0.requirable', 'false');
INSERT INTO public.projectconfig (path, value) VALUES ('volumes.6ccb6428-fc6d-4868-a8e1-17eefa4bfbb7.fieldLayouts.76ba5428-f073-4669-846b-89e4b887a1d3.tabs.0.elements.0.size', 'null');
INSERT INTO public.projectconfig (path, value) VALUES ('volumes.6ccb6428-fc6d-4868-a8e1-17eefa4bfbb7.fieldLayouts.76ba5428-f073-4669-846b-89e4b887a1d3.tabs.0.elements.0.step', 'null');
INSERT INTO public.projectconfig (path, value) VALUES ('volumes.6ccb6428-fc6d-4868-a8e1-17eefa4bfbb7.fieldLayouts.76ba5428-f073-4669-846b-89e4b887a1d3.tabs.0.elements.0.tip', 'null');
INSERT INTO public.projectconfig (path, value) VALUES ('volumes.6ccb6428-fc6d-4868-a8e1-17eefa4bfbb7.fieldLayouts.76ba5428-f073-4669-846b-89e4b887a1d3.tabs.0.elements.0.title', 'null');
INSERT INTO public.projectconfig (path, value) VALUES ('volumes.6ccb6428-fc6d-4868-a8e1-17eefa4bfbb7.fieldLayouts.76ba5428-f073-4669-846b-89e4b887a1d3.tabs.0.elements.0.type', '"craft\\fieldlayoutelements\\AssetTitleField"');
INSERT INTO public.projectconfig (path, value) VALUES ('volumes.6ccb6428-fc6d-4868-a8e1-17eefa4bfbb7.fieldLayouts.76ba5428-f073-4669-846b-89e4b887a1d3.tabs.0.elements.0.warning', 'null');
INSERT INTO public.projectconfig (path, value) VALUES ('volumes.6ccb6428-fc6d-4868-a8e1-17eefa4bfbb7.fieldLayouts.76ba5428-f073-4669-846b-89e4b887a1d3.tabs.0.elements.0.width', '100');
INSERT INTO public.projectconfig (path, value) VALUES ('volumes.6ccb6428-fc6d-4868-a8e1-17eefa4bfbb7.fieldLayouts.76ba5428-f073-4669-846b-89e4b887a1d3.tabs.0.name', '"Inhalt"');
INSERT INTO public.projectconfig (path, value) VALUES ('volumes.6ccb6428-fc6d-4868-a8e1-17eefa4bfbb7.fieldLayouts.76ba5428-f073-4669-846b-89e4b887a1d3.tabs.0.sortOrder', '1');
INSERT INTO public.projectconfig (path, value) VALUES ('volumes.6ccb6428-fc6d-4868-a8e1-17eefa4bfbb7.handle', '"article_2019"');
INSERT INTO public.projectconfig (path, value) VALUES ('volumes.6ccb6428-fc6d-4868-a8e1-17eefa4bfbb7.hasUrls', 'true');
INSERT INTO public.projectconfig (path, value) VALUES ('volumes.6ccb6428-fc6d-4868-a8e1-17eefa4bfbb7.name', '"Artikel 2019"');
INSERT INTO public.projectconfig (path, value) VALUES ('volumes.6ccb6428-fc6d-4868-a8e1-17eefa4bfbb7.settings.path', '"@webroot/article_2019"');
INSERT INTO public.projectconfig (path, value) VALUES ('volumes.6ccb6428-fc6d-4868-a8e1-17eefa4bfbb7.sortOrder', '3');
INSERT INTO public.projectconfig (path, value) VALUES ('volumes.6ccb6428-fc6d-4868-a8e1-17eefa4bfbb7.type', '"craft\\volumes\\Local"');
INSERT INTO public.projectconfig (path, value) VALUES ('volumes.6ccb6428-fc6d-4868-a8e1-17eefa4bfbb7.url', '"@web/article_2019"');
INSERT INTO public.projectconfig (path, value) VALUES ('volumes.6d6fb726-ec98-4924-a4c4-0d5e30359a91.fieldLayouts.17fddcbf-504b-4f3d-a096-e52d47d417cb.tabs.0.elements.0.autocapitalize', 'true');
INSERT INTO public.projectconfig (path, value) VALUES ('volumes.6d6fb726-ec98-4924-a4c4-0d5e30359a91.fieldLayouts.17fddcbf-504b-4f3d-a096-e52d47d417cb.tabs.0.elements.0.autocomplete', 'false');
INSERT INTO public.projectconfig (path, value) VALUES ('volumes.6d6fb726-ec98-4924-a4c4-0d5e30359a91.fieldLayouts.17fddcbf-504b-4f3d-a096-e52d47d417cb.tabs.0.elements.0.autocorrect', 'true');
INSERT INTO public.projectconfig (path, value) VALUES ('volumes.6d6fb726-ec98-4924-a4c4-0d5e30359a91.fieldLayouts.17fddcbf-504b-4f3d-a096-e52d47d417cb.tabs.0.elements.0.class', 'null');
INSERT INTO public.projectconfig (path, value) VALUES ('volumes.6d6fb726-ec98-4924-a4c4-0d5e30359a91.fieldLayouts.17fddcbf-504b-4f3d-a096-e52d47d417cb.tabs.0.elements.0.disabled', 'false');
INSERT INTO public.projectconfig (path, value) VALUES ('volumes.6d6fb726-ec98-4924-a4c4-0d5e30359a91.fieldLayouts.17fddcbf-504b-4f3d-a096-e52d47d417cb.tabs.0.elements.0.id', 'null');
INSERT INTO public.projectconfig (path, value) VALUES ('volumes.6d6fb726-ec98-4924-a4c4-0d5e30359a91.fieldLayouts.17fddcbf-504b-4f3d-a096-e52d47d417cb.tabs.0.elements.0.instructions', 'null');
INSERT INTO public.projectconfig (path, value) VALUES ('volumes.6d6fb726-ec98-4924-a4c4-0d5e30359a91.fieldLayouts.17fddcbf-504b-4f3d-a096-e52d47d417cb.tabs.0.elements.0.label', 'null');
INSERT INTO public.projectconfig (path, value) VALUES ('volumes.6d6fb726-ec98-4924-a4c4-0d5e30359a91.fieldLayouts.17fddcbf-504b-4f3d-a096-e52d47d417cb.tabs.0.elements.0.max', 'null');
INSERT INTO public.projectconfig (path, value) VALUES ('volumes.6d6fb726-ec98-4924-a4c4-0d5e30359a91.fieldLayouts.17fddcbf-504b-4f3d-a096-e52d47d417cb.tabs.0.elements.0.min', 'null');
INSERT INTO public.projectconfig (path, value) VALUES ('volumes.6d6fb726-ec98-4924-a4c4-0d5e30359a91.fieldLayouts.17fddcbf-504b-4f3d-a096-e52d47d417cb.tabs.0.elements.0.name', 'null');
INSERT INTO public.projectconfig (path, value) VALUES ('volumes.6d6fb726-ec98-4924-a4c4-0d5e30359a91.fieldLayouts.17fddcbf-504b-4f3d-a096-e52d47d417cb.tabs.0.elements.0.orientation', 'null');
INSERT INTO public.projectconfig (path, value) VALUES ('volumes.6d6fb726-ec98-4924-a4c4-0d5e30359a91.fieldLayouts.17fddcbf-504b-4f3d-a096-e52d47d417cb.tabs.0.elements.0.placeholder', 'null');
INSERT INTO public.projectconfig (path, value) VALUES ('volumes.6d6fb726-ec98-4924-a4c4-0d5e30359a91.fieldLayouts.17fddcbf-504b-4f3d-a096-e52d47d417cb.tabs.0.elements.0.readonly', 'false');
INSERT INTO public.projectconfig (path, value) VALUES ('volumes.6d6fb726-ec98-4924-a4c4-0d5e30359a91.fieldLayouts.17fddcbf-504b-4f3d-a096-e52d47d417cb.tabs.0.elements.0.requirable', 'false');
INSERT INTO public.projectconfig (path, value) VALUES ('volumes.6d6fb726-ec98-4924-a4c4-0d5e30359a91.fieldLayouts.17fddcbf-504b-4f3d-a096-e52d47d417cb.tabs.0.elements.0.size', 'null');
INSERT INTO public.projectconfig (path, value) VALUES ('volumes.6d6fb726-ec98-4924-a4c4-0d5e30359a91.fieldLayouts.17fddcbf-504b-4f3d-a096-e52d47d417cb.tabs.0.elements.0.step', 'null');
INSERT INTO public.projectconfig (path, value) VALUES ('volumes.6d6fb726-ec98-4924-a4c4-0d5e30359a91.fieldLayouts.17fddcbf-504b-4f3d-a096-e52d47d417cb.tabs.0.elements.0.tip', 'null');
INSERT INTO public.projectconfig (path, value) VALUES ('volumes.6d6fb726-ec98-4924-a4c4-0d5e30359a91.fieldLayouts.17fddcbf-504b-4f3d-a096-e52d47d417cb.tabs.0.elements.0.title', 'null');
INSERT INTO public.projectconfig (path, value) VALUES ('volumes.6d6fb726-ec98-4924-a4c4-0d5e30359a91.fieldLayouts.17fddcbf-504b-4f3d-a096-e52d47d417cb.tabs.0.elements.0.type', '"craft\\fieldlayoutelements\\AssetTitleField"');
INSERT INTO public.projectconfig (path, value) VALUES ('volumes.6d6fb726-ec98-4924-a4c4-0d5e30359a91.fieldLayouts.17fddcbf-504b-4f3d-a096-e52d47d417cb.tabs.0.elements.0.warning', 'null');
INSERT INTO public.projectconfig (path, value) VALUES ('volumes.6d6fb726-ec98-4924-a4c4-0d5e30359a91.fieldLayouts.17fddcbf-504b-4f3d-a096-e52d47d417cb.tabs.0.elements.0.width', '100');
INSERT INTO public.projectconfig (path, value) VALUES ('volumes.6d6fb726-ec98-4924-a4c4-0d5e30359a91.fieldLayouts.17fddcbf-504b-4f3d-a096-e52d47d417cb.tabs.0.name', '"Inhalt"');
INSERT INTO public.projectconfig (path, value) VALUES ('volumes.6d6fb726-ec98-4924-a4c4-0d5e30359a91.fieldLayouts.17fddcbf-504b-4f3d-a096-e52d47d417cb.tabs.0.sortOrder', '1');
INSERT INTO public.projectconfig (path, value) VALUES ('volumes.6d6fb726-ec98-4924-a4c4-0d5e30359a91.handle', '"pages_2019"');
INSERT INTO public.projectconfig (path, value) VALUES ('volumes.6d6fb726-ec98-4924-a4c4-0d5e30359a91.hasUrls', 'true');
INSERT INTO public.projectconfig (path, value) VALUES ('volumes.6d6fb726-ec98-4924-a4c4-0d5e30359a91.name', '"Seiten 2019"');
INSERT INTO public.projectconfig (path, value) VALUES ('volumes.6d6fb726-ec98-4924-a4c4-0d5e30359a91.settings.path', '"@webroot/pages_2019"');
INSERT INTO public.projectconfig (path, value) VALUES ('volumes.6d6fb726-ec98-4924-a4c4-0d5e30359a91.sortOrder', '2');
INSERT INTO public.projectconfig (path, value) VALUES ('volumes.6d6fb726-ec98-4924-a4c4-0d5e30359a91.type', '"craft\\volumes\\Local"');
INSERT INTO public.projectconfig (path, value) VALUES ('volumes.6d6fb726-ec98-4924-a4c4-0d5e30359a91.url', '"@web/pages_2019"');
INSERT INTO public.projectconfig (path, value) VALUES ('graphql.schemas.e5041870-fbde-43c9-97ce-9950766b32e5.isPublic', 'true');
INSERT INTO public.projectconfig (path, value) VALUES ('graphql.schemas.e5041870-fbde-43c9-97ce-9950766b32e5.name', '"Public Schema"');
INSERT INTO public.projectconfig (path, value) VALUES ('graphql.schemas.e5041870-fbde-43c9-97ce-9950766b32e5.scope.0', '"sections.9b5bd243-bb29-4fea-81a4-e597852129b7:read"');
INSERT INTO public.projectconfig (path, value) VALUES ('graphql.schemas.e5041870-fbde-43c9-97ce-9950766b32e5.scope.1', '"entrytypes.e7599b97-ad13-4eea-bd62-3fdd165886ce:read"');
INSERT INTO public.projectconfig (path, value) VALUES ('graphql.schemas.e5041870-fbde-43c9-97ce-9950766b32e5.scope.2', '"sections.1b0aae41-58ef-4c4b-8749-6e8a8c98221d:read"');
INSERT INTO public.projectconfig (path, value) VALUES ('graphql.schemas.e5041870-fbde-43c9-97ce-9950766b32e5.scope.3', '"entrytypes.5f92a88d-eede-41f6-8695-815d1211d2fe:read"');
INSERT INTO public.projectconfig (path, value) VALUES ('graphql.schemas.e5041870-fbde-43c9-97ce-9950766b32e5.scope.4', '"sections.f65cbcf7-3ede-40b8-b09e-b3a8e1a4674c:read"');
INSERT INTO public.projectconfig (path, value) VALUES ('graphql.schemas.e5041870-fbde-43c9-97ce-9950766b32e5.scope.5', '"entrytypes.4926019f-9936-4a51-a84f-38d927e89c25:read"');
INSERT INTO public.projectconfig (path, value) VALUES ('graphql.schemas.e5041870-fbde-43c9-97ce-9950766b32e5.scope.6', '"sections.ea25caf0-a9ce-415f-91f4-7c047d9b1933:read"');
INSERT INTO public.projectconfig (path, value) VALUES ('graphql.schemas.e5041870-fbde-43c9-97ce-9950766b32e5.scope.7', '"entrytypes.0d410440-cbd2-47b2-8a7f-21e7b8afe43e:read"');
INSERT INTO public.projectconfig (path, value) VALUES ('graphql.schemas.e5041870-fbde-43c9-97ce-9950766b32e5.scope.8', '"sections.0daaa545-d1a0-4655-a507-2bac8b560f1d:read"');
INSERT INTO public.projectconfig (path, value) VALUES ('entryTypes.5f92a88d-eede-41f6-8695-815d1211d2fe.fieldLayouts.fc561d93-5d34-40b4-a588-f309aeb64350.tabs.1.elements.3.tip', 'null');
INSERT INTO public.projectconfig (path, value) VALUES ('entryTypes.5f92a88d-eede-41f6-8695-815d1211d2fe.fieldLayouts.fc561d93-5d34-40b4-a588-f309aeb64350.tabs.1.elements.3.type', '"craft\\fieldlayoutelements\\CustomField"');
INSERT INTO public.projectconfig (path, value) VALUES ('entryTypes.5f92a88d-eede-41f6-8695-815d1211d2fe.fieldLayouts.fc561d93-5d34-40b4-a588-f309aeb64350.tabs.1.elements.3.warning', 'null');
INSERT INTO public.projectconfig (path, value) VALUES ('entryTypes.5f92a88d-eede-41f6-8695-815d1211d2fe.fieldLayouts.fc561d93-5d34-40b4-a588-f309aeb64350.tabs.1.elements.3.width', '50');
INSERT INTO public.projectconfig (path, value) VALUES ('entryTypes.5f92a88d-eede-41f6-8695-815d1211d2fe.fieldLayouts.fc561d93-5d34-40b4-a588-f309aeb64350.tabs.1.elements.4.fieldUid', '"0157ca30-ec6c-42c5-8869-589c4bf6965f"');
INSERT INTO public.projectconfig (path, value) VALUES ('entryTypes.5f92a88d-eede-41f6-8695-815d1211d2fe.fieldLayouts.fc561d93-5d34-40b4-a588-f309aeb64350.tabs.1.elements.4.instructions', 'null');
INSERT INTO public.projectconfig (path, value) VALUES ('entryTypes.5f92a88d-eede-41f6-8695-815d1211d2fe.fieldLayouts.fc561d93-5d34-40b4-a588-f309aeb64350.tabs.1.elements.4.label', 'null');
INSERT INTO public.projectconfig (path, value) VALUES ('entryTypes.5f92a88d-eede-41f6-8695-815d1211d2fe.fieldLayouts.fc561d93-5d34-40b4-a588-f309aeb64350.tabs.1.elements.4.required', 'false');
INSERT INTO public.projectconfig (path, value) VALUES ('entryTypes.5f92a88d-eede-41f6-8695-815d1211d2fe.fieldLayouts.fc561d93-5d34-40b4-a588-f309aeb64350.tabs.1.elements.4.tip', 'null');
INSERT INTO public.projectconfig (path, value) VALUES ('entryTypes.5f92a88d-eede-41f6-8695-815d1211d2fe.fieldLayouts.fc561d93-5d34-40b4-a588-f309aeb64350.tabs.1.elements.4.type', '"craft\\fieldlayoutelements\\CustomField"');
INSERT INTO public.projectconfig (path, value) VALUES ('entryTypes.5f92a88d-eede-41f6-8695-815d1211d2fe.fieldLayouts.fc561d93-5d34-40b4-a588-f309aeb64350.tabs.1.elements.4.warning', 'null');
INSERT INTO public.projectconfig (path, value) VALUES ('entryTypes.5f92a88d-eede-41f6-8695-815d1211d2fe.fieldLayouts.fc561d93-5d34-40b4-a588-f309aeb64350.tabs.1.elements.4.width', '50');
INSERT INTO public.projectconfig (path, value) VALUES ('entryTypes.5f92a88d-eede-41f6-8695-815d1211d2fe.fieldLayouts.fc561d93-5d34-40b4-a588-f309aeb64350.tabs.1.elements.5.heading', '"Anschrift"');
INSERT INTO public.projectconfig (path, value) VALUES ('entryTypes.5f92a88d-eede-41f6-8695-815d1211d2fe.fieldLayouts.fc561d93-5d34-40b4-a588-f309aeb64350.tabs.1.elements.5.type', '"craft\\fieldlayoutelements\\Heading"');
INSERT INTO public.projectconfig (path, value) VALUES ('entryTypes.5f92a88d-eede-41f6-8695-815d1211d2fe.fieldLayouts.fc561d93-5d34-40b4-a588-f309aeb64350.tabs.1.elements.6.fieldUid', '"8cd7cefb-10df-4b63-a65f-2cadca1c4c1b"');
INSERT INTO public.projectconfig (path, value) VALUES ('entryTypes.5f92a88d-eede-41f6-8695-815d1211d2fe.fieldLayouts.fc561d93-5d34-40b4-a588-f309aeb64350.tabs.1.elements.6.instructions', 'null');
INSERT INTO public.projectconfig (path, value) VALUES ('entryTypes.5f92a88d-eede-41f6-8695-815d1211d2fe.fieldLayouts.fc561d93-5d34-40b4-a588-f309aeb64350.tabs.1.elements.6.label', 'null');
INSERT INTO public.projectconfig (path, value) VALUES ('entryTypes.5f92a88d-eede-41f6-8695-815d1211d2fe.fieldLayouts.fc561d93-5d34-40b4-a588-f309aeb64350.tabs.1.elements.6.required', 'false');
INSERT INTO public.projectconfig (path, value) VALUES ('entryTypes.5f92a88d-eede-41f6-8695-815d1211d2fe.fieldLayouts.fc561d93-5d34-40b4-a588-f309aeb64350.tabs.1.elements.6.tip', 'null');
INSERT INTO public.projectconfig (path, value) VALUES ('entryTypes.5f92a88d-eede-41f6-8695-815d1211d2fe.fieldLayouts.fc561d93-5d34-40b4-a588-f309aeb64350.tabs.1.elements.6.type', '"craft\\fieldlayoutelements\\CustomField"');
INSERT INTO public.projectconfig (path, value) VALUES ('entryTypes.5f92a88d-eede-41f6-8695-815d1211d2fe.fieldLayouts.fc561d93-5d34-40b4-a588-f309aeb64350.tabs.1.elements.6.warning', 'null');
INSERT INTO public.projectconfig (path, value) VALUES ('entryTypes.5f92a88d-eede-41f6-8695-815d1211d2fe.fieldLayouts.fc561d93-5d34-40b4-a588-f309aeb64350.tabs.1.elements.6.width', '100');
INSERT INTO public.projectconfig (path, value) VALUES ('entryTypes.5f92a88d-eede-41f6-8695-815d1211d2fe.fieldLayouts.fc561d93-5d34-40b4-a588-f309aeb64350.tabs.1.elements.7.fieldUid', '"4f5e11cf-b1e9-4f8e-a288-c8882b5b374d"');
INSERT INTO public.projectconfig (path, value) VALUES ('entryTypes.5f92a88d-eede-41f6-8695-815d1211d2fe.fieldLayouts.fc561d93-5d34-40b4-a588-f309aeb64350.tabs.1.elements.7.instructions', 'null');
INSERT INTO public.projectconfig (path, value) VALUES ('entryTypes.5f92a88d-eede-41f6-8695-815d1211d2fe.fieldLayouts.fc561d93-5d34-40b4-a588-f309aeb64350.tabs.1.elements.7.label', 'null');
INSERT INTO public.projectconfig (path, value) VALUES ('entryTypes.5f92a88d-eede-41f6-8695-815d1211d2fe.fieldLayouts.fc561d93-5d34-40b4-a588-f309aeb64350.tabs.1.elements.7.required', 'false');
INSERT INTO public.projectconfig (path, value) VALUES ('entryTypes.5f92a88d-eede-41f6-8695-815d1211d2fe.fieldLayouts.fc561d93-5d34-40b4-a588-f309aeb64350.tabs.1.elements.7.tip', 'null');
INSERT INTO public.projectconfig (path, value) VALUES ('entryTypes.5f92a88d-eede-41f6-8695-815d1211d2fe.fieldLayouts.fc561d93-5d34-40b4-a588-f309aeb64350.tabs.1.elements.7.type', '"craft\\fieldlayoutelements\\CustomField"');
INSERT INTO public.projectconfig (path, value) VALUES ('entryTypes.5f92a88d-eede-41f6-8695-815d1211d2fe.fieldLayouts.fc561d93-5d34-40b4-a588-f309aeb64350.tabs.1.elements.7.warning', 'null');
INSERT INTO public.projectconfig (path, value) VALUES ('entryTypes.5f92a88d-eede-41f6-8695-815d1211d2fe.fieldLayouts.fc561d93-5d34-40b4-a588-f309aeb64350.tabs.1.elements.7.width', '50');
INSERT INTO public.projectconfig (path, value) VALUES ('entryTypes.5f92a88d-eede-41f6-8695-815d1211d2fe.fieldLayouts.fc561d93-5d34-40b4-a588-f309aeb64350.tabs.1.elements.8.fieldUid', '"1f8b3b3f-ed42-4b28-b49e-cef4c51a0e33"');
INSERT INTO public.projectconfig (path, value) VALUES ('entryTypes.5f92a88d-eede-41f6-8695-815d1211d2fe.fieldLayouts.fc561d93-5d34-40b4-a588-f309aeb64350.tabs.1.elements.8.instructions', 'null');
INSERT INTO public.projectconfig (path, value) VALUES ('entryTypes.5f92a88d-eede-41f6-8695-815d1211d2fe.fieldLayouts.fc561d93-5d34-40b4-a588-f309aeb64350.tabs.1.elements.8.label', 'null');
INSERT INTO public.projectconfig (path, value) VALUES ('entryTypes.5f92a88d-eede-41f6-8695-815d1211d2fe.fieldLayouts.fc561d93-5d34-40b4-a588-f309aeb64350.tabs.1.elements.8.required', 'false');
INSERT INTO public.projectconfig (path, value) VALUES ('entryTypes.5f92a88d-eede-41f6-8695-815d1211d2fe.fieldLayouts.fc561d93-5d34-40b4-a588-f309aeb64350.tabs.1.elements.8.tip', 'null');
INSERT INTO public.projectconfig (path, value) VALUES ('entryTypes.5f92a88d-eede-41f6-8695-815d1211d2fe.fieldLayouts.fc561d93-5d34-40b4-a588-f309aeb64350.tabs.1.elements.8.type', '"craft\\fieldlayoutelements\\CustomField"');
INSERT INTO public.projectconfig (path, value) VALUES ('entryTypes.5f92a88d-eede-41f6-8695-815d1211d2fe.fieldLayouts.fc561d93-5d34-40b4-a588-f309aeb64350.tabs.1.elements.8.warning', 'null');
INSERT INTO public.projectconfig (path, value) VALUES ('entryTypes.5f92a88d-eede-41f6-8695-815d1211d2fe.fieldLayouts.fc561d93-5d34-40b4-a588-f309aeb64350.tabs.1.elements.8.width', '50');
INSERT INTO public.projectconfig (path, value) VALUES ('entryTypes.5f92a88d-eede-41f6-8695-815d1211d2fe.fieldLayouts.fc561d93-5d34-40b4-a588-f309aeb64350.tabs.3.elements.5.width', '100');
INSERT INTO public.projectconfig (path, value) VALUES ('entryTypes.5f92a88d-eede-41f6-8695-815d1211d2fe.fieldLayouts.fc561d93-5d34-40b4-a588-f309aeb64350.tabs.3.elements.6.fieldUid', '"dced25a8-d4dc-49a1-a4d9-4d7edea2959c"');
INSERT INTO public.projectconfig (path, value) VALUES ('entryTypes.5f92a88d-eede-41f6-8695-815d1211d2fe.fieldLayouts.fc561d93-5d34-40b4-a588-f309aeb64350.tabs.3.elements.6.instructions', 'null');
INSERT INTO public.projectconfig (path, value) VALUES ('entryTypes.5f92a88d-eede-41f6-8695-815d1211d2fe.fieldLayouts.fc561d93-5d34-40b4-a588-f309aeb64350.tabs.3.elements.6.label', 'null');
INSERT INTO public.projectconfig (path, value) VALUES ('entryTypes.5f92a88d-eede-41f6-8695-815d1211d2fe.fieldLayouts.fc561d93-5d34-40b4-a588-f309aeb64350.tabs.3.elements.6.required', 'false');
INSERT INTO public.projectconfig (path, value) VALUES ('entryTypes.5f92a88d-eede-41f6-8695-815d1211d2fe.fieldLayouts.fc561d93-5d34-40b4-a588-f309aeb64350.tabs.3.elements.6.tip', 'null');
INSERT INTO public.projectconfig (path, value) VALUES ('entryTypes.5f92a88d-eede-41f6-8695-815d1211d2fe.fieldLayouts.fc561d93-5d34-40b4-a588-f309aeb64350.tabs.3.elements.6.type', '"craft\\fieldlayoutelements\\CustomField"');
INSERT INTO public.projectconfig (path, value) VALUES ('entryTypes.5f92a88d-eede-41f6-8695-815d1211d2fe.fieldLayouts.fc561d93-5d34-40b4-a588-f309aeb64350.tabs.3.elements.6.warning', 'null');
INSERT INTO public.projectconfig (path, value) VALUES ('entryTypes.5f92a88d-eede-41f6-8695-815d1211d2fe.fieldLayouts.fc561d93-5d34-40b4-a588-f309aeb64350.tabs.3.elements.6.width', '100');
INSERT INTO public.projectconfig (path, value) VALUES ('entryTypes.5f92a88d-eede-41f6-8695-815d1211d2fe.fieldLayouts.fc561d93-5d34-40b4-a588-f309aeb64350.tabs.3.name', '"Soziale Netzwerke"');
INSERT INTO public.projectconfig (path, value) VALUES ('entryTypes.5f92a88d-eede-41f6-8695-815d1211d2fe.fieldLayouts.fc561d93-5d34-40b4-a588-f309aeb64350.tabs.3.sortOrder', '4');
INSERT INTO public.projectconfig (path, value) VALUES ('entryTypes.5f92a88d-eede-41f6-8695-815d1211d2fe.handle', '"exhibitors"');
INSERT INTO public.projectconfig (path, value) VALUES ('entryTypes.5f92a88d-eede-41f6-8695-815d1211d2fe.hasTitleField', 'true');
INSERT INTO public.projectconfig (path, value) VALUES ('entryTypes.5f92a88d-eede-41f6-8695-815d1211d2fe.name', '"Aussteller"');
INSERT INTO public.projectconfig (path, value) VALUES ('entryTypes.5f92a88d-eede-41f6-8695-815d1211d2fe.section', '"1b0aae41-58ef-4c4b-8749-6e8a8c98221d"');
INSERT INTO public.projectconfig (path, value) VALUES ('entryTypes.5f92a88d-eede-41f6-8695-815d1211d2fe.sortOrder', '2');
INSERT INTO public.projectconfig (path, value) VALUES ('entryTypes.5f92a88d-eede-41f6-8695-815d1211d2fe.titleFormat', 'null');
INSERT INTO public.projectconfig (path, value) VALUES ('entryTypes.5f92a88d-eede-41f6-8695-815d1211d2fe.titleTranslationKeyFormat', 'null');
INSERT INTO public.projectconfig (path, value) VALUES ('entryTypes.5f92a88d-eede-41f6-8695-815d1211d2fe.titleTranslationMethod', '"none"');
INSERT INTO public.projectconfig (path, value) VALUES ('graphql.schemas.e5041870-fbde-43c9-97ce-9950766b32e5.scope.9', '"entrytypes.f2313657-ca71-492d-9931-0f1a1c49cdce:read"');
INSERT INTO public.projectconfig (path, value) VALUES ('graphql.schemas.e5041870-fbde-43c9-97ce-9950766b32e5.scope.10', '"sections.2a038e37-6c48-4746-8b6d-b27fabf7972f:read"');
INSERT INTO public.projectconfig (path, value) VALUES ('graphql.schemas.e5041870-fbde-43c9-97ce-9950766b32e5.scope.11', '"entrytypes.e93d03f4-73b1-4675-b5f7-1aff6d7f7a63:read"');
INSERT INTO public.projectconfig (path, value) VALUES ('graphql.schemas.e5041870-fbde-43c9-97ce-9950766b32e5.scope.12', '"sections.06745480-8d8c-4976-934e-dc80b2ab5632:read"');
INSERT INTO public.projectconfig (path, value) VALUES ('graphql.schemas.e5041870-fbde-43c9-97ce-9950766b32e5.scope.13', '"entrytypes.75c0a1e7-4014-4664-ac9e-01d4114becdc:read"');
INSERT INTO public.projectconfig (path, value) VALUES ('graphql.schemas.e5041870-fbde-43c9-97ce-9950766b32e5.scope.14', '"volumes.24c25c8a-80ea-4d24-ad72-d168a19e07cd:read"');
INSERT INTO public.projectconfig (path, value) VALUES ('graphql.schemas.e5041870-fbde-43c9-97ce-9950766b32e5.scope.15', '"volumes.6d6fb726-ec98-4924-a4c4-0d5e30359a91:read"');
INSERT INTO public.projectconfig (path, value) VALUES ('graphql.schemas.e5041870-fbde-43c9-97ce-9950766b32e5.scope.16', '"volumes.6ccb6428-fc6d-4868-a8e1-17eefa4bfbb7:read"');
INSERT INTO public.projectconfig (path, value) VALUES ('graphql.schemas.e5041870-fbde-43c9-97ce-9950766b32e5.scope.17', '"categorygroups.61b9cdf6-219a-4096-b35b-538d624e1ba9:read"');
INSERT INTO public.projectconfig (path, value) VALUES ('graphql.schemas.e5041870-fbde-43c9-97ce-9950766b32e5.scope.18', '"categorygroups.68aee50b-ea3a-4325-aed3-211fef3f4db3:read"');
INSERT INTO public.projectconfig (path, value) VALUES ('graphql.schemas.e5041870-fbde-43c9-97ce-9950766b32e5.scope.19', '"categorygroups.c01c0c86-571a-4af8-a30b-622e93d627d3:read"');


--
-- Data for Name: queue; Type: TABLE DATA; Schema: public; Owner: -
--

INSERT INTO public.queue (id, channel, job, description, "timePushed", ttr, delay, priority, "dateReserved", "timeUpdated", progress, "progressLabel", attempt, fail, "dateFailed", error) VALUES (445, 'queue', '\x4f3a33343a2263726166745c71756575655c6a6f62735c557064617465536561726368496e646578223a373a7b733a31313a22656c656d656e7454797065223b733a32303a2263726166745c656c656d656e74735c456e747279223b733a393a22656c656d656e744964223b693a3231323b733a363a22736974654964223b693a323b733a31323a226669656c6448616e646c6573223b613a353a7b693a303b733a31303a227468756d62696d616765223b693a313b733a31343a2270726f647563745f696d61676573223b693a323b733a383a22626f64795f726177223b693a333b733a373a2277656273697465223b693a343b733a31363a2270726f64756b745f63617465676f7279223b7d733a31313a226465736372697074696f6e223b4e3b733a33303a220063726166745c71756575655c426173654a6f62005f70726f6772657373223b693a303b733a33353a220063726166745c71756575655c426173654a6f62005f70726f67726573734c6162656c223b4e3b7d', 'Aktualisiere Suchindexe', 1612195327, 300, 0, 1024, NULL, NULL, 0, NULL, NULL, false, NULL, NULL);
INSERT INTO public.queue (id, channel, job, description, "timePushed", ttr, delay, priority, "dateReserved", "timeUpdated", progress, "progressLabel", attempt, fail, "dateFailed", error) VALUES (446, 'queue', '\x4f3a33343a2263726166745c71756575655c6a6f62735c557064617465536561726368496e646578223a373a7b733a31313a22656c656d656e7454797065223b733a32303a2263726166745c656c656d656e74735c456e747279223b733a393a22656c656d656e744964223b693a3231323b733a363a22736974654964223b733a313a222a223b733a31323a226669656c6448616e646c6573223b613a303a7b7d733a31313a226465736372697074696f6e223b4e3b733a33303a220063726166745c71756575655c426173654a6f62005f70726f6772657373223b693a303b733a33353a220063726166745c71756575655c426173654a6f62005f70726f67726573734c6162656c223b4e3b7d', 'Aktualisiere Suchindexe', 1612195327, 300, 0, 1024, NULL, NULL, 0, NULL, NULL, false, NULL, NULL);


--
-- Data for Name: relations; Type: TABLE DATA; Schema: public; Owner: -
--

INSERT INTO public.relations (id, "fieldId", "sourceId", "sourceSiteId", "targetId", "sortOrder", "dateCreated", "dateUpdated", uid) VALUES (104, 14, 155, NULL, 138, 1, '2021-01-22 15:34:39', '2021-01-22 15:34:39', '98fed984-1478-4dde-8795-e2e3062c5298');
INSERT INTO public.relations (id, "fieldId", "sourceId", "sourceSiteId", "targetId", "sortOrder", "dateCreated", "dateUpdated", uid) VALUES (105, 14, 155, NULL, 139, 2, '2021-01-22 15:34:39', '2021-01-22 15:34:39', '6af22c58-4865-4c95-a610-04c26ce6e0d0');
INSERT INTO public.relations (id, "fieldId", "sourceId", "sourceSiteId", "targetId", "sortOrder", "dateCreated", "dateUpdated", uid) VALUES (113, 53, 196, NULL, 197, 1, '2021-01-27 15:42:30', '2021-01-27 15:42:30', '6af6fea1-76e8-4815-801b-e5b858a3db06');


--
-- Data for Name: resourcepaths; Type: TABLE DATA; Schema: public; Owner: -
--

INSERT INTO public.resourcepaths (hash, path) VALUES ('dc6539c', '@app/web/assets/updateswidget/dist');
INSERT INTO public.resourcepaths (hash, path) VALUES ('572a7dc1', '@app/web/assets/feed/dist');
INSERT INTO public.resourcepaths (hash, path) VALUES ('85b2c8e0', '@app/web/assets/edituser/dist');
INSERT INTO public.resourcepaths (hash, path) VALUES ('a7fdf164', '@lib/timepicker');
INSERT INTO public.resourcepaths (hash, path) VALUES ('354ff5d', '@app/web/assets/craftsupport/dist');
INSERT INTO public.resourcepaths (hash, path) VALUES ('ed3c7833', '@app/web/assets/dashboard/dist');
INSERT INTO public.resourcepaths (hash, path) VALUES ('53bf865e', '@app/web/assets/cp/dist');
INSERT INTO public.resourcepaths (hash, path) VALUES ('71091120', '@lib/jquery-ui');
INSERT INTO public.resourcepaths (hash, path) VALUES ('c332f654', '@lib/prismjs');
INSERT INTO public.resourcepaths (hash, path) VALUES ('f83c78c1', '@app/web/assets/edituser/dist');
INSERT INTO public.resourcepaths (hash, path) VALUES ('7048e3bd', '@app/web/assets/updateswidget/dist');
INSERT INTO public.resourcepaths (hash, path) VALUES ('7bde5169', '@lib/axios');
INSERT INTO public.resourcepaths (hash, path) VALUES ('52ae5cc7', '@app/web/assets/userpermissions/dist');
INSERT INTO public.resourcepaths (hash, path) VALUES ('32ed8ee4', '@craft/web/assets/editentry/dist');
INSERT INTO public.resourcepaths (hash, path) VALUES ('ba6d4081', '@lib/fileupload');
INSERT INTO public.resourcepaths (hash, path) VALUES ('93055a3a', '@craft/web/assets/fields/dist');
INSERT INTO public.resourcepaths (hash, path) VALUES ('a5217dbd', '@lib/jquery-touch-events');
INSERT INTO public.resourcepaths (hash, path) VALUES ('c3687004', '@lib/timepicker');
INSERT INTO public.resourcepaths (hash, path) VALUES ('cd5f1ed3', '@craft/redactor/assets/redactor/dist');
INSERT INTO public.resourcepaths (hash, path) VALUES ('4c4a74ee', '@app/web/assets/utilities/dist');
INSERT INTO public.resourcepaths (hash, path) VALUES ('ef58cbe7', '@lib/datepicker-i18n');
INSERT INTO public.resourcepaths (hash, path) VALUES ('b3f9bc63', '@app/web/assets/admintable/dist');
INSERT INTO public.resourcepaths (hash, path) VALUES ('94c4f97', '@craft/web/assets/edituser/dist');
INSERT INTO public.resourcepaths (hash, path) VALUES ('2a0f2301', '@app/web/assets/login/dist');
INSERT INTO public.resourcepaths (hash, path) VALUES ('7075cdc2', '@craft/web/assets/editsection/dist');
INSERT INTO public.resourcepaths (hash, path) VALUES ('5635f21c', '@lib/vue');
INSERT INTO public.resourcepaths (hash, path) VALUES ('64ec8fac', '@app/web/assets/generalsettings/dist');
INSERT INTO public.resourcepaths (hash, path) VALUES ('cd0be30c', '@craft/web/assets/recententries/dist');
INSERT INTO public.resourcepaths (hash, path) VALUES ('4169f8c6', '@app/web/assets/assetindexes/dist');
INSERT INTO public.resourcepaths (hash, path) VALUES ('4ef2a1d3', '@app/web/assets/recententries/dist');
INSERT INTO public.resourcepaths (hash, path) VALUES ('35097b54', '@app/web/assets/pluginstore/dist');
INSERT INTO public.resourcepaths (hash, path) VALUES ('6b89c06f', '@craft/redactor/assets/field/dist');
INSERT INTO public.resourcepaths (hash, path) VALUES ('f2c1b742', '@app/web/assets/updates/dist');
INSERT INTO public.resourcepaths (hash, path) VALUES ('2aa4cde0', '@app/web/assets/feed/dist');
INSERT INTO public.resourcepaths (hash, path) VALUES ('1d9301a3', '@app/web/assets/updater/dist');
INSERT INTO public.resourcepaths (hash, path) VALUES ('2e31367f', '@app/web/assets/cp/dist');
INSERT INTO public.resourcepaths (hash, path) VALUES ('32a0737c', '@lib/vue');
INSERT INTO public.resourcepaths (hash, path) VALUES ('1f4bd009', '@lib/axios');
INSERT INTO public.resourcepaths (hash, path) VALUES ('c8b5e04e', '@lib/d3');
INSERT INTO public.resourcepaths (hash, path) VALUES ('541d576b', '@craft/web/assets/craftsupport/dist');
INSERT INTO public.resourcepaths (hash, path) VALUES ('2f20ece6', '@app/web/assets/userpermissions/dist');
INSERT INTO public.resourcepaths (hash, path) VALUES ('652a576d', '@lib/element-resize-detector');
INSERT INTO public.resourcepaths (hash, path) VALUES ('fb08f7c8', '@lib/garnishjs');
INSERT INTO public.resourcepaths (hash, path) VALUES ('4abafc98', '@bower/jquery/dist');
INSERT INTO public.resourcepaths (hash, path) VALUES ('c1b4fcdd', '@lib/jquery-touch-events');
INSERT INTO public.resourcepaths (hash, path) VALUES ('5b350be5', '@lib/velocity');
INSERT INTO public.resourcepaths (hash, path) VALUES ('159c9040', '@lib/jquery-ui');
INSERT INTO public.resourcepaths (hash, path) VALUES ('4712a40d', '@lib/jquery.payment');
INSERT INTO public.resourcepaths (hash, path) VALUES ('8bcd4a87', '@lib/datepicker-i18n');
INSERT INTO public.resourcepaths (hash, path) VALUES ('c610c01f', '@lib/picturefill');
INSERT INTO public.resourcepaths (hash, path) VALUES ('926eed9b', '@lib/selectize');
INSERT INTO public.resourcepaths (hash, path) VALUES ('def8c1e1', '@lib/fileupload');
INSERT INTO public.resourcepaths (hash, path) VALUES ('9802a911', '@lib/xregexp');
INSERT INTO public.resourcepaths (hash, path) VALUES ('ee4e23f6', '@lib/fabric');
INSERT INTO public.resourcepaths (hash, path) VALUES ('d25bfef6', '@lib/iframe-resizer');
INSERT INTO public.resourcepaths (hash, path) VALUES ('ade5d21a', '@craft/web/assets/sites/dist');
INSERT INTO public.resourcepaths (hash, path) VALUES ('fe85ebf6', '@craft/redactor/assets/redactor/dist');
INSERT INTO public.resourcepaths (hash, path) VALUES ('124b4ce4', '@craft/web/assets/dashboard/dist');
INSERT INTO public.resourcepaths (hash, path) VALUES ('cd9aba33', '@app/web/assets/editentry/dist');
INSERT INTO public.resourcepaths (hash, path) VALUES ('ac20612e', '@lib/d3');
INSERT INTO public.resourcepaths (hash, path) VALUES ('5301a7bc', '@craft/redactor/assets/redactor-plugins/dist/fullscreen');
INSERT INTO public.resourcepaths (hash, path) VALUES ('c32229ac', '@app/web/assets/clearcaches/dist');
INSERT INTO public.resourcepaths (hash, path) VALUES ('5c1be0a6', '@craft/web/assets/login/dist');
INSERT INTO public.resourcepaths (hash, path) VALUES ('57819320', '@app/web/assets/login/dist');
INSERT INTO public.resourcepaths (hash, path) VALUES ('fcd0f855', '@craft/redactor/assets/redactor-plugins/dist/video');
INSERT INTO public.resourcepaths (hash, path) VALUES ('62564c0a', '@app/web/assets/graphiql/dist');
INSERT INTO public.resourcepaths (hash, path) VALUES ('3fa08a85', '@lib/velocity');
INSERT INTO public.resourcepaths (hash, path) VALUES ('7eda4f7c', '@app/web/assets/craftsupport/dist');
INSERT INTO public.resourcepaths (hash, path) VALUES ('9a2ba2ef', '@craft/web/assets/admintable/dist');
INSERT INTO public.resourcepaths (hash, path) VALUES ('d2798501', '@app/web/assets/plugins/dist');
INSERT INTO public.resourcepaths (hash, path) VALUES ('a285417f', '@lib/picturefill');
INSERT INTO public.resourcepaths (hash, path) VALUES ('93267b5c', '@craft/web/assets/graphiql/dist');
INSERT INTO public.resourcepaths (hash, path) VALUES ('337c11f2', '@app/web/assets/recententries/dist');
INSERT INTO public.resourcepaths (hash, path) VALUES ('fef2823b', '@craft/web/assets/fieldsettings/dist');
INSERT INTO public.resourcepaths (hash, path) VALUES ('8adba296', '@lib/fabric');
INSERT INTO public.resourcepaths (hash, path) VALUES ('601db182', '@app/web/assets/updater/dist');
INSERT INTO public.resourcepaths (hash, path) VALUES ('fa9ef539', '@craft/web/assets/generalsettings/dist');
INSERT INTO public.resourcepaths (hash, path) VALUES ('2387256d', '@lib/jquery.payment');
INSERT INTO public.resourcepaths (hash, path) VALUES ('90b2c812', '@app/web/assets/dashboard/dist');
INSERT INTO public.resourcepaths (hash, path) VALUES ('fc972871', '@lib/xregexp');
INSERT INTO public.resourcepaths (hash, path) VALUES ('4887cb75', '@app/web/assets/pluginstore/dist');
INSERT INTO public.resourcepaths (hash, path) VALUES ('2e2f7df8', '@bower/jquery/dist');
INSERT INTO public.resourcepaths (hash, path) VALUES ('f3b1a162', '@craft/web/assets/updateswidget/dist');
INSERT INTO public.resourcepaths (hash, path) VALUES ('b1529673', '@craft/web/assets/userpermissions/dist');
INSERT INTO public.resourcepaths (hash, path) VALUES ('b33d4039', '@craft/web/assets/utilities/dist');
INSERT INTO public.resourcepaths (hash, path) VALUES ('6b086a2f', '@craft/web/assets/feed/dist');
INSERT INTO public.resourcepaths (hash, path) VALUES ('a67fa19c', '@app/web/assets/sites/dist');
INSERT INTO public.resourcepaths (hash, path) VALUES ('b6ce7f96', '@lib/iframe-resizer');
INSERT INTO public.resourcepaths (hash, path) VALUES ('cf0a0d70', '@craft/redactor/assets/redactor-plugins/dist/video');
INSERT INTO public.resourcepaths (hash, path) VALUES ('1bfd60d', '@lib/element-resize-detector');
INSERT INTO public.resourcepaths (hash, path) VALUES ('a7a77734', '@lib/prismjs');
INSERT INTO public.resourcepaths (hash, path) VALUES ('e0b4488e', '@craft/web/assets/pluginstore/dist');
INSERT INTO public.resourcepaths (hash, path) VALUES ('ce770c42', '@app/web/assets/admintable/dist');
INSERT INTO public.resourcepaths (hash, path) VALUES ('2b9a13b2', '@craft/web/assets/updates/dist');
INSERT INTO public.resourcepaths (hash, path) VALUES ('9f9d76a8', '@lib/garnishjs');
INSERT INTO public.resourcepaths (hash, path) VALUES ('c4c8a553', '@craft/web/assets/updater/dist');
INSERT INTO public.resourcepaths (hash, path) VALUES ('b0140a12', '@app/web/assets/editentry/dist');
INSERT INTO public.resourcepaths (hash, path) VALUES ('76ac91d0', '@craft/web/assets/plugins/dist');
INSERT INTO public.resourcepaths (hash, path) VALUES ('e9cf78f3', '@craft/web/assets/cp/dist');
INSERT INTO public.resourcepaths (hash, path) VALUES ('9e19a20e', '@app/web/assets/queuemanager/dist');
INSERT INTO public.resourcepaths (hash, path) VALUES ('8f4f0763', '@app/web/assets/updates/dist');
INSERT INTO public.resourcepaths (hash, path) VALUES ('f6fb6cfb', '@lib/selectize');
INSERT INTO public.resourcepaths (hash, path) VALUES ('31c4c4cf', '@app/web/assets/utilities/dist');
INSERT INTO public.resourcepaths (hash, path) VALUES ('3afde3b0', '@app/web/assets/utilities/dist');
INSERT INTO public.resourcepaths (hash, path) VALUES ('60db5299', '@craft/redactor/assets/redactor-plugins/dist/fullscreen');
INSERT INTO public.resourcepaths (hash, path) VALUES ('8dbf6096', '@lib/garnishjs');
INSERT INTO public.resourcepaths (hash, path) VALUES ('be027710', '@lib/d3');
INSERT INTO public.resourcepaths (hash, path) VALUES ('2d829cbb', '@lib/velocity');
INSERT INTO public.resourcepaths (hash, path) VALUES ('ad4686e3', '@app/web/assets/sites/dist');
INSERT INTO public.resourcepaths (hash, path) VALUES ('5cb8b45f', '@app/web/assets/login/dist');
INSERT INTO public.resourcepaths (hash, path) VALUES ('3c0d6bc6', '@bower/jquery/dist');
INSERT INTO public.resourcepaths (hash, path) VALUES ('69fc4757', '@lib/axios');
INSERT INTO public.resourcepaths (hash, path) VALUES ('6343b8a0', '@app/web/assets/findreplace/dist');
INSERT INTO public.resourcepaths (hash, path) VALUES ('696f6b75', '@app/web/assets/graphiql/dist');
INSERT INTO public.resourcepaths (hash, path) VALUES ('6c794890', '@app/web/assets/tablesettings/dist');
INSERT INTO public.resourcepaths (hash, path) VALUES ('e9094f35', '@lib/axios');
INSERT INTO public.resourcepaths (hash, path) VALUES ('bb2d2d6d', '@app/web/assets/editentry/dist');
INSERT INTO public.resourcepaths (hash, path) VALUES ('3ef77f72', '@lib/d3');
INSERT INTO public.resourcepaths (hash, path) VALUES ('9368c851', '@lib/element-resize-detector');
INSERT INTO public.resourcepaths (hash, path) VALUES ('d4a68f4', '@lib/garnishjs');
INSERT INTO public.resourcepaths (hash, path) VALUES ('259ef320', '@lib/jquery-ui');
INSERT INTO public.resourcepaths (hash, path) VALUES ('f5166061', '@app/web/assets/craftsupport/dist');
INSERT INTO public.resourcepaths (hash, path) VALUES ('fb84cca0', '@app/web/assets/updateswidget/dist');
INSERT INTO public.resourcepaths (hash, path) VALUES ('c54e2b3d', '@app/web/assets/admintable/dist');
INSERT INTO public.resourcepaths (hash, path) VALUES ('71436862', '@app/web/assets/systemmessages/dist');
INSERT INTO public.resourcepaths (hash, path) VALUES ('a168e2fd', '@app/web/assets/feed/dist');
INSERT INTO public.resourcepaths (hash, path) VALUES ('1b7ee70f', '@app/web/assets/dashboard/dist');
INSERT INTO public.resourcepaths (hash, path) VALUES ('219dea9f', '@app/web/assets/feed/dist');
INSERT INTO public.resourcepaths (hash, path) VALUES ('37f663e1', '@lib/jquery-touch-events');
INSERT INTO public.resourcepaths (hash, path) VALUES ('ad7794d9', '@lib/velocity');
INSERT INTO public.resourcepaths (hash, path) VALUES ('e3de0f7c', '@lib/jquery-ui');
INSERT INTO public.resourcepaths (hash, path) VALUES ('b585610a', '@lib/prismjs');
INSERT INTO public.resourcepaths (hash, path) VALUES ('299c22e4', '@app/web/assets/fieldsettings/dist');
INSERT INTO public.resourcepaths (hash, path) VALUES ('d14a663a', '@lib/timepicker');
INSERT INTO public.resourcepaths (hash, path) VALUES ('b1503b31', '@lib/jquery.payment');
INSERT INTO public.resourcepaths (hash, path) VALUES ('2436682c', '@app/web/assets/dbbackup/dist');
INSERT INTO public.resourcepaths (hash, path) VALUES ('7d8fd5bb', '@lib/datepicker-i18n');
INSERT INTO public.resourcepaths (hash, path) VALUES ('30525f23', '@lib/picturefill');
INSERT INTO public.resourcepaths (hash, path) VALUES ('4417e422', '@lib/vue');
INSERT INTO public.resourcepaths (hash, path) VALUES ('642c72a7', '@lib/selectize');
INSERT INTO public.resourcepaths (hash, path) VALUES ('28ba5edd', '@lib/fileupload');
INSERT INTO public.resourcepaths (hash, path) VALUES ('6e40362d', '@lib/xregexp');
INSERT INTO public.resourcepaths (hash, path) VALUES ('180cbcca', '@lib/fabric');
INSERT INTO public.resourcepaths (hash, path) VALUES ('241961ca', '@lib/iframe-resizer');
INSERT INTO public.resourcepaths (hash, path) VALUES ('dc4dbc3d', '@app/web/assets/login/dist');
INSERT INTO public.resourcepaths (hash, path) VALUES ('c342045c', '@app/web/assets/fields/dist');
INSERT INTO public.resourcepaths (hash, path) VALUES ('5886a121', '@app/web/assets/cp/dist');
INSERT INTO public.resourcepaths (hash, path) VALUES ('139dc033', '@lib/element-resize-detector');
INSERT INTO public.resourcepaths (hash, path) VALUES ('b7036b83', '@lib/jquery-touch-events');
INSERT INTO public.resourcepaths (hash, path) VALUES ('d940a27e', '@app/web/assets/plugins/dist');
INSERT INTO public.resourcepaths (hash, path) VALUES ('f3055fbe', '@app/web/assets/edituser/dist');
INSERT INTO public.resourcepaths (hash, path) VALUES ('632b071e', '@lib/jquery-ui');
INSERT INTO public.resourcepaths (hash, path) VALUES ('c81b0ed3', '@app/web/assets/clearcaches/dist');
INSERT INTO public.resourcepaths (hash, path) VALUES ('45cb86ac', '@app/web/assets/recententries/dist');
INSERT INTO public.resourcepaths (hash, path) VALUES ('bc73677', '@vendor/yiisoft/yii2/assets');
INSERT INTO public.resourcepaths (hash, path) VALUES ('d37f6946', '@app/web/assets/editsection/dist');
INSERT INTO public.resourcepaths (hash, path) VALUES ('31a53353', '@lib/jquery.payment');
INSERT INTO public.resourcepaths (hash, path) VALUES ('fd7addd9', '@lib/datepicker-i18n');
INSERT INTO public.resourcepaths (hash, path) VALUES ('e27a0ff6', '@yii/debug/assets');
INSERT INTO public.resourcepaths (hash, path) VALUES ('b0a75741', '@lib/picturefill');
INSERT INTO public.resourcepaths (hash, path) VALUES ('e4d97ac5', '@lib/selectize');
INSERT INTO public.resourcepaths (hash, path) VALUES ('a84f56bf', '@lib/fileupload');
INSERT INTO public.resourcepaths (hash, path) VALUES ('eeb53e4f', '@lib/xregexp');
INSERT INTO public.resourcepaths (hash, path) VALUES ('98f9b4a8', '@lib/fabric');
INSERT INTO public.resourcepaths (hash, path) VALUES ('a4ec69a8', '@lib/iframe-resizer');
INSERT INTO public.resourcepaths (hash, path) VALUES ('8476201c', '@app/web/assets/updates/dist');
INSERT INTO public.resourcepaths (hash, path) VALUES ('2a2101c', '@lib/vue');
INSERT INTO public.resourcepaths (hash, path) VALUES ('43beec0a', '@app/web/assets/pluginstore/dist');
INSERT INTO public.resourcepaths (hash, path) VALUES ('95208571', '@app/web/assets/queuemanager/dist');
INSERT INTO public.resourcepaths (hash, path) VALUES ('2419cb99', '@app/web/assets/userpermissions/dist');
INSERT INTO public.resourcepaths (hash, path) VALUES ('75e36803', '@app/web/assets/craftsupport/dist');
INSERT INTO public.resourcepaths (hash, path) VALUES ('9b8bef6d', '@app/web/assets/dashboard/dist');
INSERT INTO public.resourcepaths (hash, path) VALUES ('655326cf', '@app/web/assets/utilities/dist');
INSERT INTO public.resourcepaths (hash, path) VALUES ('45bb235f', '@app/web/assets/admintable/dist');
INSERT INTO public.resourcepaths (hash, path) VALUES ('bcf863a4', '@bower/jquery/dist');
INSERT INTO public.resourcepaths (hash, path) VALUES ('d873a943', '@app/web/assets/cp/dist');
INSERT INTO public.resourcepaths (hash, path) VALUES ('de4c4096', '@lib/fabric');
INSERT INTO public.resourcepaths (hash, path) VALUES ('ba08ebd2', '@app/web/assets/utilities/dist');
INSERT INTO public.resourcepaths (hash, path) VALUES ('6fd5a8d3', '@app/web/assets/generalsettings/dist');
INSERT INTO public.resourcepaths (hash, path) VALUES ('7ab89ff8', '@bower/jquery/dist');
INSERT INTO public.resourcepaths (hash, path) VALUES ('7b71c4c2', '@app/web/assets/updateswidget/dist');
INSERT INTO public.resourcepaths (hash, path) VALUES ('3167120', '@app/web/assets/login/dist');
INSERT INTO public.resourcepaths (hash, path) VALUES ('dbd8e563', '@app/web/assets/updates/dist');
INSERT INTO public.resourcepaths (hash, path) VALUES ('4ff97b8f', '@app/web/assets/matrixsettings/dist');
INSERT INTO public.resourcepaths (hash, path) VALUES ('1a6543d3', '@app/web/assets/recententries/dist');
INSERT INTO public.resourcepaths (hash, path) VALUES ('c5b93817', '@app/web/assets/deprecationerrors/dist');
INSERT INTO public.resourcepaths (hash, path) VALUES ('c53e8ece', '@app/web/assets/recententries/dist');
INSERT INTO public.resourcepaths (hash, path) VALUES ('bbcf29e7', '@lib/datepicker-i18n');
INSERT INTO public.resourcepaths (hash, path) VALUES ('48ee06b1', '@app/web/assets/clearcaches/dist');
INSERT INTO public.resourcepaths (hash, path) VALUES ('c4e2ec40', '@lib/vue');
INSERT INTO public.resourcepaths (hash, path) VALUES ('f8b7832e', '@lib/d3');
INSERT INTO public.resourcepaths (hash, path) VALUES ('2f49b369', '@lib/axios');
INSERT INTO public.resourcepaths (hash, path) VALUES ('83fbdf03', '@app/web/assets/admintable/dist');
INSERT INTO public.resourcepaths (hash, path) VALUES ('24df01bd', '@app/web/assets/updateswidget/dist');
INSERT INTO public.resourcepaths (hash, path) VALUES ('35706968', '@lib/prismjs');
INSERT INTO public.resourcepaths (hash, path) VALUES ('7710c76d', '@lib/jquery.payment');
INSERT INTO public.resourcepaths (hash, path) VALUES ('1e33551f', '@app/web/assets/cp/dist');
INSERT INTO public.resourcepaths (hash, path) VALUES ('483287e', '@app/web/assets/updates/dist');
INSERT INTO public.resourcepaths (hash, path) VALUES ('5528340d', '@lib/element-resize-detector');
INSERT INTO public.resourcepaths (hash, path) VALUES ('ca8e400e', '@app/web/assets/queuemanager/dist');
INSERT INTO public.resourcepaths (hash, path) VALUES ('2a4dad7c', '@app/web/assets/craftsupport/dist');
INSERT INTO public.resourcepaths (hash, path) VALUES ('8eaefaed', '@app/web/assets/clearcaches/dist');
INSERT INTO public.resourcepaths (hash, path) VALUES ('97ff9204', '@lib/timepicker');
INSERT INTO public.resourcepaths (hash, path) VALUES ('cb0a94a8', '@lib/garnishjs');
INSERT INTO public.resourcepaths (hash, path) VALUES ('8cd1ac39', '@app/web/assets/editsection/dist');
INSERT INTO public.resourcepaths (hash, path) VALUES ('f612a37f', '@lib/picturefill');
INSERT INTO public.resourcepaths (hash, path) VALUES ('e2599d96', '@lib/iframe-resizer');
INSERT INTO public.resourcepaths (hash, path) VALUES ('a26c8efb', '@lib/selectize');
INSERT INTO public.resourcepaths (hash, path) VALUES ('f1b69fbd', '@lib/jquery-touch-events');
INSERT INTO public.resourcepaths (hash, path) VALUES ('1c102975', '@app/web/assets/pluginstore/dist');
INSERT INTO public.resourcepaths (hash, path) VALUES ('ce52b87', '@app/web/assets/assetindexes/dist');
INSERT INTO public.resourcepaths (hash, path) VALUES ('e483e812', '@app/web/assets/editentry/dist');
INSERT INTO public.resourcepaths (hash, path) VALUES ('eefaa281', '@lib/fileupload');
INSERT INTO public.resourcepaths (hash, path) VALUES ('5853354a', '@craft/redactor/assets/field/dist');
INSERT INTO public.resourcepaths (hash, path) VALUES ('3ced7ddf', '@app/web/assets/findreplace/dist');
INSERT INTO public.resourcepaths (hash, path) VALUES ('f2e8439c', '@app/web/assets/sites/dist');
INSERT INTO public.resourcepaths (hash, path) VALUES ('7e332fe0', '@app/web/assets/feed/dist');
INSERT INTO public.resourcepaths (hash, path) VALUES ('f3309534', '@lib/prismjs');
INSERT INTO public.resourcepaths (hash, path) VALUES ('6b376885', '@lib/velocity');
INSERT INTO public.resourcepaths (hash, path) VALUES ('fb6da531', '@app/web/assets/dbbackup/dist');
INSERT INTO public.resourcepaths (hash, path) VALUES ('2e093c92', '@lib/garnishjs');
INSERT INTO public.resourcepaths (hash, path) VALUES ('c4252a12', '@app/web/assets/dashboard/dist');
INSERT INTO public.resourcepaths (hash, path) VALUES ('a800ca71', '@lib/xregexp');
INSERT INTO public.resourcepaths (hash, path) VALUES ('2eedad1d', '@app/web/assets/systemmessages/dist');
INSERT INTO public.resourcepaths (hash, path) VALUES ('8e34c0bf', '@lib/velocity');
INSERT INTO public.resourcepaths (hash, path) VALUES ('14b53787', '@lib/jquery-touch-events');
INSERT INTO public.resourcepaths (hash, path) VALUES ('9fbb37c2', '@bower/jquery/dist');
INSERT INTO public.resourcepaths (hash, path) VALUES ('92136f57', '@lib/jquery.payment');
INSERT INTO public.resourcepaths (hash, path) VALUES ('ca4a1b53', '@lib/axios');
INSERT INTO public.resourcepaths (hash, path) VALUES ('c09d5b1a', '@lib/jquery-ui');
INSERT INTO public.resourcepaths (hash, path) VALUES ('4bbb793d', '@storage/rebrand/icon');
INSERT INTO public.resourcepaths (hash, path) VALUES ('1db42b14', '@lib/d3');
INSERT INTO public.resourcepaths (hash, path) VALUES ('1ed3a37b', '@app/web/assets/utilities/dist');
INSERT INTO public.resourcepaths (hash, path) VALUES ('778fb1d5', '@lib/vue');
INSERT INTO public.resourcepaths (hash, path) VALUES ('3f672f3a', '@app/web/assets/pluginstore/dist');
INSERT INTO public.resourcepaths (hash, path) VALUES ('e1606bf6', '@app/web/assets/admintable/dist');
INSERT INTO public.resourcepaths (hash, path) VALUES ('a05860d7', '@app/web/assets/updates/dist');
INSERT INTO public.resourcepaths (hash, path) VALUES ('7ca8e1ea', '@app/web/assets/cp/dist');
INSERT INTO public.resourcepaths (hash, path) VALUES ('595ee1e2', '@vendor/yiisoft/yii2/assets');
INSERT INTO public.resourcepaths (hash, path) VALUES ('b8749ba2', '@yii/debug/assets');
INSERT INTO public.resourcepaths (hash, path) VALUES ('b02b9c37', '@lib/element-resize-detector');
INSERT INTO public.resourcepaths (hash, path) VALUES ('5ecc81dd', '@lib/datepicker-i18n');
INSERT INTO public.resourcepaths (hash, path) VALUES ('13110b45', '@lib/picturefill');
INSERT INTO public.resourcepaths (hash, path) VALUES ('476f26c1', '@lib/selectize');
INSERT INTO public.resourcepaths (hash, path) VALUES ('bf90abb', '@lib/fileupload');
INSERT INTO public.resourcepaths (hash, path) VALUES ('4d03624b', '@lib/xregexp');
INSERT INTO public.resourcepaths (hash, path) VALUES ('3b4fe8ac', '@lib/fabric');
INSERT INTO public.resourcepaths (hash, path) VALUES ('75a35ac', '@lib/iframe-resizer');
INSERT INTO public.resourcepaths (hash, path) VALUES ('4bfbe818', '@app/web/assets/generalsettings/dist');
INSERT INTO public.resourcepaths (hash, path) VALUES ('d72b1f75', '@app/web/assets/edituser/dist');
INSERT INTO public.resourcepaths (hash, path) VALUES ('378b52', '@app/web/assets/userpermissions/dist');
INSERT INTO public.resourcepaths (hash, path) VALUES ('7896f494', '@app/web/assets/login/dist');
INSERT INTO public.resourcepaths (hash, path) VALUES ('4f0ad636', '@app/web/assets/updater/dist');
INSERT INTO public.resourcepaths (hash, path) VALUES ('15b6a845', '@app/web/assets/graphiql/dist');
INSERT INTO public.resourcepaths (hash, path) VALUES ('c7f4ee5d', '@app/web/assets/editentry/dist');
INSERT INTO public.resourcepaths (hash, path) VALUES ('61e5c667', '@app/web/assets/recententries/dist');
INSERT INTO public.resourcepaths (hash, path) VALUES ('3912459c', '@app/web/assets/recententries/dist');
INSERT INTO public.resourcepaths (hash, path) VALUES ('6790acc1', '@app/web/assets/pluginstore/dist');
INSERT INTO public.resourcepaths (hash, path) VALUES ('9f036da6', '@app/web/assets/editentry/dist');
INSERT INTO public.resourcepaths (hash, path) VALUES ('6e7e9f72', '@app/web/assets/assetindexes/dist');
INSERT INTO public.resourcepaths (hash, path) VALUES ('51cd28c8', '@app/web/assets/craftsupport/dist');
INSERT INTO public.resourcepaths (hash, path) VALUES ('5b3aa54', '@app/web/assets/feed/dist');
INSERT INTO public.resourcepaths (hash, path) VALUES ('bfa5afa6', '@app/web/assets/dashboard/dist');
INSERT INTO public.resourcepaths (hash, path) VALUES ('fd6ee2b5', '@app/web/assets/plugins/dist');
INSERT INTO public.resourcepaths (hash, path) VALUES ('f8afe32c', '@app/web/assets/updates/dist');
INSERT INTO public.resourcepaths (hash, path) VALUES ('46242080', '@app/web/assets/utilities/dist');
INSERT INTO public.resourcepaths (hash, path) VALUES ('16333d0e', '@lib/prismjs');
INSERT INTO public.resourcepaths (hash, path) VALUES ('5a6412a0', '@lib/axios');
INSERT INTO public.resourcepaths (hash, path) VALUES ('8d9a22e7', '@lib/d3');
INSERT INTO public.resourcepaths (hash, path) VALUES ('c1a788df', '@app/web/assets/pluginstoreoauth/dist');
INSERT INTO public.resourcepaths (hash, path) VALUES ('200595c4', '@lib/element-resize-detector');
INSERT INTO public.resourcepaths (hash, path) VALUES ('5f5f8409', '@app/web/assets/updateswidget/dist');
INSERT INTO public.resourcepaths (hash, path) VALUES ('4d412bbe', '@app/web/assets/graphiql/dist');
INSERT INTO public.resourcepaths (hash, path) VALUES ('be273561', '@lib/garnishjs');
INSERT INTO public.resourcepaths (hash, path) VALUES ('861d34fd', '@lib/prismjs');
INSERT INTO public.resourcepaths (hash, path) VALUES ('e2d233cd', '@lib/timepicker');
INSERT INTO public.resourcepaths (hash, path) VALUES ('849b3e74', '@lib/jquery-touch-events');
INSERT INTO public.resourcepaths (hash, path) VALUES ('58c008a9', '@app/web/assets/userpermissions/dist');
INSERT INTO public.resourcepaths (hash, path) VALUES ('1e1ac94c', '@lib/velocity');
INSERT INTO public.resourcepaths (hash, path) VALUES ('50b352e9', '@lib/jquery-ui');
INSERT INTO public.resourcepaths (hash, path) VALUES ('93aab33', '@app/web/assets/craftsupport/dist');
INSERT INTO public.resourcepaths (hash, path) VALUES ('656c4794', '@bower/yii2-pjax');
INSERT INTO public.resourcepaths (hash, path) VALUES ('7a807f2', '@app/web/assets/updateswidget/dist');
INSERT INTO public.resourcepaths (hash, path) VALUES ('5d4429af', '@app/web/assets/feed/dist');
INSERT INTO public.resourcepaths (hash, path) VALUES ('e7522c5d', '@app/web/assets/dashboard/dist');
INSERT INTO public.resourcepaths (hash, path) VALUES ('8968c628', '@app/web/assets/sites/dist');
INSERT INTO public.resourcepaths (hash, path) VALUES ('e7a1b826', '@lib/vue');
INSERT INTO public.resourcepaths (hash, path) VALUES ('f6d67eca', '@app/web/assets/admintable/dist');
INSERT INTO public.resourcepaths (hash, path) VALUES ('23d66a4', '@lib/jquery.payment');
INSERT INTO public.resourcepaths (hash, path) VALUES ('cee2882e', '@lib/datepicker-i18n');
INSERT INTO public.resourcepaths (hash, path) VALUES ('8fdc9c8e', '@app/web/assets/edituser/dist');
INSERT INTO public.resourcepaths (hash, path) VALUES ('72fc3a3e', '@lib/timepicker');
INSERT INTO public.resourcepaths (hash, path) VALUES ('833f02b6', '@lib/picturefill');
INSERT INTO public.resourcepaths (hash, path) VALUES ('d7412f32', '@lib/selectize');
INSERT INTO public.resourcepaths (hash, path) VALUES ('9bd70348', '@lib/fileupload');
INSERT INTO public.resourcepaths (hash, path) VALUES ('dd2d6bb8', '@lib/xregexp');
INSERT INTO public.resourcepaths (hash, path) VALUES ('ab61e15f', '@lib/fabric');
INSERT INTO public.resourcepaths (hash, path) VALUES ('2061776f', '@app/web/assets/login/dist');
INSERT INTO public.resourcepaths (hash, path) VALUES ('97743c5f', '@lib/iframe-resizer');
INSERT INTO public.resourcepaths (hash, path) VALUES ('f953e31', '@bower/jquery/dist');
INSERT INTO public.resourcepaths (hash, path) VALUES ('6b1ef4d6', '@app/web/assets/cp/dist');


--
-- Data for Name: revisions; Type: TABLE DATA; Schema: public; Owner: -
--



--
-- Data for Name: searchindex; Type: TABLE DATA; Schema: public; Owner: -
--

INSERT INTO public.searchindex ("elementId", attribute, "fieldId", "siteId", keywords, keywords_vector) VALUES (206, 'username', 0, 1, ' stefan schwaneck ', '''schwaneck'' ''stefan''');
INSERT INTO public.searchindex ("elementId", attribute, "fieldId", "siteId", keywords, keywords_vector) VALUES (206, 'firstname', 0, 1, ' stefan ', '''stefan''');
INSERT INTO public.searchindex ("elementId", attribute, "fieldId", "siteId", keywords, keywords_vector) VALUES (174, 'slug', 0, 2, ' software ', '''software''');
INSERT INTO public.searchindex ("elementId", attribute, "fieldId", "siteId", keywords, keywords_vector) VALUES (174, 'title', 0, 2, ' software ', '''software''');
INSERT INTO public.searchindex ("elementId", attribute, "fieldId", "siteId", keywords, keywords_vector) VALUES (174, 'slug', 0, 1, ' software ', '''software''');
INSERT INTO public.searchindex ("elementId", attribute, "fieldId", "siteId", keywords, keywords_vector) VALUES (174, 'title', 0, 1, ' software ', '''software''');
INSERT INTO public.searchindex ("elementId", attribute, "fieldId", "siteId", keywords, keywords_vector) VALUES (206, 'lastname', 0, 1, ' schwaneck ', '''schwaneck''');
INSERT INTO public.searchindex ("elementId", attribute, "fieldId", "siteId", keywords, keywords_vector) VALUES (206, 'fullname', 0, 1, ' stefan schwaneck ', '''schwaneck'' ''stefan''');
INSERT INTO public.searchindex ("elementId", attribute, "fieldId", "siteId", keywords, keywords_vector) VALUES (206, 'email', 0, 1, ' s schwaneck vdw de ', '''de'' ''s'' ''schwaneck'' ''vdw''');
INSERT INTO public.searchindex ("elementId", attribute, "fieldId", "siteId", keywords, keywords_vector) VALUES (206, 'slug', 0, 1, '', '');
INSERT INTO public.searchindex ("elementId", attribute, "fieldId", "siteId", keywords, keywords_vector) VALUES (178, 'slug', 0, 2, ' milano ', '''milano''');
INSERT INTO public.searchindex ("elementId", attribute, "fieldId", "siteId", keywords, keywords_vector) VALUES (178, 'title', 0, 2, ' milano ', '''milano''');
INSERT INTO public.searchindex ("elementId", attribute, "fieldId", "siteId", keywords, keywords_vector) VALUES (178, 'slug', 0, 1, ' milano ', '''milano''');
INSERT INTO public.searchindex ("elementId", attribute, "fieldId", "siteId", keywords, keywords_vector) VALUES (178, 'title', 0, 1, ' milano ', '''milano''');
INSERT INTO public.searchindex ("elementId", attribute, "fieldId", "siteId", keywords, keywords_vector) VALUES (207, 'username', 0, 1, ' sebastian noell ', '''noell'' ''sebastian''');
INSERT INTO public.searchindex ("elementId", attribute, "fieldId", "siteId", keywords, keywords_vector) VALUES (207, 'firstname', 0, 1, ' sebastian ', '''sebastian''');
INSERT INTO public.searchindex ("elementId", attribute, "fieldId", "siteId", keywords, keywords_vector) VALUES (207, 'lastname', 0, 1, ' noell ', '''noell''');
INSERT INTO public.searchindex ("elementId", attribute, "fieldId", "siteId", keywords, keywords_vector) VALUES (207, 'fullname', 0, 1, ' sebastian noell ', '''noell'' ''sebastian''');
INSERT INTO public.searchindex ("elementId", attribute, "fieldId", "siteId", keywords, keywords_vector) VALUES (207, 'email', 0, 1, ' noell 4ft de ', '''4ft'' ''de'' ''noell''');
INSERT INTO public.searchindex ("elementId", attribute, "fieldId", "siteId", keywords, keywords_vector) VALUES (207, 'slug', 0, 1, '', '');
INSERT INTO public.searchindex ("elementId", attribute, "fieldId", "siteId", keywords, keywords_vector) VALUES (175, 'slug', 0, 2, ' intern ', '''intern''');
INSERT INTO public.searchindex ("elementId", attribute, "fieldId", "siteId", keywords, keywords_vector) VALUES (175, 'title', 0, 2, ' intern ', '''intern''');
INSERT INTO public.searchindex ("elementId", attribute, "fieldId", "siteId", keywords, keywords_vector) VALUES (175, 'slug', 0, 1, ' intern ', '''intern''');
INSERT INTO public.searchindex ("elementId", attribute, "fieldId", "siteId", keywords, keywords_vector) VALUES (175, 'title', 0, 1, ' intern ', '''intern''');
INSERT INTO public.searchindex ("elementId", attribute, "fieldId", "siteId", keywords, keywords_vector) VALUES (1, 'username', 0, 1, ' dev industryarena com ', '''com'' ''dev'' ''industryarena''');
INSERT INTO public.searchindex ("elementId", attribute, "fieldId", "siteId", keywords, keywords_vector) VALUES (1, 'firstname', 0, 1, ' laura ', '''laura''');
INSERT INTO public.searchindex ("elementId", attribute, "fieldId", "siteId", keywords, keywords_vector) VALUES (1, 'lastname', 0, 1, ' meister ', '''meister''');
INSERT INTO public.searchindex ("elementId", attribute, "fieldId", "siteId", keywords, keywords_vector) VALUES (1, 'fullname', 0, 1, ' laura meister ', '''laura'' ''meister''');
INSERT INTO public.searchindex ("elementId", attribute, "fieldId", "siteId", keywords, keywords_vector) VALUES (1, 'email', 0, 1, ' dev industryarena com ', '''com'' ''dev'' ''industryarena''');
INSERT INTO public.searchindex ("elementId", attribute, "fieldId", "siteId", keywords, keywords_vector) VALUES (1, 'slug', 0, 1, '', '');
INSERT INTO public.searchindex ("elementId", attribute, "fieldId", "siteId", keywords, keywords_vector) VALUES (210, 'slug', 0, 1, ' bbb ', '''bbb''');
INSERT INTO public.searchindex ("elementId", attribute, "fieldId", "siteId", keywords, keywords_vector) VALUES (210, 'title', 0, 1, ' aaaaa ', '''aaaaa''');
INSERT INTO public.searchindex ("elementId", attribute, "fieldId", "siteId", keywords, keywords_vector) VALUES (210, 'slug', 0, 2, ' bbb ', '''bbb''');
INSERT INTO public.searchindex ("elementId", attribute, "fieldId", "siteId", keywords, keywords_vector) VALUES (210, 'title', 0, 2, ' aaaaa ', '''aaaaa''');
INSERT INTO public.searchindex ("elementId", attribute, "fieldId", "siteId", keywords, keywords_vector) VALUES (16, 'username', 0, 1, ' alexej kloos ', '''alexej'' ''kloos''');
INSERT INTO public.searchindex ("elementId", attribute, "fieldId", "siteId", keywords, keywords_vector) VALUES (16, 'firstname', 0, 1, ' alexej ', '''alexej''');
INSERT INTO public.searchindex ("elementId", attribute, "fieldId", "siteId", keywords, keywords_vector) VALUES (16, 'lastname', 0, 1, ' kloos ', '''kloos''');
INSERT INTO public.searchindex ("elementId", attribute, "fieldId", "siteId", keywords, keywords_vector) VALUES (16, 'fullname', 0, 1, ' alexej kloos ', '''alexej'' ''kloos''');
INSERT INTO public.searchindex ("elementId", attribute, "fieldId", "siteId", keywords, keywords_vector) VALUES (16, 'email', 0, 1, ' alexej kloos industryarena com ', '''alexej'' ''com'' ''industryarena'' ''kloos''');
INSERT INTO public.searchindex ("elementId", attribute, "fieldId", "siteId", keywords, keywords_vector) VALUES (16, 'slug', 0, 1, '', '');
INSERT INTO public.searchindex ("elementId", attribute, "fieldId", "siteId", keywords, keywords_vector) VALUES (176, 'slug', 0, 2, ' highlight ', '''highlight''');
INSERT INTO public.searchindex ("elementId", attribute, "fieldId", "siteId", keywords, keywords_vector) VALUES (176, 'title', 0, 2, ' highlight ', '''highlight''');
INSERT INTO public.searchindex ("elementId", attribute, "fieldId", "siteId", keywords, keywords_vector) VALUES (176, 'slug', 0, 1, ' highlight ', '''highlight''');
INSERT INTO public.searchindex ("elementId", attribute, "fieldId", "siteId", keywords, keywords_vector) VALUES (176, 'title', 0, 1, ' highlight ', '''highlight''');
INSERT INTO public.searchindex ("elementId", attribute, "fieldId", "siteId", keywords, keywords_vector) VALUES (179, 'slug', 0, 2, ' zerspanung ', '''zerspanung''');
INSERT INTO public.searchindex ("elementId", attribute, "fieldId", "siteId", keywords, keywords_vector) VALUES (179, 'title', 0, 2, ' zerspanung ', '''zerspanung''');
INSERT INTO public.searchindex ("elementId", attribute, "fieldId", "siteId", keywords, keywords_vector) VALUES (179, 'slug', 0, 1, ' zerspanung ', '''zerspanung''');
INSERT INTO public.searchindex ("elementId", attribute, "fieldId", "siteId", keywords, keywords_vector) VALUES (179, 'title', 0, 1, ' zerspanung ', '''zerspanung''');
INSERT INTO public.searchindex ("elementId", attribute, "fieldId", "siteId", keywords, keywords_vector) VALUES (201, 'filename', 0, 1, ' 20 jpg ', '''20'' ''jpg''');
INSERT INTO public.searchindex ("elementId", attribute, "fieldId", "siteId", keywords, keywords_vector) VALUES (201, 'extension', 0, 1, ' jpg ', '''jpg''');
INSERT INTO public.searchindex ("elementId", attribute, "fieldId", "siteId", keywords, keywords_vector) VALUES (201, 'kind', 0, 1, ' image ', '''image''');
INSERT INTO public.searchindex ("elementId", attribute, "fieldId", "siteId", keywords, keywords_vector) VALUES (201, 'slug', 0, 1, '', '');
INSERT INTO public.searchindex ("elementId", attribute, "fieldId", "siteId", keywords, keywords_vector) VALUES (201, 'title', 0, 1, ' 20 ', '''20''');
INSERT INTO public.searchindex ("elementId", attribute, "fieldId", "siteId", keywords, keywords_vector) VALUES (139, 'slug', 0, 1, ' journalisten ', '''journalisten''');
INSERT INTO public.searchindex ("elementId", attribute, "fieldId", "siteId", keywords, keywords_vector) VALUES (139, 'title', 0, 1, ' journalisten ', '''journalisten''');
INSERT INTO public.searchindex ("elementId", attribute, "fieldId", "siteId", keywords, keywords_vector) VALUES (139, 'slug', 0, 2, ' journalisten ', '''journalisten''');
INSERT INTO public.searchindex ("elementId", attribute, "fieldId", "siteId", keywords, keywords_vector) VALUES (139, 'title', 0, 2, ' journalisten ', '''journalisten''');
INSERT INTO public.searchindex ("elementId", attribute, "fieldId", "siteId", keywords, keywords_vector) VALUES (139, 'slug', 0, 3, ' journalisten ', '''journalisten''');
INSERT INTO public.searchindex ("elementId", attribute, "fieldId", "siteId", keywords, keywords_vector) VALUES (139, 'title', 0, 3, ' journalisten ', '''journalisten''');
INSERT INTO public.searchindex ("elementId", attribute, "fieldId", "siteId", keywords, keywords_vector) VALUES (201, 'filename', 0, 2, ' 20 jpg ', '''20'' ''jpg''');
INSERT INTO public.searchindex ("elementId", attribute, "fieldId", "siteId", keywords, keywords_vector) VALUES (201, 'extension', 0, 2, ' jpg ', '''jpg''');
INSERT INTO public.searchindex ("elementId", attribute, "fieldId", "siteId", keywords, keywords_vector) VALUES (201, 'kind', 0, 2, ' image ', '''image''');
INSERT INTO public.searchindex ("elementId", attribute, "fieldId", "siteId", keywords, keywords_vector) VALUES (201, 'slug', 0, 2, '', '');
INSERT INTO public.searchindex ("elementId", attribute, "fieldId", "siteId", keywords, keywords_vector) VALUES (141, 'slug', 0, 1, ' aussteller ', '''aussteller''');
INSERT INTO public.searchindex ("elementId", attribute, "fieldId", "siteId", keywords, keywords_vector) VALUES (141, 'title', 0, 1, ' aussteller ', '''aussteller''');
INSERT INTO public.searchindex ("elementId", attribute, "fieldId", "siteId", keywords, keywords_vector) VALUES (141, 'slug', 0, 2, ' aussteller ', '''aussteller''');
INSERT INTO public.searchindex ("elementId", attribute, "fieldId", "siteId", keywords, keywords_vector) VALUES (141, 'title', 0, 2, ' aussteller ', '''aussteller''');
INSERT INTO public.searchindex ("elementId", attribute, "fieldId", "siteId", keywords, keywords_vector) VALUES (201, 'title', 0, 2, ' 20 ', '''20''');
INSERT INTO public.searchindex ("elementId", attribute, "fieldId", "siteId", keywords, keywords_vector) VALUES (141, 'slug', 0, 3, ' aussteller ', '''aussteller''');
INSERT INTO public.searchindex ("elementId", attribute, "fieldId", "siteId", keywords, keywords_vector) VALUES (141, 'title', 0, 3, ' aussteller ', '''aussteller''');
INSERT INTO public.searchindex ("elementId", attribute, "fieldId", "siteId", keywords, keywords_vector) VALUES (202, 'filename', 0, 1, ' 44 jpg ', '''44'' ''jpg''');
INSERT INTO public.searchindex ("elementId", attribute, "fieldId", "siteId", keywords, keywords_vector) VALUES (202, 'extension', 0, 1, ' jpg ', '''jpg''');
INSERT INTO public.searchindex ("elementId", attribute, "fieldId", "siteId", keywords, keywords_vector) VALUES (202, 'kind', 0, 1, ' image ', '''image''');
INSERT INTO public.searchindex ("elementId", attribute, "fieldId", "siteId", keywords, keywords_vector) VALUES (202, 'slug', 0, 1, '', '');
INSERT INTO public.searchindex ("elementId", attribute, "fieldId", "siteId", keywords, keywords_vector) VALUES (143, 'slug', 0, 1, ' veranstaltungsart ', '''veranstaltungsart''');
INSERT INTO public.searchindex ("elementId", attribute, "fieldId", "siteId", keywords, keywords_vector) VALUES (143, 'title', 0, 1, ' veranstaltungsart ', '''veranstaltungsart''');
INSERT INTO public.searchindex ("elementId", attribute, "fieldId", "siteId", keywords, keywords_vector) VALUES (143, 'slug', 0, 2, ' veranstaltungsart ', '''veranstaltungsart''');
INSERT INTO public.searchindex ("elementId", attribute, "fieldId", "siteId", keywords, keywords_vector) VALUES (143, 'title', 0, 2, ' veranstaltungsart ', '''veranstaltungsart''');
INSERT INTO public.searchindex ("elementId", attribute, "fieldId", "siteId", keywords, keywords_vector) VALUES (143, 'slug', 0, 3, ' veranstaltungsart ', '''veranstaltungsart''');
INSERT INTO public.searchindex ("elementId", attribute, "fieldId", "siteId", keywords, keywords_vector) VALUES (143, 'title', 0, 3, ' veranstaltungsart ', '''veranstaltungsart''');
INSERT INTO public.searchindex ("elementId", attribute, "fieldId", "siteId", keywords, keywords_vector) VALUES (202, 'title', 0, 1, ' 44 ', '''44''');
INSERT INTO public.searchindex ("elementId", attribute, "fieldId", "siteId", keywords, keywords_vector) VALUES (202, 'filename', 0, 2, ' 44 jpg ', '''44'' ''jpg''');
INSERT INTO public.searchindex ("elementId", attribute, "fieldId", "siteId", keywords, keywords_vector) VALUES (202, 'extension', 0, 2, ' jpg ', '''jpg''');
INSERT INTO public.searchindex ("elementId", attribute, "fieldId", "siteId", keywords, keywords_vector) VALUES (202, 'kind', 0, 2, ' image ', '''image''');
INSERT INTO public.searchindex ("elementId", attribute, "fieldId", "siteId", keywords, keywords_vector) VALUES (145, 'slug', 0, 1, ' foren ', '''foren''');
INSERT INTO public.searchindex ("elementId", attribute, "fieldId", "siteId", keywords, keywords_vector) VALUES (145, 'title', 0, 1, ' foren ', '''foren''');
INSERT INTO public.searchindex ("elementId", attribute, "fieldId", "siteId", keywords, keywords_vector) VALUES (145, 'slug', 0, 2, ' foren ', '''foren''');
INSERT INTO public.searchindex ("elementId", attribute, "fieldId", "siteId", keywords, keywords_vector) VALUES (145, 'title', 0, 2, ' foren ', '''foren''');
INSERT INTO public.searchindex ("elementId", attribute, "fieldId", "siteId", keywords, keywords_vector) VALUES (145, 'slug', 0, 3, ' foren ', '''foren''');
INSERT INTO public.searchindex ("elementId", attribute, "fieldId", "siteId", keywords, keywords_vector) VALUES (145, 'title', 0, 3, ' foren ', '''foren''');
INSERT INTO public.searchindex ("elementId", attribute, "fieldId", "siteId", keywords, keywords_vector) VALUES (202, 'slug', 0, 2, '', '');
INSERT INTO public.searchindex ("elementId", attribute, "fieldId", "siteId", keywords, keywords_vector) VALUES (202, 'title', 0, 2, ' 44 ', '''44''');
INSERT INTO public.searchindex ("elementId", attribute, "fieldId", "siteId", keywords, keywords_vector) VALUES (203, 'filename', 0, 1, ' 56 jpg ', '''56'' ''jpg''');
INSERT INTO public.searchindex ("elementId", attribute, "fieldId", "siteId", keywords, keywords_vector) VALUES (203, 'extension', 0, 1, ' jpg ', '''jpg''');
INSERT INTO public.searchindex ("elementId", attribute, "fieldId", "siteId", keywords, keywords_vector) VALUES (203, 'kind', 0, 1, ' image ', '''image''');
INSERT INTO public.searchindex ("elementId", attribute, "fieldId", "siteId", keywords, keywords_vector) VALUES (203, 'slug', 0, 1, '', '');
INSERT INTO public.searchindex ("elementId", attribute, "fieldId", "siteId", keywords, keywords_vector) VALUES (203, 'title', 0, 1, ' 56 ', '''56''');
INSERT INTO public.searchindex ("elementId", attribute, "fieldId", "siteId", keywords, keywords_vector) VALUES (203, 'filename', 0, 2, ' 56 jpg ', '''56'' ''jpg''');
INSERT INTO public.searchindex ("elementId", attribute, "fieldId", "siteId", keywords, keywords_vector) VALUES (203, 'extension', 0, 2, ' jpg ', '''jpg''');
INSERT INTO public.searchindex ("elementId", attribute, "fieldId", "siteId", keywords, keywords_vector) VALUES (203, 'kind', 0, 2, ' image ', '''image''');
INSERT INTO public.searchindex ("elementId", attribute, "fieldId", "siteId", keywords, keywords_vector) VALUES (203, 'slug', 0, 2, '', '');
INSERT INTO public.searchindex ("elementId", attribute, "fieldId", "siteId", keywords, keywords_vector) VALUES (203, 'title', 0, 2, ' 56 ', '''56''');
INSERT INTO public.searchindex ("elementId", attribute, "fieldId", "siteId", keywords, keywords_vector) VALUES (163, 'slug', 0, 2, ' themengebiete ', '''themengebiete''');
INSERT INTO public.searchindex ("elementId", attribute, "fieldId", "siteId", keywords, keywords_vector) VALUES (163, 'title', 0, 2, ' themengebiete ', '''themengebiete''');
INSERT INTO public.searchindex ("elementId", attribute, "fieldId", "siteId", keywords, keywords_vector) VALUES (163, 'slug', 0, 1, ' themengebiete ', '''themengebiete''');
INSERT INTO public.searchindex ("elementId", attribute, "fieldId", "siteId", keywords, keywords_vector) VALUES (163, 'title', 0, 1, ' themengebiete ', '''themengebiete''');
INSERT INTO public.searchindex ("elementId", attribute, "fieldId", "siteId", keywords, keywords_vector) VALUES (165, 'slug', 0, 2, ' automobilindustrie und zulieferer ', '''automobilindustrie'' ''und'' ''zulieferer''');
INSERT INTO public.searchindex ("elementId", attribute, "fieldId", "siteId", keywords, keywords_vector) VALUES (165, 'title', 0, 2, ' automobilindustrie und zulieferer ', '''automobilindustrie'' ''und'' ''zulieferer''');
INSERT INTO public.searchindex ("elementId", attribute, "fieldId", "siteId", keywords, keywords_vector) VALUES (165, 'slug', 0, 1, ' automobilindustrie und zulieferer ', '''automobilindustrie'' ''und'' ''zulieferer''');
INSERT INTO public.searchindex ("elementId", attribute, "fieldId", "siteId", keywords, keywords_vector) VALUES (165, 'title', 0, 1, ' automobilindustrie und zulieferer ', '''automobilindustrie'' ''und'' ''zulieferer''');
INSERT INTO public.searchindex ("elementId", attribute, "fieldId", "siteId", keywords, keywords_vector) VALUES (167, 'slug', 0, 2, ' feinmechanik und optik ', '''feinmechanik'' ''optik'' ''und''');
INSERT INTO public.searchindex ("elementId", attribute, "fieldId", "siteId", keywords, keywords_vector) VALUES (167, 'title', 0, 2, ' feinmechanik und optik ', '''feinmechanik'' ''optik'' ''und''');
INSERT INTO public.searchindex ("elementId", attribute, "fieldId", "siteId", keywords, keywords_vector) VALUES (167, 'slug', 0, 1, ' feinmechanik und optik ', '''feinmechanik'' ''optik'' ''und''');
INSERT INTO public.searchindex ("elementId", attribute, "fieldId", "siteId", keywords, keywords_vector) VALUES (167, 'title', 0, 1, ' feinmechanik und optik ', '''feinmechanik'' ''optik'' ''und''');
INSERT INTO public.searchindex ("elementId", attribute, "fieldId", "siteId", keywords, keywords_vector) VALUES (169, 'slug', 0, 2, ' moderator ', '''moderator''');
INSERT INTO public.searchindex ("elementId", attribute, "fieldId", "siteId", keywords, keywords_vector) VALUES (169, 'title', 0, 2, ' moderator ', '''moderator''');
INSERT INTO public.searchindex ("elementId", attribute, "fieldId", "siteId", keywords, keywords_vector) VALUES (169, 'slug', 0, 1, ' moderator ', '''moderator''');
INSERT INTO public.searchindex ("elementId", attribute, "fieldId", "siteId", keywords, keywords_vector) VALUES (169, 'title', 0, 1, ' moderator ', '''moderator''');
INSERT INTO public.searchindex ("elementId", attribute, "fieldId", "siteId", keywords, keywords_vector) VALUES (171, 'slug', 0, 2, ' anprechpartner ', '''anprechpartner''');
INSERT INTO public.searchindex ("elementId", attribute, "fieldId", "siteId", keywords, keywords_vector) VALUES (171, 'title', 0, 2, ' anprechpartner ', '''anprechpartner''');
INSERT INTO public.searchindex ("elementId", attribute, "fieldId", "siteId", keywords, keywords_vector) VALUES (171, 'slug', 0, 1, ' anprechpartner ', '''anprechpartner''');
INSERT INTO public.searchindex ("elementId", attribute, "fieldId", "siteId", keywords, keywords_vector) VALUES (171, 'title', 0, 1, ' anprechpartner ', '''anprechpartner''');
INSERT INTO public.searchindex ("elementId", attribute, "fieldId", "siteId", keywords, keywords_vector) VALUES (173, 'slug', 0, 2, ' messe team ', '''messe'' ''team''');
INSERT INTO public.searchindex ("elementId", attribute, "fieldId", "siteId", keywords, keywords_vector) VALUES (173, 'title', 0, 2, ' messe team ', '''messe'' ''team''');
INSERT INTO public.searchindex ("elementId", attribute, "fieldId", "siteId", keywords, keywords_vector) VALUES (173, 'slug', 0, 1, ' messe team ', '''messe'' ''team''');
INSERT INTO public.searchindex ("elementId", attribute, "fieldId", "siteId", keywords, keywords_vector) VALUES (173, 'title', 0, 1, ' messe team ', '''messe'' ''team''');
INSERT INTO public.searchindex ("elementId", attribute, "fieldId", "siteId", keywords, keywords_vector) VALUES (204, 'filename', 0, 1, ' 89 jpg ', '''89'' ''jpg''');
INSERT INTO public.searchindex ("elementId", attribute, "fieldId", "siteId", keywords, keywords_vector) VALUES (204, 'extension', 0, 1, ' jpg ', '''jpg''');
INSERT INTO public.searchindex ("elementId", attribute, "fieldId", "siteId", keywords, keywords_vector) VALUES (204, 'kind', 0, 1, ' image ', '''image''');
INSERT INTO public.searchindex ("elementId", attribute, "fieldId", "siteId", keywords, keywords_vector) VALUES (204, 'slug', 0, 1, '', '');
INSERT INTO public.searchindex ("elementId", attribute, "fieldId", "siteId", keywords, keywords_vector) VALUES (204, 'title', 0, 1, ' 89 ', '''89''');
INSERT INTO public.searchindex ("elementId", attribute, "fieldId", "siteId", keywords, keywords_vector) VALUES (204, 'filename', 0, 2, ' 89 jpg ', '''89'' ''jpg''');
INSERT INTO public.searchindex ("elementId", attribute, "fieldId", "siteId", keywords, keywords_vector) VALUES (177, 'slug', 0, 2, ' presse ', '''presse''');
INSERT INTO public.searchindex ("elementId", attribute, "fieldId", "siteId", keywords, keywords_vector) VALUES (177, 'title', 0, 2, ' presse ', '''presse''');
INSERT INTO public.searchindex ("elementId", attribute, "fieldId", "siteId", keywords, keywords_vector) VALUES (177, 'slug', 0, 1, ' presse ', '''presse''');
INSERT INTO public.searchindex ("elementId", attribute, "fieldId", "siteId", keywords, keywords_vector) VALUES (177, 'title', 0, 1, ' presse ', '''presse''');
INSERT INTO public.searchindex ("elementId", attribute, "fieldId", "siteId", keywords, keywords_vector) VALUES (204, 'extension', 0, 2, ' jpg ', '''jpg''');
INSERT INTO public.searchindex ("elementId", attribute, "fieldId", "siteId", keywords, keywords_vector) VALUES (204, 'kind', 0, 2, ' image ', '''image''');
INSERT INTO public.searchindex ("elementId", attribute, "fieldId", "siteId", keywords, keywords_vector) VALUES (180, 'slug', 0, 2, ' schieblehre ', '''schieblehre''');
INSERT INTO public.searchindex ("elementId", attribute, "fieldId", "siteId", keywords, keywords_vector) VALUES (180, 'title', 0, 2, ' schieblehre ', '''schieblehre''');
INSERT INTO public.searchindex ("elementId", attribute, "fieldId", "siteId", keywords, keywords_vector) VALUES (180, 'slug', 0, 1, ' schieblehre ', '''schieblehre''');
INSERT INTO public.searchindex ("elementId", attribute, "fieldId", "siteId", keywords, keywords_vector) VALUES (180, 'title', 0, 1, ' schieblehre ', '''schieblehre''');
INSERT INTO public.searchindex ("elementId", attribute, "fieldId", "siteId", keywords, keywords_vector) VALUES (181, 'slug', 0, 2, ' emo news ', '''emo'' ''news''');
INSERT INTO public.searchindex ("elementId", attribute, "fieldId", "siteId", keywords, keywords_vector) VALUES (181, 'title', 0, 2, ' emo news ', '''emo'' ''news''');
INSERT INTO public.searchindex ("elementId", attribute, "fieldId", "siteId", keywords, keywords_vector) VALUES (181, 'slug', 0, 1, ' emo news ', '''emo'' ''news''');
INSERT INTO public.searchindex ("elementId", attribute, "fieldId", "siteId", keywords, keywords_vector) VALUES (181, 'title', 0, 1, ' emo news ', '''emo'' ''news''');
INSERT INTO public.searchindex ("elementId", attribute, "fieldId", "siteId", keywords, keywords_vector) VALUES (204, 'slug', 0, 2, '', '');
INSERT INTO public.searchindex ("elementId", attribute, "fieldId", "siteId", keywords, keywords_vector) VALUES (204, 'title', 0, 2, ' 89 ', '''89''');
INSERT INTO public.searchindex ("elementId", attribute, "fieldId", "siteId", keywords, keywords_vector) VALUES (138, 'slug', 0, 2, ' target groups ', '''groups'' ''target''');
INSERT INTO public.searchindex ("elementId", attribute, "fieldId", "siteId", keywords, keywords_vector) VALUES (138, 'title', 0, 2, ' target groups ', '''groups'' ''target''');
INSERT INTO public.searchindex ("elementId", attribute, "fieldId", "siteId", keywords, keywords_vector) VALUES (138, 'slug', 0, 1, ' zielgruppen ', '''zielgruppen''');
INSERT INTO public.searchindex ("elementId", attribute, "fieldId", "siteId", keywords, keywords_vector) VALUES (138, 'title', 0, 1, ' zielgruppen ', '''zielgruppen''');
INSERT INTO public.searchindex ("elementId", attribute, "fieldId", "siteId", keywords, keywords_vector) VALUES (138, 'slug', 0, 3, ' zielgruppen ', '''zielgruppen''');
INSERT INTO public.searchindex ("elementId", attribute, "fieldId", "siteId", keywords, keywords_vector) VALUES (138, 'title', 0, 3, ' zielgruppen ', '''zielgruppen''');
INSERT INTO public.searchindex ("elementId", attribute, "fieldId", "siteId", keywords, keywords_vector) VALUES (200, 'filename', 0, 1, ' 9 jpg ', '''9'' ''jpg''');
INSERT INTO public.searchindex ("elementId", attribute, "fieldId", "siteId", keywords, keywords_vector) VALUES (140, 'slug', 0, 1, ' besucher ', '''besucher''');
INSERT INTO public.searchindex ("elementId", attribute, "fieldId", "siteId", keywords, keywords_vector) VALUES (140, 'title', 0, 1, ' besucher ', '''besucher''');
INSERT INTO public.searchindex ("elementId", attribute, "fieldId", "siteId", keywords, keywords_vector) VALUES (140, 'slug', 0, 2, ' besucher ', '''besucher''');
INSERT INTO public.searchindex ("elementId", attribute, "fieldId", "siteId", keywords, keywords_vector) VALUES (140, 'title', 0, 2, ' besucher ', '''besucher''');
INSERT INTO public.searchindex ("elementId", attribute, "fieldId", "siteId", keywords, keywords_vector) VALUES (140, 'slug', 0, 3, ' besucher ', '''besucher''');
INSERT INTO public.searchindex ("elementId", attribute, "fieldId", "siteId", keywords, keywords_vector) VALUES (140, 'title', 0, 3, ' besucher ', '''besucher''');
INSERT INTO public.searchindex ("elementId", attribute, "fieldId", "siteId", keywords, keywords_vector) VALUES (200, 'extension', 0, 1, ' jpg ', '''jpg''');
INSERT INTO public.searchindex ("elementId", attribute, "fieldId", "siteId", keywords, keywords_vector) VALUES (200, 'kind', 0, 1, ' image ', '''image''');
INSERT INTO public.searchindex ("elementId", attribute, "fieldId", "siteId", keywords, keywords_vector) VALUES (200, 'slug', 0, 1, '', '');
INSERT INTO public.searchindex ("elementId", attribute, "fieldId", "siteId", keywords, keywords_vector) VALUES (200, 'title', 0, 1, ' 9 ', '''9''');
INSERT INTO public.searchindex ("elementId", attribute, "fieldId", "siteId", keywords, keywords_vector) VALUES (142, 'slug', 0, 1, ' dienstleister ', '''dienstleister''');
INSERT INTO public.searchindex ("elementId", attribute, "fieldId", "siteId", keywords, keywords_vector) VALUES (142, 'title', 0, 1, ' dienstleister ', '''dienstleister''');
INSERT INTO public.searchindex ("elementId", attribute, "fieldId", "siteId", keywords, keywords_vector) VALUES (142, 'slug', 0, 2, ' dienstleister ', '''dienstleister''');
INSERT INTO public.searchindex ("elementId", attribute, "fieldId", "siteId", keywords, keywords_vector) VALUES (142, 'title', 0, 2, ' dienstleister ', '''dienstleister''');
INSERT INTO public.searchindex ("elementId", attribute, "fieldId", "siteId", keywords, keywords_vector) VALUES (142, 'slug', 0, 3, ' dienstleister ', '''dienstleister''');
INSERT INTO public.searchindex ("elementId", attribute, "fieldId", "siteId", keywords, keywords_vector) VALUES (142, 'title', 0, 3, ' dienstleister ', '''dienstleister''');
INSERT INTO public.searchindex ("elementId", attribute, "fieldId", "siteId", keywords, keywords_vector) VALUES (200, 'filename', 0, 2, ' 9 jpg ', '''9'' ''jpg''');
INSERT INTO public.searchindex ("elementId", attribute, "fieldId", "siteId", keywords, keywords_vector) VALUES (200, 'extension', 0, 2, ' jpg ', '''jpg''');
INSERT INTO public.searchindex ("elementId", attribute, "fieldId", "siteId", keywords, keywords_vector) VALUES (200, 'kind', 0, 2, ' image ', '''image''');
INSERT INTO public.searchindex ("elementId", attribute, "fieldId", "siteId", keywords, keywords_vector) VALUES (200, 'slug', 0, 2, '', '');
INSERT INTO public.searchindex ("elementId", attribute, "fieldId", "siteId", keywords, keywords_vector) VALUES (144, 'slug', 0, 1, ' konferrenz ', '''konferrenz''');
INSERT INTO public.searchindex ("elementId", attribute, "fieldId", "siteId", keywords, keywords_vector) VALUES (144, 'title', 0, 1, ' konferrenz ', '''konferrenz''');
INSERT INTO public.searchindex ("elementId", attribute, "fieldId", "siteId", keywords, keywords_vector) VALUES (144, 'slug', 0, 2, ' konferrenz ', '''konferrenz''');
INSERT INTO public.searchindex ("elementId", attribute, "fieldId", "siteId", keywords, keywords_vector) VALUES (144, 'title', 0, 2, ' konferrenz ', '''konferrenz''');
INSERT INTO public.searchindex ("elementId", attribute, "fieldId", "siteId", keywords, keywords_vector) VALUES (144, 'slug', 0, 3, ' konferrenz ', '''konferrenz''');
INSERT INTO public.searchindex ("elementId", attribute, "fieldId", "siteId", keywords, keywords_vector) VALUES (144, 'title', 0, 3, ' konferrenz ', '''konferrenz''');
INSERT INTO public.searchindex ("elementId", attribute, "fieldId", "siteId", keywords, keywords_vector) VALUES (200, 'title', 0, 2, ' 9 ', '''9''');
INSERT INTO public.searchindex ("elementId", attribute, "fieldId", "siteId", keywords, keywords_vector) VALUES (146, 'slug', 0, 1, ' sonderschau ', '''sonderschau''');
INSERT INTO public.searchindex ("elementId", attribute, "fieldId", "siteId", keywords, keywords_vector) VALUES (146, 'title', 0, 1, ' sonderschau ', '''sonderschau''');
INSERT INTO public.searchindex ("elementId", attribute, "fieldId", "siteId", keywords, keywords_vector) VALUES (146, 'slug', 0, 2, ' sonderschau ', '''sonderschau''');
INSERT INTO public.searchindex ("elementId", attribute, "fieldId", "siteId", keywords, keywords_vector) VALUES (146, 'title', 0, 2, ' sonderschau ', '''sonderschau''');
INSERT INTO public.searchindex ("elementId", attribute, "fieldId", "siteId", keywords, keywords_vector) VALUES (146, 'slug', 0, 3, ' sonderschau ', '''sonderschau''');
INSERT INTO public.searchindex ("elementId", attribute, "fieldId", "siteId", keywords, keywords_vector) VALUES (146, 'title', 0, 3, ' sonderschau ', '''sonderschau''');
INSERT INTO public.searchindex ("elementId", attribute, "fieldId", "siteId", keywords, keywords_vector) VALUES (164, 'slug', 0, 2, ' elektrotechnik und elektronik ', '''elektronik'' ''elektrotechnik'' ''und''');
INSERT INTO public.searchindex ("elementId", attribute, "fieldId", "siteId", keywords, keywords_vector) VALUES (164, 'title', 0, 2, ' elektrotechnik und elektronik ', '''elektronik'' ''elektrotechnik'' ''und''');
INSERT INTO public.searchindex ("elementId", attribute, "fieldId", "siteId", keywords, keywords_vector) VALUES (164, 'slug', 0, 1, ' elektrotechnik und elektronik ', '''elektronik'' ''elektrotechnik'' ''und''');
INSERT INTO public.searchindex ("elementId", attribute, "fieldId", "siteId", keywords, keywords_vector) VALUES (164, 'title', 0, 1, ' elektrotechnik und elektronik ', '''elektronik'' ''elektrotechnik'' ''und''');
INSERT INTO public.searchindex ("elementId", attribute, "fieldId", "siteId", keywords, keywords_vector) VALUES (166, 'slug', 0, 2, ' bearbeitung und verarbeitung neuer werkstoffe ', '''bearbeitung'' ''neuer'' ''und'' ''verarbeitung'' ''werkstoffe''');
INSERT INTO public.searchindex ("elementId", attribute, "fieldId", "siteId", keywords, keywords_vector) VALUES (166, 'title', 0, 2, ' bearbeitung und verarbeitung neuer werkstoffe ', '''bearbeitung'' ''neuer'' ''und'' ''verarbeitung'' ''werkstoffe''');
INSERT INTO public.searchindex ("elementId", attribute, "fieldId", "siteId", keywords, keywords_vector) VALUES (166, 'slug', 0, 1, ' bearbeitung und verarbeitung neuer werkstoffe ', '''bearbeitung'' ''neuer'' ''und'' ''verarbeitung'' ''werkstoffe''');
INSERT INTO public.searchindex ("elementId", attribute, "fieldId", "siteId", keywords, keywords_vector) VALUES (166, 'title', 0, 1, ' bearbeitung und verarbeitung neuer werkstoffe ', '''bearbeitung'' ''neuer'' ''und'' ''verarbeitung'' ''werkstoffe''');
INSERT INTO public.searchindex ("elementId", attribute, "fieldId", "siteId", keywords, keywords_vector) VALUES (168, 'slug', 0, 2, ' persona ', '''persona''');
INSERT INTO public.searchindex ("elementId", attribute, "fieldId", "siteId", keywords, keywords_vector) VALUES (168, 'title', 0, 2, ' persona ', '''persona''');
INSERT INTO public.searchindex ("elementId", attribute, "fieldId", "siteId", keywords, keywords_vector) VALUES (168, 'slug', 0, 1, ' persona ', '''persona''');
INSERT INTO public.searchindex ("elementId", attribute, "fieldId", "siteId", keywords, keywords_vector) VALUES (168, 'title', 0, 1, ' persona ', '''persona''');
INSERT INTO public.searchindex ("elementId", attribute, "fieldId", "siteId", keywords, keywords_vector) VALUES (170, 'slug', 0, 2, ' speaker ', '''speaker''');
INSERT INTO public.searchindex ("elementId", attribute, "fieldId", "siteId", keywords, keywords_vector) VALUES (170, 'title', 0, 2, ' speaker ', '''speaker''');
INSERT INTO public.searchindex ("elementId", attribute, "fieldId", "siteId", keywords, keywords_vector) VALUES (170, 'slug', 0, 1, ' speaker ', '''speaker''');
INSERT INTO public.searchindex ("elementId", attribute, "fieldId", "siteId", keywords, keywords_vector) VALUES (170, 'title', 0, 1, ' speaker ', '''speaker''');
INSERT INTO public.searchindex ("elementId", attribute, "fieldId", "siteId", keywords, keywords_vector) VALUES (172, 'slug', 0, 2, ' redakteur ', '''redakteur''');
INSERT INTO public.searchindex ("elementId", attribute, "fieldId", "siteId", keywords, keywords_vector) VALUES (172, 'title', 0, 2, ' redakteur ', '''redakteur''');
INSERT INTO public.searchindex ("elementId", attribute, "fieldId", "siteId", keywords, keywords_vector) VALUES (172, 'slug', 0, 1, ' redakteur ', '''redakteur''');
INSERT INTO public.searchindex ("elementId", attribute, "fieldId", "siteId", keywords, keywords_vector) VALUES (172, 'title', 0, 1, ' redakteur ', '''redakteur''');
INSERT INTO public.searchindex ("elementId", attribute, "fieldId", "siteId", keywords, keywords_vector) VALUES (211, 'slug', 0, 1, ' craft graphql mutations ', '''craft'' ''graphql'' ''mutations''');
INSERT INTO public.searchindex ("elementId", attribute, "fieldId", "siteId", keywords, keywords_vector) VALUES (211, 'title', 0, 1, ' asdsa updated ', '''asdsa'' ''updated''');
INSERT INTO public.searchindex ("elementId", attribute, "fieldId", "siteId", keywords, keywords_vector) VALUES (211, 'slug', 0, 2, ' craft graphql mutations ', '''craft'' ''graphql'' ''mutations''');
INSERT INTO public.searchindex ("elementId", attribute, "fieldId", "siteId", keywords, keywords_vector) VALUES (211, 'title', 0, 2, ' asdsa updated ', '''asdsa'' ''updated''');
INSERT INTO public.searchindex ("elementId", attribute, "fieldId", "siteId", keywords, keywords_vector) VALUES (197, 'slug', 0, 2, ' drehmaschinen ', '''drehmaschinen''');
INSERT INTO public.searchindex ("elementId", attribute, "fieldId", "siteId", keywords, keywords_vector) VALUES (197, 'title', 0, 2, ' drehmaschinen ', '''drehmaschinen''');
INSERT INTO public.searchindex ("elementId", attribute, "fieldId", "siteId", keywords, keywords_vector) VALUES (197, 'slug', 0, 1, ' drehmaschinen ', '''drehmaschinen''');
INSERT INTO public.searchindex ("elementId", attribute, "fieldId", "siteId", keywords, keywords_vector) VALUES (197, 'title', 0, 1, ' drehmaschinen ', '''drehmaschinen''');


--
-- Data for Name: sections; Type: TABLE DATA; Schema: public; Owner: -
--

INSERT INTO public.sections (id, "structureId", name, handle, type, "enableVersioning", "propagationMethod", "previewTargets", "dateCreated", "dateUpdated", "dateDeleted", uid) VALUES (6, NULL, 'Downloads & Medien', 'downloads', 'channel', false, 'all', '[{"label":"Primre eintrag Seite","urlFormat":"{url}","refresh":"1"}]', '2021-01-25 15:00:30', '2021-01-25 15:00:30', NULL, 'f65cbcf7-3ede-40b8-b09e-b3a8e1a4674c');
INSERT INTO public.sections (id, "structureId", name, handle, type, "enableVersioning", "propagationMethod", "previewTargets", "dateCreated", "dateUpdated", "dateDeleted", uid) VALUES (7, NULL, 'Personen', 'persons', 'channel', true, 'all', '[{"label":"Primre eintrag Seite","urlFormat":"{url}","refresh":"1"}]', '2021-01-25 15:30:00', '2021-01-25 15:30:00', NULL, '0daaa545-d1a0-4655-a507-2bac8b560f1d');
INSERT INTO public.sections (id, "structureId", name, handle, type, "enableVersioning", "propagationMethod", "previewTargets", "dateCreated", "dateUpdated", "dateDeleted", uid) VALUES (8, NULL, 'Artikelbeitrag', 'articles', 'channel', true, 'all', '[{"label":"Primre eintrag Seite","urlFormat":"{url}","refresh":"1"}]', '2021-01-25 16:24:39', '2021-01-25 16:31:13', NULL, '9b5bd243-bb29-4fea-81a4-e597852129b7');
INSERT INTO public.sections (id, "structureId", name, handle, type, "enableVersioning", "propagationMethod", "previewTargets", "dateCreated", "dateUpdated", "dateDeleted", uid) VALUES (4, NULL, 'Informationsseite', 'pages', 'channel', true, 'none', '[{"label":"Primre eintrag Seite","urlFormat":"/p/preview/{slug}","refresh":"1"}]', '2021-01-22 14:48:20', '2021-01-25 16:31:16', NULL, 'ea25caf0-a9ce-415f-91f4-7c047d9b1933');
INSERT INTO public.sections (id, "structureId", name, handle, type, "enableVersioning", "propagationMethod", "previewTargets", "dateCreated", "dateUpdated", "dateDeleted", uid) VALUES (9, NULL, 'Veranstaltungen', 'events', 'channel', true, 'all', '[{"label":"Primre eintrag Seite","urlFormat":"{url}","refresh":"1"}]', '2021-01-25 16:56:45', '2021-01-25 16:56:45', NULL, '06745480-8d8c-4976-934e-dc80b2ab5632');
INSERT INTO public.sections (id, "structureId", name, handle, type, "enableVersioning", "propagationMethod", "previewTargets", "dateCreated", "dateUpdated", "dateDeleted", uid) VALUES (10, NULL, 'Aussteller', 'exhibitors', 'channel', false, 'all', '[{"label":"Primre eintrag Seite","urlFormat":"{url}","refresh":"1"}]', '2021-01-27 13:24:47', '2021-01-27 13:24:47', NULL, '1b0aae41-58ef-4c4b-8749-6e8a8c98221d');
INSERT INTO public.sections (id, "structureId", name, handle, type, "enableVersioning", "propagationMethod", "previewTargets", "dateCreated", "dateUpdated", "dateDeleted", uid) VALUES (11, NULL, 'Produkte', 'products', 'channel', false, 'all', '[{"label":"Primre eintrag Seite","urlFormat":"{url}","refresh":"1"}]', '2021-01-27 15:06:55', '2021-01-27 15:06:55', NULL, '2a038e37-6c48-4746-8b6d-b27fabf7972f');


--
-- Data for Name: sections_sites; Type: TABLE DATA; Schema: public; Owner: -
--

INSERT INTO public.sections_sites (id, "sectionId", "siteId", "hasUrls", "uriFormat", template, "enabledByDefault", "dateCreated", "dateUpdated", uid) VALUES (7, 4, 2, true, 'p/{slug}', NULL, true, '2021-01-22 14:48:20', '2021-01-22 14:48:20', '0e1641aa-5b69-4207-b635-e2f3fa594834');
INSERT INTO public.sections_sites (id, "sectionId", "siteId", "hasUrls", "uriFormat", template, "enabledByDefault", "dateCreated", "dateUpdated", uid) VALUES (8, 4, 1, true, 'p/{slug}', NULL, true, '2021-01-22 14:48:20', '2021-01-22 14:48:20', 'a5cd9115-cfd5-4d32-bfe3-271948d00ab5');
INSERT INTO public.sections_sites (id, "sectionId", "siteId", "hasUrls", "uriFormat", template, "enabledByDefault", "dateCreated", "dateUpdated", uid) VALUES (11, 6, 2, true, 'downloads-medien/{slug}', NULL, true, '2021-01-25 15:00:30', '2021-01-25 15:00:30', '93a7d709-fd74-40bf-9467-2c6a39faa70c');
INSERT INTO public.sections_sites (id, "sectionId", "siteId", "hasUrls", "uriFormat", template, "enabledByDefault", "dateCreated", "dateUpdated", uid) VALUES (12, 6, 1, true, 'downloads-medien/{slug}', NULL, true, '2021-01-25 15:00:30', '2021-01-25 15:00:30', '4367cd3f-ee90-474e-8f29-62b417d88cc1');
INSERT INTO public.sections_sites (id, "sectionId", "siteId", "hasUrls", "uriFormat", template, "enabledByDefault", "dateCreated", "dateUpdated", uid) VALUES (13, 7, 2, true, 'personen/{slug}', NULL, true, '2021-01-25 15:30:00', '2021-01-25 15:30:00', '5b25921e-0cec-4941-b703-da861da00d82');
INSERT INTO public.sections_sites (id, "sectionId", "siteId", "hasUrls", "uriFormat", template, "enabledByDefault", "dateCreated", "dateUpdated", uid) VALUES (14, 7, 1, true, 'personen/{slug}', NULL, true, '2021-01-25 15:30:00', '2021-01-25 15:30:00', '005c8903-3715-4300-8da8-0e1fe7611a2b');
INSERT INTO public.sections_sites (id, "sectionId", "siteId", "hasUrls", "uriFormat", template, "enabledByDefault", "dateCreated", "dateUpdated", uid) VALUES (15, 8, 2, true, 'a/{slug}', NULL, true, '2021-01-25 16:24:39', '2021-01-25 16:24:39', '68b00125-a42e-4ce9-be0e-02989545c84a');
INSERT INTO public.sections_sites (id, "sectionId", "siteId", "hasUrls", "uriFormat", template, "enabledByDefault", "dateCreated", "dateUpdated", uid) VALUES (16, 8, 1, true, 'a/{slug}', NULL, true, '2021-01-25 16:24:39', '2021-01-25 16:24:39', 'b055db6f-a430-42af-ab6e-264d9f7b0e42');
INSERT INTO public.sections_sites (id, "sectionId", "siteId", "hasUrls", "uriFormat", template, "enabledByDefault", "dateCreated", "dateUpdated", uid) VALUES (17, 9, 2, true, 'events/{slug}', NULL, true, '2021-01-25 16:56:45', '2021-01-25 16:56:45', '0fab1673-8eca-4799-a369-2caec1e34fcb');
INSERT INTO public.sections_sites (id, "sectionId", "siteId", "hasUrls", "uriFormat", template, "enabledByDefault", "dateCreated", "dateUpdated", uid) VALUES (18, 9, 1, true, 'events/{slug}', NULL, true, '2021-01-25 16:56:45', '2021-01-25 16:56:45', '604beee2-2519-46d0-9a1a-86cfe290ca24');
INSERT INTO public.sections_sites (id, "sectionId", "siteId", "hasUrls", "uriFormat", template, "enabledByDefault", "dateCreated", "dateUpdated", uid) VALUES (19, 10, 2, true, 'exhibitors/{slug}', NULL, true, '2021-01-27 13:24:47', '2021-01-27 13:24:47', '9b0650a0-4283-4be6-9fa5-deeeb6671f48');
INSERT INTO public.sections_sites (id, "sectionId", "siteId", "hasUrls", "uriFormat", template, "enabledByDefault", "dateCreated", "dateUpdated", uid) VALUES (20, 10, 1, true, 'aussteller/{slug}', NULL, true, '2021-01-27 13:24:47', '2021-01-27 13:24:47', '19619c8e-97f1-4fa8-8dd0-559072cd2f67');
INSERT INTO public.sections_sites (id, "sectionId", "siteId", "hasUrls", "uriFormat", template, "enabledByDefault", "dateCreated", "dateUpdated", uid) VALUES (21, 11, 2, true, 'products/{slug}', NULL, true, '2021-01-27 15:06:55', '2021-01-27 15:06:55', 'c5e5c8fe-59f0-492a-82dc-d91996625a19');
INSERT INTO public.sections_sites (id, "sectionId", "siteId", "hasUrls", "uriFormat", template, "enabledByDefault", "dateCreated", "dateUpdated", uid) VALUES (22, 11, 1, true, 'produkte/{slug}', NULL, true, '2021-01-27 15:06:55', '2021-01-27 15:06:55', '0a60ec2a-3c01-4d6a-9dc5-8dfa596f9ff0');


--
-- Data for Name: sequences; Type: TABLE DATA; Schema: public; Owner: -
--



--
-- Data for Name: shunnedmessages; Type: TABLE DATA; Schema: public; Owner: -
--



--
-- Data for Name: sitegroups; Type: TABLE DATA; Schema: public; Owner: -
--

INSERT INTO public.sitegroups (id, name, "dateCreated", "dateUpdated", "dateDeleted", uid) VALUES (1, 'EMO', '2020-11-25 10:32:42', '2021-01-27 16:25:18', NULL, '541d1036-b8ff-48fd-b44b-f39fd928f44e');


--
-- Data for Name: sites; Type: TABLE DATA; Schema: public; Owner: -
--

INSERT INTO public.sites (id, "groupId", "primary", enabled, name, handle, language, "hasUrls", "baseUrl", "sortOrder", "dateCreated", "dateUpdated", "dateDeleted", uid) VALUES (2, 1, false, true, 'EMO English', 'emoEnglish', 'en', true, '$EN_BASE_URL', 2, '2020-12-16 15:11:16', '2020-12-16 15:11:16', NULL, '34380f2c-988a-43d1-9723-8633250a5237');
INSERT INTO public.sites (id, "groupId", "primary", enabled, name, handle, language, "hasUrls", "baseUrl", "sortOrder", "dateCreated", "dateUpdated", "dateDeleted", uid) VALUES (1, 1, true, true, 'EMO Deutsch', 'emoDeutsch', 'de', true, '$DE_BASE_URL', 1, '2020-11-25 10:32:42', '2020-12-16 15:12:00', NULL, 'ff97e19b-a38b-48c6-b4a8-4ed14019ec07');


--
-- Data for Name: structureelements; Type: TABLE DATA; Schema: public; Owner: -
--

INSERT INTO public.structureelements (id, "structureId", "elementId", root, lft, rgt, level, "dateCreated", "dateUpdated", uid) VALUES (3, 1, 139, 1, 3, 4, 2, '2021-01-22 14:36:57', '2021-01-22 14:36:57', '7ae6ad73-7521-4297-bab2-984109599fff');
INSERT INTO public.structureelements (id, "structureId", "elementId", root, lft, rgt, level, "dateCreated", "dateUpdated", uid) VALUES (22, 2, NULL, 22, 1, 18, 0, '2021-01-25 14:34:47', '2021-01-25 14:37:04', 'cb5a844e-03b5-4564-b86f-d859e7ab15e9');
INSERT INTO public.structureelements (id, "structureId", "elementId", root, lft, rgt, level, "dateCreated", "dateUpdated", uid) VALUES (26, 2, 177, 22, 8, 9, 1, '2021-01-25 14:34:55', '2021-01-25 14:37:04', 'e2844d42-2603-479b-8099-aa4b494f4162');
INSERT INTO public.structureelements (id, "structureId", "elementId", root, lft, rgt, level, "dateCreated", "dateUpdated", uid) VALUES (12, 1, 164, 1, 21, 22, 2, '2021-01-25 14:32:52', '2021-01-25 14:33:10', '8c5474d9-754e-49d9-b291-0b1a5a72f65f');
INSERT INTO public.structureelements (id, "structureId", "elementId", root, lft, rgt, level, "dateCreated", "dateUpdated", uid) VALUES (27, 2, 178, 22, 10, 11, 1, '2021-01-25 14:34:58', '2021-01-25 14:37:04', '32dacaac-f844-4833-9c6d-85b226ebc458');
INSERT INTO public.structureelements (id, "structureId", "elementId", root, lft, rgt, level, "dateCreated", "dateUpdated", uid) VALUES (28, 2, 179, 22, 12, 13, 1, '2021-01-25 14:35:01', '2021-01-25 14:37:04', 'fe75a85a-5672-48be-9436-f0b5a5a9f0cb');
INSERT INTO public.structureelements (id, "structureId", "elementId", root, lft, rgt, level, "dateCreated", "dateUpdated", uid) VALUES (29, 2, 180, 22, 14, 15, 1, '2021-01-25 14:35:03', '2021-01-25 14:37:04', '3f251d3f-e805-4eed-9a0d-3acb3f36d9ae');
INSERT INTO public.structureelements (id, "structureId", "elementId", root, lft, rgt, level, "dateCreated", "dateUpdated", uid) VALUES (30, 2, 181, 22, 16, 17, 1, '2021-01-25 14:35:08', '2021-01-25 14:37:04', 'aa1ec3a2-0635-410c-aafd-88cb58309eb5');
INSERT INTO public.structureelements (id, "structureId", "elementId", root, lft, rgt, level, "dateCreated", "dateUpdated", uid) VALUES (25, 2, 176, 22, 6, 7, 1, '2021-01-25 14:34:52', '2021-01-25 14:37:04', '3299e7a7-fc77-4dbb-9152-a616a7b83c3b');
INSERT INTO public.structureelements (id, "structureId", "elementId", root, lft, rgt, level, "dateCreated", "dateUpdated", uid) VALUES (24, 2, 175, 22, 4, 5, 1, '2021-01-25 14:34:50', '2021-01-25 14:37:04', '2b9d04f0-a449-4203-a949-3cf3fb7ccc1c');
INSERT INTO public.structureelements (id, "structureId", "elementId", root, lft, rgt, level, "dateCreated", "dateUpdated", uid) VALUES (31, 3, NULL, 31, 1, 4, 0, '2021-01-27 15:42:26', '2021-01-27 15:42:26', '2e78c862-e1bc-4ba3-877e-9089e0b4f245');
INSERT INTO public.structureelements (id, "structureId", "elementId", root, lft, rgt, level, "dateCreated", "dateUpdated", uid) VALUES (32, 3, 197, 31, 2, 3, 1, '2021-01-27 15:42:26', '2021-01-27 15:42:26', '77dd9c83-263f-4fcd-b04c-456aab342d14');
INSERT INTO public.structureelements (id, "structureId", "elementId", root, lft, rgt, level, "dateCreated", "dateUpdated", uid) VALUES (13, 1, 165, 1, 23, 24, 2, '2021-01-25 14:32:55', '2021-01-25 14:33:11', '6fdd85c3-c79b-47ea-a4e9-9f773ebc1d44');
INSERT INTO public.structureelements (id, "structureId", "elementId", root, lft, rgt, level, "dateCreated", "dateUpdated", uid) VALUES (14, 1, 166, 1, 25, 26, 2, '2021-01-25 14:32:59', '2021-01-25 14:33:12', '2cc40099-ce8b-453b-b95e-24dcd3949b6f');
INSERT INTO public.structureelements (id, "structureId", "elementId", root, lft, rgt, level, "dateCreated", "dateUpdated", uid) VALUES (11, 1, 163, 1, 20, 29, 1, '2021-01-25 14:32:38', '2021-01-25 14:33:13', '4f1e1c1a-7c75-4a7a-b8b6-dbc01653ce70');
INSERT INTO public.structureelements (id, "structureId", "elementId", root, lft, rgt, level, "dateCreated", "dateUpdated", uid) VALUES (15, 1, 167, 1, 27, 28, 2, '2021-01-25 14:33:02', '2021-01-25 14:33:13', 'd8c7bdd8-20cc-4591-b637-a859da270cdc');
INSERT INTO public.structureelements (id, "structureId", "elementId", root, lft, rgt, level, "dateCreated", "dateUpdated", uid) VALUES (17, 1, 169, 1, 31, 32, 2, '2021-01-25 14:33:21', '2021-01-25 14:33:40', '35ad3ce0-9ca9-4ed8-a9a7-cdad33d109cb');
INSERT INTO public.structureelements (id, "structureId", "elementId", root, lft, rgt, level, "dateCreated", "dateUpdated", uid) VALUES (23, 2, 174, 22, 2, 3, 1, '2021-01-25 14:34:47', '2021-01-25 14:37:02', 'f29e844e-59ac-4c18-8d8f-fa0ed04ce866');
INSERT INTO public.structureelements (id, "structureId", "elementId", root, lft, rgt, level, "dateCreated", "dateUpdated", uid) VALUES (18, 1, 170, 1, 33, 34, 2, '2021-01-25 14:33:25', '2021-01-25 14:33:42', 'bdcb92f3-4762-4175-b059-33ff4ce30f11');
INSERT INTO public.structureelements (id, "structureId", "elementId", root, lft, rgt, level, "dateCreated", "dateUpdated", uid) VALUES (19, 1, 171, 1, 35, 36, 2, '2021-01-25 14:33:28', '2021-01-25 14:33:43', '40d76ac8-c8e0-493d-b947-8f82da7f613f');
INSERT INTO public.structureelements (id, "structureId", "elementId", root, lft, rgt, level, "dateCreated", "dateUpdated", uid) VALUES (20, 1, 172, 1, 37, 38, 2, '2021-01-25 14:33:30', '2021-01-25 14:33:44', '1dff34b1-97d3-4e85-a63a-dabd79f5599f');
INSERT INTO public.structureelements (id, "structureId", "elementId", root, lft, rgt, level, "dateCreated", "dateUpdated", uid) VALUES (16, 1, 168, 1, 30, 41, 1, '2021-01-25 14:33:18', '2021-01-25 14:33:45', '10017524-3e84-4530-bb0d-d6412a5762e5');
INSERT INTO public.structureelements (id, "structureId", "elementId", root, lft, rgt, level, "dateCreated", "dateUpdated", uid) VALUES (21, 1, 173, 1, 39, 40, 2, '2021-01-25 14:33:33', '2021-01-25 14:33:45', 'c9a0dab6-b52b-43be-940f-400830351a0d');
INSERT INTO public.structureelements (id, "structureId", "elementId", root, lft, rgt, level, "dateCreated", "dateUpdated", uid) VALUES (5, 1, 141, 1, 7, 8, 2, '2021-01-22 14:37:36', '2021-01-22 14:38:49', '72d94104-dd52-4e24-9732-5fc7621ea49a');
INSERT INTO public.structureelements (id, "structureId", "elementId", root, lft, rgt, level, "dateCreated", "dateUpdated", uid) VALUES (1, 1, NULL, 1, 1, 42, 0, '2021-01-22 14:35:35', '2021-01-25 14:33:45', '3731ae7c-a296-47c2-9520-8f1a4b61f911');
INSERT INTO public.structureelements (id, "structureId", "elementId", root, lft, rgt, level, "dateCreated", "dateUpdated", uid) VALUES (4, 1, 140, 1, 5, 6, 2, '2021-01-22 14:37:31', '2021-01-22 14:38:49', 'df698754-ff36-4339-85aa-60452efa4c1c');
INSERT INTO public.structureelements (id, "structureId", "elementId", root, lft, rgt, level, "dateCreated", "dateUpdated", uid) VALUES (2, 1, 138, 1, 2, 11, 1, '2021-01-22 14:35:35', '2021-01-22 14:38:55', '6237f673-d788-4f89-8d95-41d407d0ad8a');
INSERT INTO public.structureelements (id, "structureId", "elementId", root, lft, rgt, level, "dateCreated", "dateUpdated", uid) VALUES (8, 1, 144, 1, 13, 14, 2, '2021-01-22 14:37:54', '2021-01-22 14:38:55', '8b6f48c3-e616-4a46-8852-563652768a61');
INSERT INTO public.structureelements (id, "structureId", "elementId", root, lft, rgt, level, "dateCreated", "dateUpdated", uid) VALUES (9, 1, 145, 1, 15, 16, 2, '2021-01-22 14:37:57', '2021-01-22 14:38:55', 'c594b7b9-5223-4425-8540-5c349ea2ae36');
INSERT INTO public.structureelements (id, "structureId", "elementId", root, lft, rgt, level, "dateCreated", "dateUpdated", uid) VALUES (7, 1, 143, 1, 12, 19, 1, '2021-01-22 14:37:51', '2021-01-22 14:38:55', 'e7c01fc5-ba29-4cb9-a561-149c48e69ba7');
INSERT INTO public.structureelements (id, "structureId", "elementId", root, lft, rgt, level, "dateCreated", "dateUpdated", uid) VALUES (10, 1, 146, 1, 17, 18, 2, '2021-01-22 14:38:01', '2021-01-22 14:38:55', 'ff431c16-8062-4dc3-9909-aeea65008d24');
INSERT INTO public.structureelements (id, "structureId", "elementId", root, lft, rgt, level, "dateCreated", "dateUpdated", uid) VALUES (6, 1, 142, 1, 9, 10, 2, '2021-01-22 14:37:42', '2021-01-22 14:38:55', 'a5e020aa-e09d-4814-a3fd-a2c8de6d9c50');


--
-- Data for Name: structures; Type: TABLE DATA; Schema: public; Owner: -
--

INSERT INTO public.structures (id, "maxLevels", "dateCreated", "dateUpdated", "dateDeleted", uid) VALUES (1, 2, '2021-01-22 14:35:05', '2021-01-22 14:35:05', NULL, 'cee94a14-2190-4dc1-a129-1ccafd44ed14');
INSERT INTO public.structures (id, "maxLevels", "dateCreated", "dateUpdated", "dateDeleted", uid) VALUES (2, 1, '2021-01-25 14:34:23', '2021-01-25 14:36:53', NULL, '8a65445b-9e49-450e-a60e-190e1b0b5de8');
INSERT INTO public.structures (id, "maxLevels", "dateCreated", "dateUpdated", "dateDeleted", uid) VALUES (3, 2, '2021-01-27 15:40:44', '2021-01-27 15:40:44', NULL, '6ce3fefa-8060-4e69-8df4-0e550b537554');


--
-- Data for Name: systemmessages; Type: TABLE DATA; Schema: public; Owner: -
--



--
-- Data for Name: taggroups; Type: TABLE DATA; Schema: public; Owner: -
--



--
-- Data for Name: tags; Type: TABLE DATA; Schema: public; Owner: -
--



--
-- Data for Name: tokens; Type: TABLE DATA; Schema: public; Owner: -
--

INSERT INTO public.tokens (id, token, route, "usageLimit", "usageCount", "expiryDate", "dateCreated", "dateUpdated", uid) VALUES (11, 'pKYvsLb4cSjfNTbic1lYVdjO6vLJizTL', '["preview/preview",{"elementType":"craft\\elements\\Entry","sourceId":44,"siteId":1,"draftId":null,"revisionId":null}]', NULL, NULL, '2020-12-17 08:42:44', '2020-12-16 08:42:44', '2020-12-16 08:42:44', 'a90b45e6-6b71-44f4-8e9d-3a2762a1b463');
INSERT INTO public.tokens (id, token, route, "usageLimit", "usageCount", "expiryDate", "dateCreated", "dateUpdated", uid) VALUES (12, 'FTGEV2FHbViDUJHszLXjcixEYlEtcM6y', '["preview/preview",{"elementType":"craft\\elements\\Entry","sourceId":44,"siteId":1,"draftId":10,"revisionId":null}]', NULL, NULL, '2020-12-17 08:50:21', '2020-12-16 08:50:21', '2020-12-16 08:50:21', '41e235a8-9428-4b1a-9507-3e1a3a4226d2');
INSERT INTO public.tokens (id, token, route, "usageLimit", "usageCount", "expiryDate", "dateCreated", "dateUpdated", uid) VALUES (13, 'cZy0pBnv6hWSr_Mgxp1mM-RxyiwFcG4y', '["preview/preview",{"elementType":"craft\\elements\\Entry","sourceId":44,"siteId":1,"draftId":10,"revisionId":null}]', NULL, NULL, '2020-12-17 09:09:58', '2020-12-16 09:09:58', '2020-12-16 09:09:58', 'd1b5fe6a-78ca-4caf-a106-aebe7d4cdc8d');
INSERT INTO public.tokens (id, token, route, "usageLimit", "usageCount", "expiryDate", "dateCreated", "dateUpdated", uid) VALUES (14, '98d6ly3XdvC3SQfVyK-kFpVQZHqhmgKq', '["preview/preview",{"elementType":"craft\\elements\\Entry","sourceId":44,"siteId":1,"draftId":10,"revisionId":null}]', NULL, NULL, '2020-12-17 13:56:54', '2020-12-16 13:56:54', '2020-12-16 13:56:54', 'bd21c3b4-27e5-44ad-a628-082567f5376a');


--
-- Data for Name: usergroups; Type: TABLE DATA; Schema: public; Owner: -
--

INSERT INTO public.usergroups (id, name, handle, description, "dateCreated", "dateUpdated", uid) VALUES (1, 'Registriert', 'registered', 'Start Benutzergruppe nach einer Registrierung', '2020-11-30 12:01:44', '2020-11-30 12:01:44', 'b3ebc429-1aaf-4077-9b55-732d13785f99');
INSERT INTO public.usergroups (id, name, handle, description, "dateCreated", "dateUpdated", uid) VALUES (2, 'Redakteure', 'redactor', '', '2020-12-09 11:43:44', '2020-12-09 11:43:44', '0144de20-93d5-432d-ba93-f08f4a599148');


--
-- Data for Name: usergroups_users; Type: TABLE DATA; Schema: public; Owner: -
--



--
-- Data for Name: userpermissions; Type: TABLE DATA; Schema: public; Owner: -
--

INSERT INTO public.userpermissions (id, name, "dateCreated", "dateUpdated", uid) VALUES (1, 'accesscp', '2020-11-30 14:45:38', '2020-11-30 14:45:38', '0af6ae1b-0e9b-43a1-8093-cb1cf13337f8');


--
-- Data for Name: userpermissions_usergroups; Type: TABLE DATA; Schema: public; Owner: -
--



--
-- Data for Name: userpermissions_users; Type: TABLE DATA; Schema: public; Owner: -
--



--
-- Data for Name: userpreferences; Type: TABLE DATA; Schema: public; Owner: -
--

INSERT INTO public.userpreferences ("userId", preferences) VALUES (1, '{"language":"de","locale":null,"weekStartDay":null,"useShapes":false,"underlineLinks":false,"showFieldHandles":false,"enableDebugToolbarForSite":false,"enableDebugToolbarForCp":false,"showExceptionView":false,"profileTemplates":false}');
INSERT INTO public.userpreferences ("userId", preferences) VALUES (16, '{"language":"de","locale":null,"weekStartDay":"1","useShapes":false,"underlineLinks":false,"showFieldHandles":true,"enableDebugToolbarForSite":true,"enableDebugToolbarForCp":true,"showExceptionView":true,"profileTemplates":true}');
INSERT INTO public.userpreferences ("userId", preferences) VALUES (206, '{"language":null,"locale":null,"weekStartDay":null,"useShapes":false,"underlineLinks":false,"showFieldHandles":false,"enableDebugToolbarForSite":false,"enableDebugToolbarForCp":false,"showExceptionView":false,"profileTemplates":false}');
INSERT INTO public.userpreferences ("userId", preferences) VALUES (207, '{"language":null,"locale":null,"weekStartDay":null,"useShapes":false,"underlineLinks":false,"showFieldHandles":false,"enableDebugToolbarForSite":false,"enableDebugToolbarForCp":false,"showExceptionView":false,"profileTemplates":false}');


--
-- Data for Name: users; Type: TABLE DATA; Schema: public; Owner: -
--

INSERT INTO public.users (id, username, "photoId", "firstName", "lastName", email, password, admin, locked, suspended, pending, "lastLoginDate", "lastLoginAttemptIp", "invalidLoginWindowStart", "invalidLoginCount", "lastInvalidLoginDate", "lockoutDate", "hasDashboard", "verificationCode", "verificationCodeIssuedDate", "unverifiedEmail", "passwordResetRequired", "lastPasswordChangeDate", "dateCreated", "dateUpdated", uid) VALUES (1, 'dev@industryarena.com', NULL, 'Laura', 'Meister', 'dev@industryarena.com', '$2y$13$abTk6ieORhAkhC89GVJWEeEetlvbUcsKZ1T.q0sv6jQ1hxkgrRkSe', true, false, false, false, '2020-12-14 16:35:07', NULL, '2020-11-25 10:52:16', 1, '2020-11-25 10:52:16', NULL, true, NULL, NULL, NULL, false, '2020-11-25 10:32:44', '2020-11-25 10:32:44', '2020-12-14 16:35:07', '99eaed5c-b753-4364-9efa-7601bc916d12');
INSERT INTO public.users (id, username, "photoId", "firstName", "lastName", email, password, admin, locked, suspended, pending, "lastLoginDate", "lastLoginAttemptIp", "invalidLoginWindowStart", "invalidLoginCount", "lastInvalidLoginDate", "lockoutDate", "hasDashboard", "verificationCode", "verificationCodeIssuedDate", "unverifiedEmail", "passwordResetRequired", "lastPasswordChangeDate", "dateCreated", "dateUpdated", uid) VALUES (206, 'stefan.schwaneck', NULL, 'Stefan', 'Schwaneck', 's.schwaneck@vdw.de', NULL, true, false, false, true, NULL, NULL, NULL, NULL, NULL, NULL, false, '$2y$13$ce.QKNXA/U/iQgh1Ah3DC.Ak4w3CAAgpqGn8HA225V44xwGLuIDtG', '2021-01-29 13:25:14', 's.schwaneck@vdw.de', false, NULL, '2021-01-29 13:25:13', '2021-01-29 13:25:14', '3db1a70d-6e0b-442f-b085-72a96bcfd8b7');
INSERT INTO public.users (id, username, "photoId", "firstName", "lastName", email, password, admin, locked, suspended, pending, "lastLoginDate", "lastLoginAttemptIp", "invalidLoginWindowStart", "invalidLoginCount", "lastInvalidLoginDate", "lockoutDate", "hasDashboard", "verificationCode", "verificationCodeIssuedDate", "unverifiedEmail", "passwordResetRequired", "lastPasswordChangeDate", "dateCreated", "dateUpdated", uid) VALUES (207, 'sebastian.noell', NULL, 'Sebastian', 'Nll', 'noell@4ft.de', NULL, true, false, false, true, NULL, NULL, NULL, NULL, NULL, NULL, false, '$2y$13$zRwZD48fMTGJDIygUx0ILeiU/3WCumQ2rTsTa7gBxF9tk8YnOpdo2', '2021-01-29 13:25:49', 'noell@4ft.de', false, NULL, '2021-01-29 13:25:49', '2021-01-29 13:25:49', 'd46e5f1a-8f70-43f2-aaa3-d486bd4544fc');
INSERT INTO public.users (id, username, "photoId", "firstName", "lastName", email, password, admin, locked, suspended, pending, "lastLoginDate", "lastLoginAttemptIp", "invalidLoginWindowStart", "invalidLoginCount", "lastInvalidLoginDate", "lockoutDate", "hasDashboard", "verificationCode", "verificationCodeIssuedDate", "unverifiedEmail", "passwordResetRequired", "lastPasswordChangeDate", "dateCreated", "dateUpdated", uid) VALUES (16, 'alexej.kloos', NULL, 'Alexej', 'Kloos', 'alexej.kloos@industryarena.com', '$2y$13$o4yh.kHn5t3OVg9vYzf72eF2ilhulO1ZzWjK0M.olWrOOzrBxjGj2', true, false, false, false, '2021-02-01 15:24:35', NULL, NULL, NULL, NULL, NULL, true, NULL, NULL, NULL, false, '2021-01-18 15:01:55', '2020-11-25 10:51:51', '2021-02-01 15:24:35', '24affce9-7b24-4247-9d84-a1f8b95a3436');


--
-- Data for Name: volumefolders; Type: TABLE DATA; Schema: public; Owner: -
--

INSERT INTO public.volumefolders (id, "parentId", "volumeId", name, path, "dateCreated", "dateUpdated", uid) VALUES (3, NULL, NULL, 'Temporre Quelle', NULL, '2020-11-25 10:38:02', '2020-11-25 10:38:02', 'addc979a-49ce-46bf-a249-56ee893754d4');
INSERT INTO public.volumefolders (id, "parentId", "volumeId", name, path, "dateCreated", "dateUpdated", uid) VALUES (4, 3, NULL, 'user_1', 'user_1/', '2020-11-25 10:38:02', '2020-11-25 10:38:02', '0d56368d-2536-4d77-aba2-021162c34d23');
INSERT INTO public.volumefolders (id, "parentId", "volumeId", name, path, "dateCreated", "dateUpdated", uid) VALUES (5, 3, NULL, 'user_16', 'user_16/', '2020-11-25 12:11:42', '2020-11-25 12:11:42', '611bdd59-4103-4f64-b463-5c7dd55b2f9a');
INSERT INTO public.volumefolders (id, "parentId", "volumeId", name, path, "dateCreated", "dateUpdated", uid) VALUES (1, NULL, 1, 'Personen 2019', '', '2020-11-25 10:32:43', '2021-01-27 08:54:56', '8118825a-da70-4b7e-b208-5e6bf49d6718');
INSERT INTO public.volumefolders (id, "parentId", "volumeId", name, path, "dateCreated", "dateUpdated", uid) VALUES (2, NULL, 2, 'Seiten 2019', '', '2020-11-25 10:32:43', '2021-01-27 08:56:30', 'dff56429-3388-4875-8fd2-ab5bd662c8b8');
INSERT INTO public.volumefolders (id, "parentId", "volumeId", name, path, "dateCreated", "dateUpdated", uid) VALUES (6, NULL, 3, 'Artikel 2019', '', '2021-01-27 08:57:12', '2021-01-27 08:57:12', '84010411-4d86-4ee0-adf2-a0c6b1f82ab8');


--
-- Data for Name: volumes; Type: TABLE DATA; Schema: public; Owner: -
--

INSERT INTO public.volumes (id, "fieldLayoutId", name, handle, type, "hasUrls", url, settings, "sortOrder", "dateCreated", "dateUpdated", "dateDeleted", uid, "titleTranslationMethod", "titleTranslationKeyFormat") VALUES (1, 2, 'Personen 2019', 'persons_2019', 'craft\volumes\Local', true, '@web/persons_2019', '{"path":"@webroot/persons_2019"}', 1, '2020-11-25 10:32:43', '2021-01-27 08:54:56', NULL, '24c25c8a-80ea-4d24-ad72-d168a19e07cd', 'site', NULL);
INSERT INTO public.volumes (id, "fieldLayoutId", name, handle, type, "hasUrls", url, settings, "sortOrder", "dateCreated", "dateUpdated", "dateDeleted", uid, "titleTranslationMethod", "titleTranslationKeyFormat") VALUES (2, 3, 'Seiten 2019', 'pages_2019', 'craft\volumes\Local', true, '@web/pages_2019', '{"path":"@webroot/pages_2019"}', 2, '2020-11-25 10:32:43', '2021-01-27 09:07:05', NULL, '6d6fb726-ec98-4924-a4c4-0d5e30359a91', 'site', NULL);
INSERT INTO public.volumes (id, "fieldLayoutId", name, handle, type, "hasUrls", url, settings, "sortOrder", "dateCreated", "dateUpdated", "dateDeleted", uid, "titleTranslationMethod", "titleTranslationKeyFormat") VALUES (3, 18, 'Artikel 2019', 'article_2019', 'craft\volumes\Local', true, '@web/article_2019', '{"path":"@webroot/article_2019"}', 3, '2021-01-27 08:57:12', '2021-01-27 09:17:28', NULL, '6ccb6428-fc6d-4868-a8e1-17eefa4bfbb7', 'site', NULL);


--
-- Data for Name: widgets; Type: TABLE DATA; Schema: public; Owner: -
--

INSERT INTO public.widgets (id, "userId", type, "sortOrder", colspan, settings, enabled, "dateCreated", "dateUpdated", uid) VALUES (1, 1, 'craft\widgets\RecentEntries', 1, NULL, '{"siteId":1,"section":"*","limit":10}', true, '2020-11-25 10:35:24', '2020-11-25 10:35:24', 'f11c7a2a-6f8a-4757-938e-110400c619a4');
INSERT INTO public.widgets (id, "userId", type, "sortOrder", colspan, settings, enabled, "dateCreated", "dateUpdated", uid) VALUES (2, 1, 'craft\widgets\CraftSupport', 2, NULL, '[]', true, '2020-11-25 10:35:24', '2020-11-25 10:35:24', '62adfb95-0861-4b98-8742-6d5121daa340');
INSERT INTO public.widgets (id, "userId", type, "sortOrder", colspan, settings, enabled, "dateCreated", "dateUpdated", uid) VALUES (3, 1, 'craft\widgets\Updates', 3, NULL, '[]', true, '2020-11-25 10:35:24', '2020-11-25 10:35:24', '0d2184e6-242c-4d78-84ec-ff40780faf58');
INSERT INTO public.widgets (id, "userId", type, "sortOrder", colspan, settings, enabled, "dateCreated", "dateUpdated", uid) VALUES (4, 1, 'craft\widgets\Feed', 4, NULL, '{"url":"https://craftcms.com/news.rss","title":"Craft News","limit":5}', true, '2020-11-25 10:35:25', '2020-11-25 10:35:25', '87084524-a54f-4642-8eb3-431af7bda593');
INSERT INTO public.widgets (id, "userId", type, "sortOrder", colspan, settings, enabled, "dateCreated", "dateUpdated", uid) VALUES (5, 16, 'craft\widgets\RecentEntries', 1, NULL, '{"siteId":1,"section":"*","limit":10}', true, '2020-11-25 12:11:12', '2020-11-25 12:11:12', '51c322ca-fc65-4084-8967-baad12de4959');
INSERT INTO public.widgets (id, "userId", type, "sortOrder", colspan, settings, enabled, "dateCreated", "dateUpdated", uid) VALUES (6, 16, 'craft\widgets\CraftSupport', 2, NULL, '[]', true, '2020-11-25 12:11:12', '2020-11-25 12:11:12', '5c3fc455-ad00-4428-9ca1-bf75a0d0c57a');
INSERT INTO public.widgets (id, "userId", type, "sortOrder", colspan, settings, enabled, "dateCreated", "dateUpdated", uid) VALUES (7, 16, 'craft\widgets\Updates', 3, NULL, '[]', true, '2020-11-25 12:11:12', '2020-11-25 12:11:12', '26c0fcb0-e6c3-4325-8801-688f44def6d2');
INSERT INTO public.widgets (id, "userId", type, "sortOrder", colspan, settings, enabled, "dateCreated", "dateUpdated", uid) VALUES (8, 16, 'craft\widgets\Feed', 4, NULL, '{"url":"https://craftcms.com/news.rss","title":"Craft News","limit":5}', true, '2020-11-25 12:11:12', '2020-11-25 12:11:12', 'cf22ffcb-0f30-432a-89c5-ee4d045b7ce1');


--
-- Name: assetindexdata_id_seq; Type: SEQUENCE SET; Schema: public; Owner: -
--

SELECT pg_catalog.setval('public.assetindexdata_id_seq', 5, true);


--
-- Name: assettransformindex_id_seq; Type: SEQUENCE SET; Schema: public; Owner: -
--

SELECT pg_catalog.setval('public.assettransformindex_id_seq', 1, false);


--
-- Name: assettransforms_id_seq; Type: SEQUENCE SET; Schema: public; Owner: -
--

SELECT pg_catalog.setval('public.assettransforms_id_seq', 1, false);


--
-- Name: categorygroups_id_seq; Type: SEQUENCE SET; Schema: public; Owner: -
--

SELECT pg_catalog.setval('public.categorygroups_id_seq', 3, true);


--
-- Name: categorygroups_sites_id_seq; Type: SEQUENCE SET; Schema: public; Owner: -
--

SELECT pg_catalog.setval('public.categorygroups_sites_id_seq', 7, true);


--
-- Name: content_id_seq; Type: SEQUENCE SET; Schema: public; Owner: -
--

SELECT pg_catalog.setval('public.content_id_seq', 303, true);


--
-- Name: craftidtokens_id_seq; Type: SEQUENCE SET; Schema: public; Owner: -
--

SELECT pg_catalog.setval('public.craftidtokens_id_seq', 1, true);


--
-- Name: deprecationerrors_id_seq; Type: SEQUENCE SET; Schema: public; Owner: -
--

SELECT pg_catalog.setval('public.deprecationerrors_id_seq', 1, false);


--
-- Name: drafts_id_seq; Type: SEQUENCE SET; Schema: public; Owner: -
--

SELECT pg_catalog.setval('public.drafts_id_seq', 41, true);


--
-- Name: elementindexsettings_id_seq; Type: SEQUENCE SET; Schema: public; Owner: -
--

SELECT pg_catalog.setval('public.elementindexsettings_id_seq', 21, true);


--
-- Name: elements_id_seq; Type: SEQUENCE SET; Schema: public; Owner: -
--

SELECT pg_catalog.setval('public.elements_id_seq', 212, true);


--
-- Name: elements_sites_id_seq; Type: SEQUENCE SET; Schema: public; Owner: -
--

SELECT pg_catalog.setval('public.elements_sites_id_seq', 365, true);


--
-- Name: entrytypes_id_seq; Type: SEQUENCE SET; Schema: public; Owner: -
--

SELECT pg_catalog.setval('public.entrytypes_id_seq', 13, true);


--
-- Name: fieldgroups_id_seq; Type: SEQUENCE SET; Schema: public; Owner: -
--

SELECT pg_catalog.setval('public.fieldgroups_id_seq', 15, true);


--
-- Name: fieldlayoutfields_id_seq; Type: SEQUENCE SET; Schema: public; Owner: -
--

SELECT pg_catalog.setval('public.fieldlayoutfields_id_seq', 457, true);


--
-- Name: fieldlayouts_id_seq; Type: SEQUENCE SET; Schema: public; Owner: -
--

SELECT pg_catalog.setval('public.fieldlayouts_id_seq', 22, true);


--
-- Name: fieldlayouttabs_id_seq; Type: SEQUENCE SET; Schema: public; Owner: -
--

SELECT pg_catalog.setval('public.fieldlayouttabs_id_seq', 135, true);


--
-- Name: fields_id_seq; Type: SEQUENCE SET; Schema: public; Owner: -
--

SELECT pg_catalog.setval('public.fields_id_seq', 53, true);


--
-- Name: globalsets_id_seq; Type: SEQUENCE SET; Schema: public; Owner: -
--

SELECT pg_catalog.setval('public.globalsets_id_seq', 1, false);


--
-- Name: gqlschemas_id_seq; Type: SEQUENCE SET; Schema: public; Owner: -
--

SELECT pg_catalog.setval('public.gqlschemas_id_seq', 5, true);


--
-- Name: gqltokens_id_seq; Type: SEQUENCE SET; Schema: public; Owner: -
--

SELECT pg_catalog.setval('public.gqltokens_id_seq', 75, true);


--
-- Name: info_id_seq; Type: SEQUENCE SET; Schema: public; Owner: -
--

SELECT pg_catalog.setval('public.info_id_seq', 1, false);


--
-- Name: matrixblocktypes_id_seq; Type: SEQUENCE SET; Schema: public; Owner: -
--

SELECT pg_catalog.setval('public.matrixblocktypes_id_seq', 1, false);


--
-- Name: migrations_id_seq; Type: SEQUENCE SET; Schema: public; Owner: -
--

SELECT pg_catalog.setval('public.migrations_id_seq', 182, true);


--
-- Name: plugins_id_seq; Type: SEQUENCE SET; Schema: public; Owner: -
--

SELECT pg_catalog.setval('public.plugins_id_seq', 4, true);


--
-- Name: queue_id_seq; Type: SEQUENCE SET; Schema: public; Owner: -
--

SELECT pg_catalog.setval('public.queue_id_seq', 446, true);


--
-- Name: relations_id_seq; Type: SEQUENCE SET; Schema: public; Owner: -
--

SELECT pg_catalog.setval('public.relations_id_seq', 113, true);


--
-- Name: revisions_id_seq; Type: SEQUENCE SET; Schema: public; Owner: -
--

SELECT pg_catalog.setval('public.revisions_id_seq', 33, true);


--
-- Name: sections_id_seq; Type: SEQUENCE SET; Schema: public; Owner: -
--

SELECT pg_catalog.setval('public.sections_id_seq', 11, true);


--
-- Name: sections_sites_id_seq; Type: SEQUENCE SET; Schema: public; Owner: -
--

SELECT pg_catalog.setval('public.sections_sites_id_seq', 22, true);


--
-- Name: sessions_id_seq; Type: SEQUENCE SET; Schema: public; Owner: -
--

SELECT pg_catalog.setval('public.sessions_id_seq', 49, true);


--
-- Name: shunnedmessages_id_seq; Type: SEQUENCE SET; Schema: public; Owner: -
--

SELECT pg_catalog.setval('public.shunnedmessages_id_seq', 1, false);


--
-- Name: sitegroups_id_seq; Type: SEQUENCE SET; Schema: public; Owner: -
--

SELECT pg_catalog.setval('public.sitegroups_id_seq', 1, true);


--
-- Name: sites_id_seq; Type: SEQUENCE SET; Schema: public; Owner: -
--

SELECT pg_catalog.setval('public.sites_id_seq', 3, true);


--
-- Name: structureelements_id_seq; Type: SEQUENCE SET; Schema: public; Owner: -
--

SELECT pg_catalog.setval('public.structureelements_id_seq', 32, true);


--
-- Name: structures_id_seq; Type: SEQUENCE SET; Schema: public; Owner: -
--

SELECT pg_catalog.setval('public.structures_id_seq', 3, true);


--
-- Name: systemmessages_id_seq; Type: SEQUENCE SET; Schema: public; Owner: -
--

SELECT pg_catalog.setval('public.systemmessages_id_seq', 1, false);


--
-- Name: taggroups_id_seq; Type: SEQUENCE SET; Schema: public; Owner: -
--

SELECT pg_catalog.setval('public.taggroups_id_seq', 2, true);


--
-- Name: templatecacheelements_id_seq; Type: SEQUENCE SET; Schema: public; Owner: -
--

SELECT pg_catalog.setval('public.templatecacheelements_id_seq', 1, false);


--
-- Name: templatecachequeries_id_seq; Type: SEQUENCE SET; Schema: public; Owner: -
--

SELECT pg_catalog.setval('public.templatecachequeries_id_seq', 1, false);


--
-- Name: templatecaches_id_seq; Type: SEQUENCE SET; Schema: public; Owner: -
--

SELECT pg_catalog.setval('public.templatecaches_id_seq', 1, false);


--
-- Name: tokens_id_seq; Type: SEQUENCE SET; Schema: public; Owner: -
--

SELECT pg_catalog.setval('public.tokens_id_seq', 14, true);


--
-- Name: usergroups_id_seq; Type: SEQUENCE SET; Schema: public; Owner: -
--

SELECT pg_catalog.setval('public.usergroups_id_seq', 2, true);


--
-- Name: usergroups_users_id_seq; Type: SEQUENCE SET; Schema: public; Owner: -
--

SELECT pg_catalog.setval('public.usergroups_users_id_seq', 2, true);


--
-- Name: userpermissions_id_seq; Type: SEQUENCE SET; Schema: public; Owner: -
--

SELECT pg_catalog.setval('public.userpermissions_id_seq', 1, true);


--
-- Name: userpermissions_usergroups_id_seq; Type: SEQUENCE SET; Schema: public; Owner: -
--

SELECT pg_catalog.setval('public.userpermissions_usergroups_id_seq', 1, false);


--
-- Name: userpermissions_users_id_seq; Type: SEQUENCE SET; Schema: public; Owner: -
--

SELECT pg_catalog.setval('public.userpermissions_users_id_seq', 52, true);


--
-- Name: userpreferences_userId_seq; Type: SEQUENCE SET; Schema: public; Owner: -
--

SELECT pg_catalog.setval('public."userpreferences_userId_seq"', 1, false);


--
-- Name: volumefolders_id_seq; Type: SEQUENCE SET; Schema: public; Owner: -
--

SELECT pg_catalog.setval('public.volumefolders_id_seq', 6, true);


--
-- Name: volumes_id_seq; Type: SEQUENCE SET; Schema: public; Owner: -
--

SELECT pg_catalog.setval('public.volumes_id_seq', 3, true);


--
-- Name: widgets_id_seq; Type: SEQUENCE SET; Schema: public; Owner: -
--

SELECT pg_catalog.setval('public.widgets_id_seq', 8, true);


--
-- Name: assetindexdata assetindexdata_pkey; Type: CONSTRAINT; Schema: public; Owner: -
--

ALTER TABLE ONLY public.assetindexdata
    ADD CONSTRAINT assetindexdata_pkey PRIMARY KEY (id);


--
-- Name: assets assets_pkey; Type: CONSTRAINT; Schema: public; Owner: -
--

ALTER TABLE ONLY public.assets
    ADD CONSTRAINT assets_pkey PRIMARY KEY (id);


--
-- Name: assettransformindex assettransformindex_pkey; Type: CONSTRAINT; Schema: public; Owner: -
--

ALTER TABLE ONLY public.assettransformindex
    ADD CONSTRAINT assettransformindex_pkey PRIMARY KEY (id);


--
-- Name: assettransforms assettransforms_pkey; Type: CONSTRAINT; Schema: public; Owner: -
--

ALTER TABLE ONLY public.assettransforms
    ADD CONSTRAINT assettransforms_pkey PRIMARY KEY (id);


--
-- Name: categories categories_pkey; Type: CONSTRAINT; Schema: public; Owner: -
--

ALTER TABLE ONLY public.categories
    ADD CONSTRAINT categories_pkey PRIMARY KEY (id);


--
-- Name: categorygroups categorygroups_pkey; Type: CONSTRAINT; Schema: public; Owner: -
--

ALTER TABLE ONLY public.categorygroups
    ADD CONSTRAINT categorygroups_pkey PRIMARY KEY (id);


--
-- Name: categorygroups_sites categorygroups_sites_pkey; Type: CONSTRAINT; Schema: public; Owner: -
--

ALTER TABLE ONLY public.categorygroups_sites
    ADD CONSTRAINT categorygroups_sites_pkey PRIMARY KEY (id);


--
-- Name: changedattributes changedattributes_pkey; Type: CONSTRAINT; Schema: public; Owner: -
--

ALTER TABLE ONLY public.changedattributes
    ADD CONSTRAINT changedattributes_pkey PRIMARY KEY ("elementId", "siteId", attribute);


--
-- Name: changedfields changedfields_pkey; Type: CONSTRAINT; Schema: public; Owner: -
--

ALTER TABLE ONLY public.changedfields
    ADD CONSTRAINT changedfields_pkey PRIMARY KEY ("elementId", "siteId", "fieldId");


--
-- Name: content content_pkey; Type: CONSTRAINT; Schema: public; Owner: -
--

ALTER TABLE ONLY public.content
    ADD CONSTRAINT content_pkey PRIMARY KEY (id);


--
-- Name: craftidtokens craftidtokens_pkey; Type: CONSTRAINT; Schema: public; Owner: -
--

ALTER TABLE ONLY public.craftidtokens
    ADD CONSTRAINT craftidtokens_pkey PRIMARY KEY (id);


--
-- Name: deprecationerrors deprecationerrors_pkey; Type: CONSTRAINT; Schema: public; Owner: -
--

ALTER TABLE ONLY public.deprecationerrors
    ADD CONSTRAINT deprecationerrors_pkey PRIMARY KEY (id);


--
-- Name: drafts drafts_pkey; Type: CONSTRAINT; Schema: public; Owner: -
--

ALTER TABLE ONLY public.drafts
    ADD CONSTRAINT drafts_pkey PRIMARY KEY (id);


--
-- Name: elementindexsettings elementindexsettings_pkey; Type: CONSTRAINT; Schema: public; Owner: -
--

ALTER TABLE ONLY public.elementindexsettings
    ADD CONSTRAINT elementindexsettings_pkey PRIMARY KEY (id);


--
-- Name: elements elements_pkey; Type: CONSTRAINT; Schema: public; Owner: -
--

ALTER TABLE ONLY public.elements
    ADD CONSTRAINT elements_pkey PRIMARY KEY (id);


--
-- Name: elements_sites elements_sites_pkey; Type: CONSTRAINT; Schema: public; Owner: -
--

ALTER TABLE ONLY public.elements_sites
    ADD CONSTRAINT elements_sites_pkey PRIMARY KEY (id);


--
-- Name: entries entries_pkey; Type: CONSTRAINT; Schema: public; Owner: -
--

ALTER TABLE ONLY public.entries
    ADD CONSTRAINT entries_pkey PRIMARY KEY (id);


--
-- Name: entrytypes entrytypes_pkey; Type: CONSTRAINT; Schema: public; Owner: -
--

ALTER TABLE ONLY public.entrytypes
    ADD CONSTRAINT entrytypes_pkey PRIMARY KEY (id);


--
-- Name: fieldgroups fieldgroups_pkey; Type: CONSTRAINT; Schema: public; Owner: -
--

ALTER TABLE ONLY public.fieldgroups
    ADD CONSTRAINT fieldgroups_pkey PRIMARY KEY (id);


--
-- Name: fieldlayoutfields fieldlayoutfields_pkey; Type: CONSTRAINT; Schema: public; Owner: -
--

ALTER TABLE ONLY public.fieldlayoutfields
    ADD CONSTRAINT fieldlayoutfields_pkey PRIMARY KEY (id);


--
-- Name: fieldlayouts fieldlayouts_pkey; Type: CONSTRAINT; Schema: public; Owner: -
--

ALTER TABLE ONLY public.fieldlayouts
    ADD CONSTRAINT fieldlayouts_pkey PRIMARY KEY (id);


--
-- Name: fieldlayouttabs fieldlayouttabs_pkey; Type: CONSTRAINT; Schema: public; Owner: -
--

ALTER TABLE ONLY public.fieldlayouttabs
    ADD CONSTRAINT fieldlayouttabs_pkey PRIMARY KEY (id);


--
-- Name: fields fields_pkey; Type: CONSTRAINT; Schema: public; Owner: -
--

ALTER TABLE ONLY public.fields
    ADD CONSTRAINT fields_pkey PRIMARY KEY (id);


--
-- Name: globalsets globalsets_pkey; Type: CONSTRAINT; Schema: public; Owner: -
--

ALTER TABLE ONLY public.globalsets
    ADD CONSTRAINT globalsets_pkey PRIMARY KEY (id);


--
-- Name: gqlschemas gqlschemas_pkey; Type: CONSTRAINT; Schema: public; Owner: -
--

ALTER TABLE ONLY public.gqlschemas
    ADD CONSTRAINT gqlschemas_pkey PRIMARY KEY (id);


--
-- Name: gqltokens gqltokens_pkey; Type: CONSTRAINT; Schema: public; Owner: -
--

ALTER TABLE ONLY public.gqltokens
    ADD CONSTRAINT gqltokens_pkey PRIMARY KEY (id);


--
-- Name: info info_pkey; Type: CONSTRAINT; Schema: public; Owner: -
--

ALTER TABLE ONLY public.info
    ADD CONSTRAINT info_pkey PRIMARY KEY (id);


--
-- Name: matrixblocks matrixblocks_pkey; Type: CONSTRAINT; Schema: public; Owner: -
--

ALTER TABLE ONLY public.matrixblocks
    ADD CONSTRAINT matrixblocks_pkey PRIMARY KEY (id);


--
-- Name: matrixblocktypes matrixblocktypes_pkey; Type: CONSTRAINT; Schema: public; Owner: -
--

ALTER TABLE ONLY public.matrixblocktypes
    ADD CONSTRAINT matrixblocktypes_pkey PRIMARY KEY (id);


--
-- Name: migrations migrations_pkey; Type: CONSTRAINT; Schema: public; Owner: -
--

ALTER TABLE ONLY public.migrations
    ADD CONSTRAINT migrations_pkey PRIMARY KEY (id);


--
-- Name: plugins plugins_pkey; Type: CONSTRAINT; Schema: public; Owner: -
--

ALTER TABLE ONLY public.plugins
    ADD CONSTRAINT plugins_pkey PRIMARY KEY (id);


--
-- Name: projectconfig projectconfig_pkey; Type: CONSTRAINT; Schema: public; Owner: -
--

ALTER TABLE ONLY public.projectconfig
    ADD CONSTRAINT projectconfig_pkey PRIMARY KEY (path);


--
-- Name: queue queue_pkey; Type: CONSTRAINT; Schema: public; Owner: -
--

ALTER TABLE ONLY public.queue
    ADD CONSTRAINT queue_pkey PRIMARY KEY (id);


--
-- Name: relations relations_pkey; Type: CONSTRAINT; Schema: public; Owner: -
--

ALTER TABLE ONLY public.relations
    ADD CONSTRAINT relations_pkey PRIMARY KEY (id);


--
-- Name: resourcepaths resourcepaths_pkey; Type: CONSTRAINT; Schema: public; Owner: -
--

ALTER TABLE ONLY public.resourcepaths
    ADD CONSTRAINT resourcepaths_pkey PRIMARY KEY (hash);


--
-- Name: revisions revisions_pkey; Type: CONSTRAINT; Schema: public; Owner: -
--

ALTER TABLE ONLY public.revisions
    ADD CONSTRAINT revisions_pkey PRIMARY KEY (id);


--
-- Name: searchindex searchindex_elementId_attribute_fieldId_siteId_unq_idx; Type: CONSTRAINT; Schema: public; Owner: -
--

ALTER TABLE ONLY public.searchindex
    ADD CONSTRAINT "searchindex_elementId_attribute_fieldId_siteId_unq_idx" PRIMARY KEY ("elementId", attribute, "fieldId", "siteId");


--
-- Name: sections sections_pkey; Type: CONSTRAINT; Schema: public; Owner: -
--

ALTER TABLE ONLY public.sections
    ADD CONSTRAINT sections_pkey PRIMARY KEY (id);


--
-- Name: sections_sites sections_sites_pkey; Type: CONSTRAINT; Schema: public; Owner: -
--

ALTER TABLE ONLY public.sections_sites
    ADD CONSTRAINT sections_sites_pkey PRIMARY KEY (id);


--
-- Name: sequences sequences_pkey; Type: CONSTRAINT; Schema: public; Owner: -
--

ALTER TABLE ONLY public.sequences
    ADD CONSTRAINT sequences_pkey PRIMARY KEY (name);


--
-- Name: sessions sessions_pkey; Type: CONSTRAINT; Schema: public; Owner: -
--

ALTER TABLE ONLY public.sessions
    ADD CONSTRAINT sessions_pkey PRIMARY KEY (id);


--
-- Name: shunnedmessages shunnedmessages_pkey; Type: CONSTRAINT; Schema: public; Owner: -
--

ALTER TABLE ONLY public.shunnedmessages
    ADD CONSTRAINT shunnedmessages_pkey PRIMARY KEY (id);


--
-- Name: sitegroups sitegroups_pkey; Type: CONSTRAINT; Schema: public; Owner: -
--

ALTER TABLE ONLY public.sitegroups
    ADD CONSTRAINT sitegroups_pkey PRIMARY KEY (id);


--
-- Name: sites sites_pkey; Type: CONSTRAINT; Schema: public; Owner: -
--

ALTER TABLE ONLY public.sites
    ADD CONSTRAINT sites_pkey PRIMARY KEY (id);


--
-- Name: structureelements structureelements_pkey; Type: CONSTRAINT; Schema: public; Owner: -
--

ALTER TABLE ONLY public.structureelements
    ADD CONSTRAINT structureelements_pkey PRIMARY KEY (id);


--
-- Name: structures structures_pkey; Type: CONSTRAINT; Schema: public; Owner: -
--

ALTER TABLE ONLY public.structures
    ADD CONSTRAINT structures_pkey PRIMARY KEY (id);


--
-- Name: systemmessages systemmessages_pkey; Type: CONSTRAINT; Schema: public; Owner: -
--

ALTER TABLE ONLY public.systemmessages
    ADD CONSTRAINT systemmessages_pkey PRIMARY KEY (id);


--
-- Name: taggroups taggroups_pkey; Type: CONSTRAINT; Schema: public; Owner: -
--

ALTER TABLE ONLY public.taggroups
    ADD CONSTRAINT taggroups_pkey PRIMARY KEY (id);


--
-- Name: tags tags_pkey; Type: CONSTRAINT; Schema: public; Owner: -
--

ALTER TABLE ONLY public.tags
    ADD CONSTRAINT tags_pkey PRIMARY KEY (id);


--
-- Name: templatecacheelements templatecacheelements_pkey; Type: CONSTRAINT; Schema: public; Owner: -
--

ALTER TABLE ONLY public.templatecacheelements
    ADD CONSTRAINT templatecacheelements_pkey PRIMARY KEY (id);


--
-- Name: templatecachequeries templatecachequeries_pkey; Type: CONSTRAINT; Schema: public; Owner: -
--

ALTER TABLE ONLY public.templatecachequeries
    ADD CONSTRAINT templatecachequeries_pkey PRIMARY KEY (id);


--
-- Name: templatecaches templatecaches_pkey; Type: CONSTRAINT; Schema: public; Owner: -
--

ALTER TABLE ONLY public.templatecaches
    ADD CONSTRAINT templatecaches_pkey PRIMARY KEY (id);


--
-- Name: tokens tokens_pkey; Type: CONSTRAINT; Schema: public; Owner: -
--

ALTER TABLE ONLY public.tokens
    ADD CONSTRAINT tokens_pkey PRIMARY KEY (id);


--
-- Name: usergroups usergroups_pkey; Type: CONSTRAINT; Schema: public; Owner: -
--

ALTER TABLE ONLY public.usergroups
    ADD CONSTRAINT usergroups_pkey PRIMARY KEY (id);


--
-- Name: usergroups_users usergroups_users_pkey; Type: CONSTRAINT; Schema: public; Owner: -
--

ALTER TABLE ONLY public.usergroups_users
    ADD CONSTRAINT usergroups_users_pkey PRIMARY KEY (id);


--
-- Name: userpermissions userpermissions_pkey; Type: CONSTRAINT; Schema: public; Owner: -
--

ALTER TABLE ONLY public.userpermissions
    ADD CONSTRAINT userpermissions_pkey PRIMARY KEY (id);


--
-- Name: userpermissions_usergroups userpermissions_usergroups_pkey; Type: CONSTRAINT; Schema: public; Owner: -
--

ALTER TABLE ONLY public.userpermissions_usergroups
    ADD CONSTRAINT userpermissions_usergroups_pkey PRIMARY KEY (id);


--
-- Name: userpermissions_users userpermissions_users_pkey; Type: CONSTRAINT; Schema: public; Owner: -
--

ALTER TABLE ONLY public.userpermissions_users
    ADD CONSTRAINT userpermissions_users_pkey PRIMARY KEY (id);


--
-- Name: userpreferences userpreferences_pkey; Type: CONSTRAINT; Schema: public; Owner: -
--

ALTER TABLE ONLY public.userpreferences
    ADD CONSTRAINT userpreferences_pkey PRIMARY KEY ("userId");


--
-- Name: users users_pkey; Type: CONSTRAINT; Schema: public; Owner: -
--

ALTER TABLE ONLY public.users
    ADD CONSTRAINT users_pkey PRIMARY KEY (id);


--
-- Name: volumefolders volumefolders_pkey; Type: CONSTRAINT; Schema: public; Owner: -
--

ALTER TABLE ONLY public.volumefolders
    ADD CONSTRAINT volumefolders_pkey PRIMARY KEY (id);


--
-- Name: volumes volumes_pkey; Type: CONSTRAINT; Schema: public; Owner: -
--

ALTER TABLE ONLY public.volumes
    ADD CONSTRAINT volumes_pkey PRIMARY KEY (id);


--
-- Name: widgets widgets_pkey; Type: CONSTRAINT; Schema: public; Owner: -
--

ALTER TABLE ONLY public.widgets
    ADD CONSTRAINT widgets_pkey PRIMARY KEY (id);


--
-- Name: assetindexdata_sessionId_volumeId_idx; Type: INDEX; Schema: public; Owner: -
--

CREATE INDEX "assetindexdata_sessionId_volumeId_idx" ON public.assetindexdata USING btree ("sessionId", "volumeId");


--
-- Name: assetindexdata_volumeId_idx; Type: INDEX; Schema: public; Owner: -
--

CREATE INDEX "assetindexdata_volumeId_idx" ON public.assetindexdata USING btree ("volumeId");


--
-- Name: assets_filename_folderId_idx; Type: INDEX; Schema: public; Owner: -
--

CREATE INDEX "assets_filename_folderId_idx" ON public.assets USING btree (filename, "folderId");


--
-- Name: assets_folderId_idx; Type: INDEX; Schema: public; Owner: -
--

CREATE INDEX "assets_folderId_idx" ON public.assets USING btree ("folderId");


--
-- Name: assets_volumeId_idx; Type: INDEX; Schema: public; Owner: -
--

CREATE INDEX "assets_volumeId_idx" ON public.assets USING btree ("volumeId");


--
-- Name: assettransformindex_volumeId_assetId_location_idx; Type: INDEX; Schema: public; Owner: -
--

CREATE INDEX "assettransformindex_volumeId_assetId_location_idx" ON public.assettransformindex USING btree ("volumeId", "assetId", location);


--
-- Name: assettransforms_handle_idx; Type: INDEX; Schema: public; Owner: -
--

CREATE INDEX assettransforms_handle_idx ON public.assettransforms USING btree (handle);


--
-- Name: assettransforms_name_idx; Type: INDEX; Schema: public; Owner: -
--

CREATE INDEX assettransforms_name_idx ON public.assettransforms USING btree (name);


--
-- Name: categories_groupId_idx; Type: INDEX; Schema: public; Owner: -
--

CREATE INDEX "categories_groupId_idx" ON public.categories USING btree ("groupId");


--
-- Name: categorygroups_dateDeleted_idx; Type: INDEX; Schema: public; Owner: -
--

CREATE INDEX "categorygroups_dateDeleted_idx" ON public.categorygroups USING btree ("dateDeleted");


--
-- Name: categorygroups_fieldLayoutId_idx; Type: INDEX; Schema: public; Owner: -
--

CREATE INDEX "categorygroups_fieldLayoutId_idx" ON public.categorygroups USING btree ("fieldLayoutId");


--
-- Name: categorygroups_handle_idx; Type: INDEX; Schema: public; Owner: -
--

CREATE INDEX categorygroups_handle_idx ON public.categorygroups USING btree (handle);


--
-- Name: categorygroups_name_idx; Type: INDEX; Schema: public; Owner: -
--

CREATE INDEX categorygroups_name_idx ON public.categorygroups USING btree (name);


--
-- Name: categorygroups_sites_groupId_siteId_unq_idx; Type: INDEX; Schema: public; Owner: -
--

CREATE UNIQUE INDEX "categorygroups_sites_groupId_siteId_unq_idx" ON public.categorygroups_sites USING btree ("groupId", "siteId");


--
-- Name: categorygroups_sites_siteId_idx; Type: INDEX; Schema: public; Owner: -
--

CREATE INDEX "categorygroups_sites_siteId_idx" ON public.categorygroups_sites USING btree ("siteId");


--
-- Name: categorygroups_structureId_idx; Type: INDEX; Schema: public; Owner: -
--

CREATE INDEX "categorygroups_structureId_idx" ON public.categorygroups USING btree ("structureId");


--
-- Name: changedattributes_elementId_siteId_dateUpdated_idx; Type: INDEX; Schema: public; Owner: -
--

CREATE INDEX "changedattributes_elementId_siteId_dateUpdated_idx" ON public.changedattributes USING btree ("elementId", "siteId", "dateUpdated");


--
-- Name: changedfields_elementId_siteId_dateUpdated_idx; Type: INDEX; Schema: public; Owner: -
--

CREATE INDEX "changedfields_elementId_siteId_dateUpdated_idx" ON public.changedfields USING btree ("elementId", "siteId", "dateUpdated");


--
-- Name: content_elementId_siteId_unq_idx; Type: INDEX; Schema: public; Owner: -
--

CREATE UNIQUE INDEX "content_elementId_siteId_unq_idx" ON public.content USING btree ("elementId", "siteId");


--
-- Name: content_siteId_idx; Type: INDEX; Schema: public; Owner: -
--

CREATE INDEX "content_siteId_idx" ON public.content USING btree ("siteId");


--
-- Name: content_title_idx; Type: INDEX; Schema: public; Owner: -
--

CREATE INDEX content_title_idx ON public.content USING btree (title);


--
-- Name: deprecationerrors_key_fingerprint_unq_idx; Type: INDEX; Schema: public; Owner: -
--

CREATE UNIQUE INDEX deprecationerrors_key_fingerprint_unq_idx ON public.deprecationerrors USING btree (key, fingerprint);


--
-- Name: elementindexsettings_type_unq_idx; Type: INDEX; Schema: public; Owner: -
--

CREATE UNIQUE INDEX elementindexsettings_type_unq_idx ON public.elementindexsettings USING btree (type);


--
-- Name: elements_archived_dateCreated_idx; Type: INDEX; Schema: public; Owner: -
--

CREATE INDEX "elements_archived_dateCreated_idx" ON public.elements USING btree (archived, "dateCreated");


--
-- Name: elements_archived_dateDeleted_draftId_revisionId_idx; Type: INDEX; Schema: public; Owner: -
--

CREATE INDEX "elements_archived_dateDeleted_draftId_revisionId_idx" ON public.elements USING btree (archived, "dateDeleted", "draftId", "revisionId");


--
-- Name: elements_dateDeleted_idx; Type: INDEX; Schema: public; Owner: -
--

CREATE INDEX "elements_dateDeleted_idx" ON public.elements USING btree ("dateDeleted");


--
-- Name: elements_enabled_idx; Type: INDEX; Schema: public; Owner: -
--

CREATE INDEX elements_enabled_idx ON public.elements USING btree (enabled);


--
-- Name: elements_fieldLayoutId_idx; Type: INDEX; Schema: public; Owner: -
--

CREATE INDEX "elements_fieldLayoutId_idx" ON public.elements USING btree ("fieldLayoutId");


--
-- Name: elements_sites_elementId_siteId_unq_idx; Type: INDEX; Schema: public; Owner: -
--

CREATE UNIQUE INDEX "elements_sites_elementId_siteId_unq_idx" ON public.elements_sites USING btree ("elementId", "siteId");


--
-- Name: elements_sites_enabled_idx; Type: INDEX; Schema: public; Owner: -
--

CREATE INDEX elements_sites_enabled_idx ON public.elements_sites USING btree (enabled);


--
-- Name: elements_sites_siteId_idx; Type: INDEX; Schema: public; Owner: -
--

CREATE INDEX "elements_sites_siteId_idx" ON public.elements_sites USING btree ("siteId");


--
-- Name: elements_sites_slug_siteId_idx; Type: INDEX; Schema: public; Owner: -
--

CREATE INDEX "elements_sites_slug_siteId_idx" ON public.elements_sites USING btree (slug, "siteId");


--
-- Name: elements_sites_uri_siteId_idx; Type: INDEX; Schema: public; Owner: -
--

CREATE INDEX "elements_sites_uri_siteId_idx" ON public.elements_sites USING btree (lower((uri)::text), "siteId");


--
-- Name: elements_type_idx; Type: INDEX; Schema: public; Owner: -
--

CREATE INDEX elements_type_idx ON public.elements USING btree (type);


--
-- Name: entries_authorId_idx; Type: INDEX; Schema: public; Owner: -
--

CREATE INDEX "entries_authorId_idx" ON public.entries USING btree ("authorId");


--
-- Name: entries_expiryDate_idx; Type: INDEX; Schema: public; Owner: -
--

CREATE INDEX "entries_expiryDate_idx" ON public.entries USING btree ("expiryDate");


--
-- Name: entries_postDate_idx; Type: INDEX; Schema: public; Owner: -
--

CREATE INDEX "entries_postDate_idx" ON public.entries USING btree ("postDate");


--
-- Name: entries_sectionId_idx; Type: INDEX; Schema: public; Owner: -
--

CREATE INDEX "entries_sectionId_idx" ON public.entries USING btree ("sectionId");


--
-- Name: entries_typeId_idx; Type: INDEX; Schema: public; Owner: -
--

CREATE INDEX "entries_typeId_idx" ON public.entries USING btree ("typeId");


--
-- Name: entrytypes_dateDeleted_idx; Type: INDEX; Schema: public; Owner: -
--

CREATE INDEX "entrytypes_dateDeleted_idx" ON public.entrytypes USING btree ("dateDeleted");


--
-- Name: entrytypes_fieldLayoutId_idx; Type: INDEX; Schema: public; Owner: -
--

CREATE INDEX "entrytypes_fieldLayoutId_idx" ON public.entrytypes USING btree ("fieldLayoutId");


--
-- Name: entrytypes_handle_sectionId_idx; Type: INDEX; Schema: public; Owner: -
--

CREATE INDEX "entrytypes_handle_sectionId_idx" ON public.entrytypes USING btree (handle, "sectionId");


--
-- Name: entrytypes_name_sectionId_idx; Type: INDEX; Schema: public; Owner: -
--

CREATE INDEX "entrytypes_name_sectionId_idx" ON public.entrytypes USING btree (name, "sectionId");


--
-- Name: entrytypes_sectionId_idx; Type: INDEX; Schema: public; Owner: -
--

CREATE INDEX "entrytypes_sectionId_idx" ON public.entrytypes USING btree ("sectionId");


--
-- Name: fieldgroups_name_idx; Type: INDEX; Schema: public; Owner: -
--

CREATE INDEX fieldgroups_name_idx ON public.fieldgroups USING btree (name);


--
-- Name: fieldlayoutfields_fieldId_idx; Type: INDEX; Schema: public; Owner: -
--

CREATE INDEX "fieldlayoutfields_fieldId_idx" ON public.fieldlayoutfields USING btree ("fieldId");


--
-- Name: fieldlayoutfields_layoutId_fieldId_unq_idx; Type: INDEX; Schema: public; Owner: -
--

CREATE UNIQUE INDEX "fieldlayoutfields_layoutId_fieldId_unq_idx" ON public.fieldlayoutfields USING btree ("layoutId", "fieldId");


--
-- Name: fieldlayoutfields_sortOrder_idx; Type: INDEX; Schema: public; Owner: -
--

CREATE INDEX "fieldlayoutfields_sortOrder_idx" ON public.fieldlayoutfields USING btree ("sortOrder");


--
-- Name: fieldlayoutfields_tabId_idx; Type: INDEX; Schema: public; Owner: -
--

CREATE INDEX "fieldlayoutfields_tabId_idx" ON public.fieldlayoutfields USING btree ("tabId");


--
-- Name: fieldlayouts_dateDeleted_idx; Type: INDEX; Schema: public; Owner: -
--

CREATE INDEX "fieldlayouts_dateDeleted_idx" ON public.fieldlayouts USING btree ("dateDeleted");


--
-- Name: fieldlayouts_type_idx; Type: INDEX; Schema: public; Owner: -
--

CREATE INDEX fieldlayouts_type_idx ON public.fieldlayouts USING btree (type);


--
-- Name: fieldlayouttabs_layoutId_idx; Type: INDEX; Schema: public; Owner: -
--

CREATE INDEX "fieldlayouttabs_layoutId_idx" ON public.fieldlayouttabs USING btree ("layoutId");


--
-- Name: fieldlayouttabs_sortOrder_idx; Type: INDEX; Schema: public; Owner: -
--

CREATE INDEX "fieldlayouttabs_sortOrder_idx" ON public.fieldlayouttabs USING btree ("sortOrder");


--
-- Name: fields_context_idx; Type: INDEX; Schema: public; Owner: -
--

CREATE INDEX fields_context_idx ON public.fields USING btree (context);


--
-- Name: fields_groupId_idx; Type: INDEX; Schema: public; Owner: -
--

CREATE INDEX "fields_groupId_idx" ON public.fields USING btree ("groupId");


--
-- Name: fields_handle_context_idx; Type: INDEX; Schema: public; Owner: -
--

CREATE INDEX fields_handle_context_idx ON public.fields USING btree (handle, context);


--
-- Name: globalsets_fieldLayoutId_idx; Type: INDEX; Schema: public; Owner: -
--

CREATE INDEX "globalsets_fieldLayoutId_idx" ON public.globalsets USING btree ("fieldLayoutId");


--
-- Name: globalsets_handle_idx; Type: INDEX; Schema: public; Owner: -
--

CREATE INDEX globalsets_handle_idx ON public.globalsets USING btree (handle);


--
-- Name: globalsets_name_idx; Type: INDEX; Schema: public; Owner: -
--

CREATE INDEX globalsets_name_idx ON public.globalsets USING btree (name);


--
-- Name: gqltokens_accessToken_unq_idx; Type: INDEX; Schema: public; Owner: -
--

CREATE UNIQUE INDEX "gqltokens_accessToken_unq_idx" ON public.gqltokens USING btree ("accessToken");


--
-- Name: gqltokens_name_unq_idx; Type: INDEX; Schema: public; Owner: -
--

CREATE UNIQUE INDEX gqltokens_name_unq_idx ON public.gqltokens USING btree (name);


--
-- Name: matrixblocks_fieldId_idx; Type: INDEX; Schema: public; Owner: -
--

CREATE INDEX "matrixblocks_fieldId_idx" ON public.matrixblocks USING btree ("fieldId");


--
-- Name: matrixblocks_ownerId_idx; Type: INDEX; Schema: public; Owner: -
--

CREATE INDEX "matrixblocks_ownerId_idx" ON public.matrixblocks USING btree ("ownerId");


--
-- Name: matrixblocks_sortOrder_idx; Type: INDEX; Schema: public; Owner: -
--

CREATE INDEX "matrixblocks_sortOrder_idx" ON public.matrixblocks USING btree ("sortOrder");


--
-- Name: matrixblocks_typeId_idx; Type: INDEX; Schema: public; Owner: -
--

CREATE INDEX "matrixblocks_typeId_idx" ON public.matrixblocks USING btree ("typeId");


--
-- Name: matrixblocktypes_fieldId_idx; Type: INDEX; Schema: public; Owner: -
--

CREATE INDEX "matrixblocktypes_fieldId_idx" ON public.matrixblocktypes USING btree ("fieldId");


--
-- Name: matrixblocktypes_fieldLayoutId_idx; Type: INDEX; Schema: public; Owner: -
--

CREATE INDEX "matrixblocktypes_fieldLayoutId_idx" ON public.matrixblocktypes USING btree ("fieldLayoutId");


--
-- Name: matrixblocktypes_handle_fieldId_idx; Type: INDEX; Schema: public; Owner: -
--

CREATE INDEX "matrixblocktypes_handle_fieldId_idx" ON public.matrixblocktypes USING btree (handle, "fieldId");


--
-- Name: matrixblocktypes_name_fieldId_idx; Type: INDEX; Schema: public; Owner: -
--

CREATE INDEX "matrixblocktypes_name_fieldId_idx" ON public.matrixblocktypes USING btree (name, "fieldId");


--
-- Name: migrations_track_name_unq_idx; Type: INDEX; Schema: public; Owner: -
--

CREATE UNIQUE INDEX migrations_track_name_unq_idx ON public.migrations USING btree (track, name);


--
-- Name: plugins_handle_unq_idx; Type: INDEX; Schema: public; Owner: -
--

CREATE UNIQUE INDEX plugins_handle_unq_idx ON public.plugins USING btree (handle);


--
-- Name: queue_channel_fail_timeUpdated_delay_idx; Type: INDEX; Schema: public; Owner: -
--

CREATE INDEX "queue_channel_fail_timeUpdated_delay_idx" ON public.queue USING btree (channel, fail, "timeUpdated", delay);


--
-- Name: queue_channel_fail_timeUpdated_timePushed_idx; Type: INDEX; Schema: public; Owner: -
--

CREATE INDEX "queue_channel_fail_timeUpdated_timePushed_idx" ON public.queue USING btree (channel, fail, "timeUpdated", "timePushed");


--
-- Name: relations_fieldId_sourceId_sourceSiteId_targetId_unq_idx; Type: INDEX; Schema: public; Owner: -
--

CREATE UNIQUE INDEX "relations_fieldId_sourceId_sourceSiteId_targetId_unq_idx" ON public.relations USING btree ("fieldId", "sourceId", "sourceSiteId", "targetId");


--
-- Name: relations_sourceId_idx; Type: INDEX; Schema: public; Owner: -
--

CREATE INDEX "relations_sourceId_idx" ON public.relations USING btree ("sourceId");


--
-- Name: relations_sourceSiteId_idx; Type: INDEX; Schema: public; Owner: -
--

CREATE INDEX "relations_sourceSiteId_idx" ON public.relations USING btree ("sourceSiteId");


--
-- Name: relations_targetId_idx; Type: INDEX; Schema: public; Owner: -
--

CREATE INDEX "relations_targetId_idx" ON public.relations USING btree ("targetId");


--
-- Name: revisions_sourceId_num_unq_idx; Type: INDEX; Schema: public; Owner: -
--

CREATE UNIQUE INDEX "revisions_sourceId_num_unq_idx" ON public.revisions USING btree ("sourceId", num);


--
-- Name: searchindex_keywords_idx; Type: INDEX; Schema: public; Owner: -
--

CREATE INDEX searchindex_keywords_idx ON public.searchindex USING btree (keywords);


--
-- Name: searchindex_keywords_vector_idx; Type: INDEX; Schema: public; Owner: -
--

CREATE INDEX searchindex_keywords_vector_idx ON public.searchindex USING gin (keywords_vector) WITH (fastupdate=yes);


--
-- Name: sections_dateDeleted_idx; Type: INDEX; Schema: public; Owner: -
--

CREATE INDEX "sections_dateDeleted_idx" ON public.sections USING btree ("dateDeleted");


--
-- Name: sections_handle_idx; Type: INDEX; Schema: public; Owner: -
--

CREATE INDEX sections_handle_idx ON public.sections USING btree (handle);


--
-- Name: sections_name_idx; Type: INDEX; Schema: public; Owner: -
--

CREATE INDEX sections_name_idx ON public.sections USING btree (name);


--
-- Name: sections_sites_sectionId_siteId_unq_idx; Type: INDEX; Schema: public; Owner: -
--

CREATE UNIQUE INDEX "sections_sites_sectionId_siteId_unq_idx" ON public.sections_sites USING btree ("sectionId", "siteId");


--
-- Name: sections_sites_siteId_idx; Type: INDEX; Schema: public; Owner: -
--

CREATE INDEX "sections_sites_siteId_idx" ON public.sections_sites USING btree ("siteId");


--
-- Name: sections_structureId_idx; Type: INDEX; Schema: public; Owner: -
--

CREATE INDEX "sections_structureId_idx" ON public.sections USING btree ("structureId");


--
-- Name: sessions_dateUpdated_idx; Type: INDEX; Schema: public; Owner: -
--

CREATE INDEX "sessions_dateUpdated_idx" ON public.sessions USING btree ("dateUpdated");


--
-- Name: sessions_token_idx; Type: INDEX; Schema: public; Owner: -
--

CREATE INDEX sessions_token_idx ON public.sessions USING btree (token);


--
-- Name: sessions_uid_idx; Type: INDEX; Schema: public; Owner: -
--

CREATE INDEX sessions_uid_idx ON public.sessions USING btree (uid);


--
-- Name: sessions_userId_idx; Type: INDEX; Schema: public; Owner: -
--

CREATE INDEX "sessions_userId_idx" ON public.sessions USING btree ("userId");


--
-- Name: shunnedmessages_userId_message_unq_idx; Type: INDEX; Schema: public; Owner: -
--

CREATE UNIQUE INDEX "shunnedmessages_userId_message_unq_idx" ON public.shunnedmessages USING btree ("userId", message);


--
-- Name: sitegroups_name_idx; Type: INDEX; Schema: public; Owner: -
--

CREATE INDEX sitegroups_name_idx ON public.sitegroups USING btree (name);


--
-- Name: sites_dateDeleted_idx; Type: INDEX; Schema: public; Owner: -
--

CREATE INDEX "sites_dateDeleted_idx" ON public.sites USING btree ("dateDeleted");


--
-- Name: sites_handle_idx; Type: INDEX; Schema: public; Owner: -
--

CREATE INDEX sites_handle_idx ON public.sites USING btree (handle);


--
-- Name: sites_sortOrder_idx; Type: INDEX; Schema: public; Owner: -
--

CREATE INDEX "sites_sortOrder_idx" ON public.sites USING btree ("sortOrder");


--
-- Name: structureelements_elementId_idx; Type: INDEX; Schema: public; Owner: -
--

CREATE INDEX "structureelements_elementId_idx" ON public.structureelements USING btree ("elementId");


--
-- Name: structureelements_level_idx; Type: INDEX; Schema: public; Owner: -
--

CREATE INDEX structureelements_level_idx ON public.structureelements USING btree (level);


--
-- Name: structureelements_lft_idx; Type: INDEX; Schema: public; Owner: -
--

CREATE INDEX structureelements_lft_idx ON public.structureelements USING btree (lft);


--
-- Name: structureelements_rgt_idx; Type: INDEX; Schema: public; Owner: -
--

CREATE INDEX structureelements_rgt_idx ON public.structureelements USING btree (rgt);


--
-- Name: structureelements_root_idx; Type: INDEX; Schema: public; Owner: -
--

CREATE INDEX structureelements_root_idx ON public.structureelements USING btree (root);


--
-- Name: structureelements_structureId_elementId_unq_idx; Type: INDEX; Schema: public; Owner: -
--

CREATE UNIQUE INDEX "structureelements_structureId_elementId_unq_idx" ON public.structureelements USING btree ("structureId", "elementId");


--
-- Name: structures_dateDeleted_idx; Type: INDEX; Schema: public; Owner: -
--

CREATE INDEX "structures_dateDeleted_idx" ON public.structures USING btree ("dateDeleted");


--
-- Name: systemmessages_key_language_unq_idx; Type: INDEX; Schema: public; Owner: -
--

CREATE UNIQUE INDEX systemmessages_key_language_unq_idx ON public.systemmessages USING btree (key, language);


--
-- Name: systemmessages_language_idx; Type: INDEX; Schema: public; Owner: -
--

CREATE INDEX systemmessages_language_idx ON public.systemmessages USING btree (language);


--
-- Name: taggroups_dateDeleted_idx; Type: INDEX; Schema: public; Owner: -
--

CREATE INDEX "taggroups_dateDeleted_idx" ON public.taggroups USING btree ("dateDeleted");


--
-- Name: taggroups_handle_idx; Type: INDEX; Schema: public; Owner: -
--

CREATE INDEX taggroups_handle_idx ON public.taggroups USING btree (handle);


--
-- Name: taggroups_name_idx; Type: INDEX; Schema: public; Owner: -
--

CREATE INDEX taggroups_name_idx ON public.taggroups USING btree (name);


--
-- Name: tags_groupId_idx; Type: INDEX; Schema: public; Owner: -
--

CREATE INDEX "tags_groupId_idx" ON public.tags USING btree ("groupId");


--
-- Name: templatecacheelements_cacheId_idx; Type: INDEX; Schema: public; Owner: -
--

CREATE INDEX "templatecacheelements_cacheId_idx" ON public.templatecacheelements USING btree ("cacheId");


--
-- Name: templatecacheelements_elementId_idx; Type: INDEX; Schema: public; Owner: -
--

CREATE INDEX "templatecacheelements_elementId_idx" ON public.templatecacheelements USING btree ("elementId");


--
-- Name: templatecachequeries_cacheId_idx; Type: INDEX; Schema: public; Owner: -
--

CREATE INDEX "templatecachequeries_cacheId_idx" ON public.templatecachequeries USING btree ("cacheId");


--
-- Name: templatecachequeries_type_idx; Type: INDEX; Schema: public; Owner: -
--

CREATE INDEX templatecachequeries_type_idx ON public.templatecachequeries USING btree (type);


--
-- Name: templatecaches_cacheKey_siteId_expiryDate_idx; Type: INDEX; Schema: public; Owner: -
--

CREATE INDEX "templatecaches_cacheKey_siteId_expiryDate_idx" ON public.templatecaches USING btree ("cacheKey", "siteId", "expiryDate");


--
-- Name: templatecaches_cacheKey_siteId_expiryDate_path_idx; Type: INDEX; Schema: public; Owner: -
--

CREATE INDEX "templatecaches_cacheKey_siteId_expiryDate_path_idx" ON public.templatecaches USING btree ("cacheKey", "siteId", "expiryDate", path);


--
-- Name: templatecaches_siteId_idx; Type: INDEX; Schema: public; Owner: -
--

CREATE INDEX "templatecaches_siteId_idx" ON public.templatecaches USING btree ("siteId");


--
-- Name: tokens_expiryDate_idx; Type: INDEX; Schema: public; Owner: -
--

CREATE INDEX "tokens_expiryDate_idx" ON public.tokens USING btree ("expiryDate");


--
-- Name: tokens_token_unq_idx; Type: INDEX; Schema: public; Owner: -
--

CREATE UNIQUE INDEX tokens_token_unq_idx ON public.tokens USING btree (token);


--
-- Name: usergroups_handle_idx; Type: INDEX; Schema: public; Owner: -
--

CREATE INDEX usergroups_handle_idx ON public.usergroups USING btree (handle);


--
-- Name: usergroups_name_idx; Type: INDEX; Schema: public; Owner: -
--

CREATE INDEX usergroups_name_idx ON public.usergroups USING btree (name);


--
-- Name: usergroups_users_groupId_userId_unq_idx; Type: INDEX; Schema: public; Owner: -
--

CREATE UNIQUE INDEX "usergroups_users_groupId_userId_unq_idx" ON public.usergroups_users USING btree ("groupId", "userId");


--
-- Name: usergroups_users_userId_idx; Type: INDEX; Schema: public; Owner: -
--

CREATE INDEX "usergroups_users_userId_idx" ON public.usergroups_users USING btree ("userId");


--
-- Name: userpermissions_name_unq_idx; Type: INDEX; Schema: public; Owner: -
--

CREATE UNIQUE INDEX userpermissions_name_unq_idx ON public.userpermissions USING btree (name);


--
-- Name: userpermissions_usergroups_groupId_idx; Type: INDEX; Schema: public; Owner: -
--

CREATE INDEX "userpermissions_usergroups_groupId_idx" ON public.userpermissions_usergroups USING btree ("groupId");


--
-- Name: userpermissions_usergroups_permissionId_groupId_unq_idx; Type: INDEX; Schema: public; Owner: -
--

CREATE UNIQUE INDEX "userpermissions_usergroups_permissionId_groupId_unq_idx" ON public.userpermissions_usergroups USING btree ("permissionId", "groupId");


--
-- Name: userpermissions_users_permissionId_userId_unq_idx; Type: INDEX; Schema: public; Owner: -
--

CREATE UNIQUE INDEX "userpermissions_users_permissionId_userId_unq_idx" ON public.userpermissions_users USING btree ("permissionId", "userId");


--
-- Name: userpermissions_users_userId_idx; Type: INDEX; Schema: public; Owner: -
--

CREATE INDEX "userpermissions_users_userId_idx" ON public.userpermissions_users USING btree ("userId");


--
-- Name: users_email_idx; Type: INDEX; Schema: public; Owner: -
--

CREATE INDEX users_email_idx ON public.users USING btree (lower((email)::text));


--
-- Name: users_uid_idx; Type: INDEX; Schema: public; Owner: -
--

CREATE INDEX users_uid_idx ON public.users USING btree (uid);


--
-- Name: users_username_idx; Type: INDEX; Schema: public; Owner: -
--

CREATE INDEX users_username_idx ON public.users USING btree (lower((username)::text));


--
-- Name: users_verificationCode_idx; Type: INDEX; Schema: public; Owner: -
--

CREATE INDEX "users_verificationCode_idx" ON public.users USING btree ("verificationCode");


--
-- Name: volumefolders_name_parentId_volumeId_unq_idx; Type: INDEX; Schema: public; Owner: -
--

CREATE UNIQUE INDEX "volumefolders_name_parentId_volumeId_unq_idx" ON public.volumefolders USING btree (name, "parentId", "volumeId");


--
-- Name: volumefolders_parentId_idx; Type: INDEX; Schema: public; Owner: -
--

CREATE INDEX "volumefolders_parentId_idx" ON public.volumefolders USING btree ("parentId");


--
-- Name: volumefolders_volumeId_idx; Type: INDEX; Schema: public; Owner: -
--

CREATE INDEX "volumefolders_volumeId_idx" ON public.volumefolders USING btree ("volumeId");


--
-- Name: volumes_dateDeleted_idx; Type: INDEX; Schema: public; Owner: -
--

CREATE INDEX "volumes_dateDeleted_idx" ON public.volumes USING btree ("dateDeleted");


--
-- Name: volumes_fieldLayoutId_idx; Type: INDEX; Schema: public; Owner: -
--

CREATE INDEX "volumes_fieldLayoutId_idx" ON public.volumes USING btree ("fieldLayoutId");


--
-- Name: volumes_handle_idx; Type: INDEX; Schema: public; Owner: -
--

CREATE INDEX volumes_handle_idx ON public.volumes USING btree (handle);


--
-- Name: volumes_name_idx; Type: INDEX; Schema: public; Owner: -
--

CREATE INDEX volumes_name_idx ON public.volumes USING btree (name);


--
-- Name: widgets_userId_idx; Type: INDEX; Schema: public; Owner: -
--

CREATE INDEX "widgets_userId_idx" ON public.widgets USING btree ("userId");


--
-- Name: assetindexdata assetindexdata_volumeId_fk; Type: FK CONSTRAINT; Schema: public; Owner: -
--

ALTER TABLE ONLY public.assetindexdata
    ADD CONSTRAINT "assetindexdata_volumeId_fk" FOREIGN KEY ("volumeId") REFERENCES public.volumes(id) ON DELETE CASCADE;


--
-- Name: assets assets_folderId_fk; Type: FK CONSTRAINT; Schema: public; Owner: -
--

ALTER TABLE ONLY public.assets
    ADD CONSTRAINT "assets_folderId_fk" FOREIGN KEY ("folderId") REFERENCES public.volumefolders(id) ON DELETE CASCADE;


--
-- Name: assets assets_id_fk; Type: FK CONSTRAINT; Schema: public; Owner: -
--

ALTER TABLE ONLY public.assets
    ADD CONSTRAINT assets_id_fk FOREIGN KEY (id) REFERENCES public.elements(id) ON DELETE CASCADE;


--
-- Name: assets assets_uploaderId_fk; Type: FK CONSTRAINT; Schema: public; Owner: -
--

ALTER TABLE ONLY public.assets
    ADD CONSTRAINT "assets_uploaderId_fk" FOREIGN KEY ("uploaderId") REFERENCES public.users(id) ON DELETE SET NULL;


--
-- Name: assets assets_volumeId_fk; Type: FK CONSTRAINT; Schema: public; Owner: -
--

ALTER TABLE ONLY public.assets
    ADD CONSTRAINT "assets_volumeId_fk" FOREIGN KEY ("volumeId") REFERENCES public.volumes(id) ON DELETE CASCADE;


--
-- Name: categories categories_groupId_fk; Type: FK CONSTRAINT; Schema: public; Owner: -
--

ALTER TABLE ONLY public.categories
    ADD CONSTRAINT "categories_groupId_fk" FOREIGN KEY ("groupId") REFERENCES public.categorygroups(id) ON DELETE CASCADE;


--
-- Name: categories categories_id_fk; Type: FK CONSTRAINT; Schema: public; Owner: -
--

ALTER TABLE ONLY public.categories
    ADD CONSTRAINT categories_id_fk FOREIGN KEY (id) REFERENCES public.elements(id) ON DELETE CASCADE;


--
-- Name: categories categories_parentId_fk; Type: FK CONSTRAINT; Schema: public; Owner: -
--

ALTER TABLE ONLY public.categories
    ADD CONSTRAINT "categories_parentId_fk" FOREIGN KEY ("parentId") REFERENCES public.categories(id) ON DELETE SET NULL;


--
-- Name: categorygroups categorygroups_fieldLayoutId_fk; Type: FK CONSTRAINT; Schema: public; Owner: -
--

ALTER TABLE ONLY public.categorygroups
    ADD CONSTRAINT "categorygroups_fieldLayoutId_fk" FOREIGN KEY ("fieldLayoutId") REFERENCES public.fieldlayouts(id) ON DELETE SET NULL;


--
-- Name: categorygroups_sites categorygroups_sites_groupId_fk; Type: FK CONSTRAINT; Schema: public; Owner: -
--

ALTER TABLE ONLY public.categorygroups_sites
    ADD CONSTRAINT "categorygroups_sites_groupId_fk" FOREIGN KEY ("groupId") REFERENCES public.categorygroups(id) ON DELETE CASCADE;


--
-- Name: categorygroups_sites categorygroups_sites_siteId_fk; Type: FK CONSTRAINT; Schema: public; Owner: -
--

ALTER TABLE ONLY public.categorygroups_sites
    ADD CONSTRAINT "categorygroups_sites_siteId_fk" FOREIGN KEY ("siteId") REFERENCES public.sites(id) ON UPDATE CASCADE ON DELETE CASCADE;


--
-- Name: categorygroups categorygroups_structureId_fk; Type: FK CONSTRAINT; Schema: public; Owner: -
--

ALTER TABLE ONLY public.categorygroups
    ADD CONSTRAINT "categorygroups_structureId_fk" FOREIGN KEY ("structureId") REFERENCES public.structures(id) ON DELETE CASCADE;


--
-- Name: changedattributes changedattributes_elementId_fk; Type: FK CONSTRAINT; Schema: public; Owner: -
--

ALTER TABLE ONLY public.changedattributes
    ADD CONSTRAINT "changedattributes_elementId_fk" FOREIGN KEY ("elementId") REFERENCES public.elements(id) ON UPDATE CASCADE ON DELETE CASCADE;


--
-- Name: changedattributes changedattributes_siteId_fk; Type: FK CONSTRAINT; Schema: public; Owner: -
--

ALTER TABLE ONLY public.changedattributes
    ADD CONSTRAINT "changedattributes_siteId_fk" FOREIGN KEY ("siteId") REFERENCES public.sites(id) ON UPDATE CASCADE ON DELETE CASCADE;


--
-- Name: changedattributes changedattributes_userId_fk; Type: FK CONSTRAINT; Schema: public; Owner: -
--

ALTER TABLE ONLY public.changedattributes
    ADD CONSTRAINT "changedattributes_userId_fk" FOREIGN KEY ("userId") REFERENCES public.users(id) ON UPDATE CASCADE ON DELETE SET NULL;


--
-- Name: changedfields changedfields_elementId_fk; Type: FK CONSTRAINT; Schema: public; Owner: -
--

ALTER TABLE ONLY public.changedfields
    ADD CONSTRAINT "changedfields_elementId_fk" FOREIGN KEY ("elementId") REFERENCES public.elements(id) ON UPDATE CASCADE ON DELETE CASCADE;


--
-- Name: changedfields changedfields_fieldId_fk; Type: FK CONSTRAINT; Schema: public; Owner: -
--

ALTER TABLE ONLY public.changedfields
    ADD CONSTRAINT "changedfields_fieldId_fk" FOREIGN KEY ("fieldId") REFERENCES public.fields(id) ON UPDATE CASCADE ON DELETE CASCADE;


--
-- Name: changedfields changedfields_siteId_fk; Type: FK CONSTRAINT; Schema: public; Owner: -
--

ALTER TABLE ONLY public.changedfields
    ADD CONSTRAINT "changedfields_siteId_fk" FOREIGN KEY ("siteId") REFERENCES public.sites(id) ON UPDATE CASCADE ON DELETE CASCADE;


--
-- Name: changedfields changedfields_userId_fk; Type: FK CONSTRAINT; Schema: public; Owner: -
--

ALTER TABLE ONLY public.changedfields
    ADD CONSTRAINT "changedfields_userId_fk" FOREIGN KEY ("userId") REFERENCES public.users(id) ON UPDATE CASCADE ON DELETE SET NULL;


--
-- Name: content content_elementId_fk; Type: FK CONSTRAINT; Schema: public; Owner: -
--

ALTER TABLE ONLY public.content
    ADD CONSTRAINT "content_elementId_fk" FOREIGN KEY ("elementId") REFERENCES public.elements(id) ON DELETE CASCADE;


--
-- Name: content content_siteId_fk; Type: FK CONSTRAINT; Schema: public; Owner: -
--

ALTER TABLE ONLY public.content
    ADD CONSTRAINT "content_siteId_fk" FOREIGN KEY ("siteId") REFERENCES public.sites(id) ON UPDATE CASCADE ON DELETE CASCADE;


--
-- Name: craftidtokens craftidtokens_userId_fk; Type: FK CONSTRAINT; Schema: public; Owner: -
--

ALTER TABLE ONLY public.craftidtokens
    ADD CONSTRAINT "craftidtokens_userId_fk" FOREIGN KEY ("userId") REFERENCES public.users(id) ON DELETE CASCADE;


--
-- Name: drafts drafts_creatorId_fk; Type: FK CONSTRAINT; Schema: public; Owner: -
--

ALTER TABLE ONLY public.drafts
    ADD CONSTRAINT "drafts_creatorId_fk" FOREIGN KEY ("creatorId") REFERENCES public.users(id) ON DELETE SET NULL;


--
-- Name: drafts drafts_sourceId_fk; Type: FK CONSTRAINT; Schema: public; Owner: -
--

ALTER TABLE ONLY public.drafts
    ADD CONSTRAINT "drafts_sourceId_fk" FOREIGN KEY ("sourceId") REFERENCES public.elements(id) ON DELETE CASCADE;


--
-- Name: elements elements_draftId_fk; Type: FK CONSTRAINT; Schema: public; Owner: -
--

ALTER TABLE ONLY public.elements
    ADD CONSTRAINT "elements_draftId_fk" FOREIGN KEY ("draftId") REFERENCES public.drafts(id) ON DELETE CASCADE;


--
-- Name: elements elements_fieldLayoutId_fk; Type: FK CONSTRAINT; Schema: public; Owner: -
--

ALTER TABLE ONLY public.elements
    ADD CONSTRAINT "elements_fieldLayoutId_fk" FOREIGN KEY ("fieldLayoutId") REFERENCES public.fieldlayouts(id) ON DELETE SET NULL;


--
-- Name: elements elements_revisionId_fk; Type: FK CONSTRAINT; Schema: public; Owner: -
--

ALTER TABLE ONLY public.elements
    ADD CONSTRAINT "elements_revisionId_fk" FOREIGN KEY ("revisionId") REFERENCES public.revisions(id) ON DELETE CASCADE;


--
-- Name: elements_sites elements_sites_elementId_fk; Type: FK CONSTRAINT; Schema: public; Owner: -
--

ALTER TABLE ONLY public.elements_sites
    ADD CONSTRAINT "elements_sites_elementId_fk" FOREIGN KEY ("elementId") REFERENCES public.elements(id) ON DELETE CASCADE;


--
-- Name: elements_sites elements_sites_siteId_fk; Type: FK CONSTRAINT; Schema: public; Owner: -
--

ALTER TABLE ONLY public.elements_sites
    ADD CONSTRAINT "elements_sites_siteId_fk" FOREIGN KEY ("siteId") REFERENCES public.sites(id) ON UPDATE CASCADE ON DELETE CASCADE;


--
-- Name: entries entries_authorId_fk; Type: FK CONSTRAINT; Schema: public; Owner: -
--

ALTER TABLE ONLY public.entries
    ADD CONSTRAINT "entries_authorId_fk" FOREIGN KEY ("authorId") REFERENCES public.users(id) ON DELETE CASCADE;


--
-- Name: entries entries_id_fk; Type: FK CONSTRAINT; Schema: public; Owner: -
--

ALTER TABLE ONLY public.entries
    ADD CONSTRAINT entries_id_fk FOREIGN KEY (id) REFERENCES public.elements(id) ON DELETE CASCADE;


--
-- Name: entries entries_parentId_fk; Type: FK CONSTRAINT; Schema: public; Owner: -
--

ALTER TABLE ONLY public.entries
    ADD CONSTRAINT "entries_parentId_fk" FOREIGN KEY ("parentId") REFERENCES public.entries(id) ON DELETE SET NULL;


--
-- Name: entries entries_sectionId_fk; Type: FK CONSTRAINT; Schema: public; Owner: -
--

ALTER TABLE ONLY public.entries
    ADD CONSTRAINT "entries_sectionId_fk" FOREIGN KEY ("sectionId") REFERENCES public.sections(id) ON DELETE CASCADE;


--
-- Name: entries entries_typeId_fk; Type: FK CONSTRAINT; Schema: public; Owner: -
--

ALTER TABLE ONLY public.entries
    ADD CONSTRAINT "entries_typeId_fk" FOREIGN KEY ("typeId") REFERENCES public.entrytypes(id) ON DELETE CASCADE;


--
-- Name: entrytypes entrytypes_fieldLayoutId_fk; Type: FK CONSTRAINT; Schema: public; Owner: -
--

ALTER TABLE ONLY public.entrytypes
    ADD CONSTRAINT "entrytypes_fieldLayoutId_fk" FOREIGN KEY ("fieldLayoutId") REFERENCES public.fieldlayouts(id) ON DELETE SET NULL;


--
-- Name: entrytypes entrytypes_sectionId_fk; Type: FK CONSTRAINT; Schema: public; Owner: -
--

ALTER TABLE ONLY public.entrytypes
    ADD CONSTRAINT "entrytypes_sectionId_fk" FOREIGN KEY ("sectionId") REFERENCES public.sections(id) ON DELETE CASCADE;


--
-- Name: fieldlayoutfields fieldlayoutfields_fieldId_fk; Type: FK CONSTRAINT; Schema: public; Owner: -
--

ALTER TABLE ONLY public.fieldlayoutfields
    ADD CONSTRAINT "fieldlayoutfields_fieldId_fk" FOREIGN KEY ("fieldId") REFERENCES public.fields(id) ON DELETE CASCADE;


--
-- Name: fieldlayoutfields fieldlayoutfields_layoutId_fk; Type: FK CONSTRAINT; Schema: public; Owner: -
--

ALTER TABLE ONLY public.fieldlayoutfields
    ADD CONSTRAINT "fieldlayoutfields_layoutId_fk" FOREIGN KEY ("layoutId") REFERENCES public.fieldlayouts(id) ON DELETE CASCADE;


--
-- Name: fieldlayoutfields fieldlayoutfields_tabId_fk; Type: FK CONSTRAINT; Schema: public; Owner: -
--

ALTER TABLE ONLY public.fieldlayoutfields
    ADD CONSTRAINT "fieldlayoutfields_tabId_fk" FOREIGN KEY ("tabId") REFERENCES public.fieldlayouttabs(id) ON DELETE CASCADE;


--
-- Name: fieldlayouttabs fieldlayouttabs_layoutId_fk; Type: FK CONSTRAINT; Schema: public; Owner: -
--

ALTER TABLE ONLY public.fieldlayouttabs
    ADD CONSTRAINT "fieldlayouttabs_layoutId_fk" FOREIGN KEY ("layoutId") REFERENCES public.fieldlayouts(id) ON DELETE CASCADE;


--
-- Name: fields fields_groupId_fk; Type: FK CONSTRAINT; Schema: public; Owner: -
--

ALTER TABLE ONLY public.fields
    ADD CONSTRAINT "fields_groupId_fk" FOREIGN KEY ("groupId") REFERENCES public.fieldgroups(id) ON DELETE CASCADE;


--
-- Name: globalsets globalsets_fieldLayoutId_fk; Type: FK CONSTRAINT; Schema: public; Owner: -
--

ALTER TABLE ONLY public.globalsets
    ADD CONSTRAINT "globalsets_fieldLayoutId_fk" FOREIGN KEY ("fieldLayoutId") REFERENCES public.fieldlayouts(id) ON DELETE SET NULL;


--
-- Name: globalsets globalsets_id_fk; Type: FK CONSTRAINT; Schema: public; Owner: -
--

ALTER TABLE ONLY public.globalsets
    ADD CONSTRAINT globalsets_id_fk FOREIGN KEY (id) REFERENCES public.elements(id) ON DELETE CASCADE;


--
-- Name: gqltokens gqltokens_schemaId_fk; Type: FK CONSTRAINT; Schema: public; Owner: -
--

ALTER TABLE ONLY public.gqltokens
    ADD CONSTRAINT "gqltokens_schemaId_fk" FOREIGN KEY ("schemaId") REFERENCES public.gqlschemas(id) ON DELETE SET NULL;


--
-- Name: matrixblocks matrixblocks_fieldId_fk; Type: FK CONSTRAINT; Schema: public; Owner: -
--

ALTER TABLE ONLY public.matrixblocks
    ADD CONSTRAINT "matrixblocks_fieldId_fk" FOREIGN KEY ("fieldId") REFERENCES public.fields(id) ON DELETE CASCADE;


--
-- Name: matrixblocks matrixblocks_id_fk; Type: FK CONSTRAINT; Schema: public; Owner: -
--

ALTER TABLE ONLY public.matrixblocks
    ADD CONSTRAINT matrixblocks_id_fk FOREIGN KEY (id) REFERENCES public.elements(id) ON DELETE CASCADE;


--
-- Name: matrixblocks matrixblocks_ownerId_fk; Type: FK CONSTRAINT; Schema: public; Owner: -
--

ALTER TABLE ONLY public.matrixblocks
    ADD CONSTRAINT "matrixblocks_ownerId_fk" FOREIGN KEY ("ownerId") REFERENCES public.elements(id) ON DELETE CASCADE;


--
-- Name: matrixblocks matrixblocks_typeId_fk; Type: FK CONSTRAINT; Schema: public; Owner: -
--

ALTER TABLE ONLY public.matrixblocks
    ADD CONSTRAINT "matrixblocks_typeId_fk" FOREIGN KEY ("typeId") REFERENCES public.matrixblocktypes(id) ON DELETE CASCADE;


--
-- Name: matrixblocktypes matrixblocktypes_fieldId_fk; Type: FK CONSTRAINT; Schema: public; Owner: -
--

ALTER TABLE ONLY public.matrixblocktypes
    ADD CONSTRAINT "matrixblocktypes_fieldId_fk" FOREIGN KEY ("fieldId") REFERENCES public.fields(id) ON DELETE CASCADE;


--
-- Name: matrixblocktypes matrixblocktypes_fieldLayoutId_fk; Type: FK CONSTRAINT; Schema: public; Owner: -
--

ALTER TABLE ONLY public.matrixblocktypes
    ADD CONSTRAINT "matrixblocktypes_fieldLayoutId_fk" FOREIGN KEY ("fieldLayoutId") REFERENCES public.fieldlayouts(id) ON DELETE SET NULL;


--
-- Name: relations relations_fieldId_fk; Type: FK CONSTRAINT; Schema: public; Owner: -
--

ALTER TABLE ONLY public.relations
    ADD CONSTRAINT "relations_fieldId_fk" FOREIGN KEY ("fieldId") REFERENCES public.fields(id) ON DELETE CASCADE;


--
-- Name: relations relations_sourceId_fk; Type: FK CONSTRAINT; Schema: public; Owner: -
--

ALTER TABLE ONLY public.relations
    ADD CONSTRAINT "relations_sourceId_fk" FOREIGN KEY ("sourceId") REFERENCES public.elements(id) ON DELETE CASCADE;


--
-- Name: relations relations_sourceSiteId_fk; Type: FK CONSTRAINT; Schema: public; Owner: -
--

ALTER TABLE ONLY public.relations
    ADD CONSTRAINT "relations_sourceSiteId_fk" FOREIGN KEY ("sourceSiteId") REFERENCES public.sites(id) ON UPDATE CASCADE ON DELETE CASCADE;


--
-- Name: relations relations_targetId_fk; Type: FK CONSTRAINT; Schema: public; Owner: -
--

ALTER TABLE ONLY public.relations
    ADD CONSTRAINT "relations_targetId_fk" FOREIGN KEY ("targetId") REFERENCES public.elements(id) ON DELETE CASCADE;


--
-- Name: revisions revisions_creatorId_fk; Type: FK CONSTRAINT; Schema: public; Owner: -
--

ALTER TABLE ONLY public.revisions
    ADD CONSTRAINT "revisions_creatorId_fk" FOREIGN KEY ("creatorId") REFERENCES public.users(id) ON DELETE SET NULL;


--
-- Name: revisions revisions_sourceId_fk; Type: FK CONSTRAINT; Schema: public; Owner: -
--

ALTER TABLE ONLY public.revisions
    ADD CONSTRAINT "revisions_sourceId_fk" FOREIGN KEY ("sourceId") REFERENCES public.elements(id) ON DELETE CASCADE;


--
-- Name: sections_sites sections_sites_sectionId_fk; Type: FK CONSTRAINT; Schema: public; Owner: -
--

ALTER TABLE ONLY public.sections_sites
    ADD CONSTRAINT "sections_sites_sectionId_fk" FOREIGN KEY ("sectionId") REFERENCES public.sections(id) ON DELETE CASCADE;


--
-- Name: sections_sites sections_sites_siteId_fk; Type: FK CONSTRAINT; Schema: public; Owner: -
--

ALTER TABLE ONLY public.sections_sites
    ADD CONSTRAINT "sections_sites_siteId_fk" FOREIGN KEY ("siteId") REFERENCES public.sites(id) ON UPDATE CASCADE ON DELETE CASCADE;


--
-- Name: sections sections_structureId_fk; Type: FK CONSTRAINT; Schema: public; Owner: -
--

ALTER TABLE ONLY public.sections
    ADD CONSTRAINT "sections_structureId_fk" FOREIGN KEY ("structureId") REFERENCES public.structures(id) ON DELETE SET NULL;


--
-- Name: sessions sessions_userId_fk; Type: FK CONSTRAINT; Schema: public; Owner: -
--

ALTER TABLE ONLY public.sessions
    ADD CONSTRAINT "sessions_userId_fk" FOREIGN KEY ("userId") REFERENCES public.users(id) ON DELETE CASCADE;


--
-- Name: shunnedmessages shunnedmessages_userId_fk; Type: FK CONSTRAINT; Schema: public; Owner: -
--

ALTER TABLE ONLY public.shunnedmessages
    ADD CONSTRAINT "shunnedmessages_userId_fk" FOREIGN KEY ("userId") REFERENCES public.users(id) ON DELETE CASCADE;


--
-- Name: sites sites_groupId_fk; Type: FK CONSTRAINT; Schema: public; Owner: -
--

ALTER TABLE ONLY public.sites
    ADD CONSTRAINT "sites_groupId_fk" FOREIGN KEY ("groupId") REFERENCES public.sitegroups(id) ON DELETE CASCADE;


--
-- Name: structureelements structureelements_elementId_fk; Type: FK CONSTRAINT; Schema: public; Owner: -
--

ALTER TABLE ONLY public.structureelements
    ADD CONSTRAINT "structureelements_elementId_fk" FOREIGN KEY ("elementId") REFERENCES public.elements(id) ON DELETE CASCADE;


--
-- Name: structureelements structureelements_structureId_fk; Type: FK CONSTRAINT; Schema: public; Owner: -
--

ALTER TABLE ONLY public.structureelements
    ADD CONSTRAINT "structureelements_structureId_fk" FOREIGN KEY ("structureId") REFERENCES public.structures(id) ON DELETE CASCADE;


--
-- Name: taggroups taggroups_fieldLayoutId_fk; Type: FK CONSTRAINT; Schema: public; Owner: -
--

ALTER TABLE ONLY public.taggroups
    ADD CONSTRAINT "taggroups_fieldLayoutId_fk" FOREIGN KEY ("fieldLayoutId") REFERENCES public.fieldlayouts(id) ON DELETE SET NULL;


--
-- Name: tags tags_groupId_fk; Type: FK CONSTRAINT; Schema: public; Owner: -
--

ALTER TABLE ONLY public.tags
    ADD CONSTRAINT "tags_groupId_fk" FOREIGN KEY ("groupId") REFERENCES public.taggroups(id) ON DELETE CASCADE;


--
-- Name: tags tags_id_fk; Type: FK CONSTRAINT; Schema: public; Owner: -
--

ALTER TABLE ONLY public.tags
    ADD CONSTRAINT tags_id_fk FOREIGN KEY (id) REFERENCES public.elements(id) ON DELETE CASCADE;


--
-- Name: templatecacheelements templatecacheelements_cacheId_fk; Type: FK CONSTRAINT; Schema: public; Owner: -
--

ALTER TABLE ONLY public.templatecacheelements
    ADD CONSTRAINT "templatecacheelements_cacheId_fk" FOREIGN KEY ("cacheId") REFERENCES public.templatecaches(id) ON DELETE CASCADE;


--
-- Name: templatecacheelements templatecacheelements_elementId_fk; Type: FK CONSTRAINT; Schema: public; Owner: -
--

ALTER TABLE ONLY public.templatecacheelements
    ADD CONSTRAINT "templatecacheelements_elementId_fk" FOREIGN KEY ("elementId") REFERENCES public.elements(id) ON DELETE CASCADE;


--
-- Name: templatecachequeries templatecachequeries_cacheId_fk; Type: FK CONSTRAINT; Schema: public; Owner: -
--

ALTER TABLE ONLY public.templatecachequeries
    ADD CONSTRAINT "templatecachequeries_cacheId_fk" FOREIGN KEY ("cacheId") REFERENCES public.templatecaches(id) ON DELETE CASCADE;


--
-- Name: templatecaches templatecaches_siteId_fk; Type: FK CONSTRAINT; Schema: public; Owner: -
--

ALTER TABLE ONLY public.templatecaches
    ADD CONSTRAINT "templatecaches_siteId_fk" FOREIGN KEY ("siteId") REFERENCES public.sites(id) ON UPDATE CASCADE ON DELETE CASCADE;


--
-- Name: usergroups_users usergroups_users_groupId_fk; Type: FK CONSTRAINT; Schema: public; Owner: -
--

ALTER TABLE ONLY public.usergroups_users
    ADD CONSTRAINT "usergroups_users_groupId_fk" FOREIGN KEY ("groupId") REFERENCES public.usergroups(id) ON DELETE CASCADE;


--
-- Name: usergroups_users usergroups_users_userId_fk; Type: FK CONSTRAINT; Schema: public; Owner: -
--

ALTER TABLE ONLY public.usergroups_users
    ADD CONSTRAINT "usergroups_users_userId_fk" FOREIGN KEY ("userId") REFERENCES public.users(id) ON DELETE CASCADE;


--
-- Name: userpermissions_usergroups userpermissions_usergroups_groupId_fk; Type: FK CONSTRAINT; Schema: public; Owner: -
--

ALTER TABLE ONLY public.userpermissions_usergroups
    ADD CONSTRAINT "userpermissions_usergroups_groupId_fk" FOREIGN KEY ("groupId") REFERENCES public.usergroups(id) ON DELETE CASCADE;


--
-- Name: userpermissions_usergroups userpermissions_usergroups_permissionId_fk; Type: FK CONSTRAINT; Schema: public; Owner: -
--

ALTER TABLE ONLY public.userpermissions_usergroups
    ADD CONSTRAINT "userpermissions_usergroups_permissionId_fk" FOREIGN KEY ("permissionId") REFERENCES public.userpermissions(id) ON DELETE CASCADE;


--
-- Name: userpermissions_users userpermissions_users_permissionId_fk; Type: FK CONSTRAINT; Schema: public; Owner: -
--

ALTER TABLE ONLY public.userpermissions_users
    ADD CONSTRAINT "userpermissions_users_permissionId_fk" FOREIGN KEY ("permissionId") REFERENCES public.userpermissions(id) ON DELETE CASCADE;


--
-- Name: userpermissions_users userpermissions_users_userId_fk; Type: FK CONSTRAINT; Schema: public; Owner: -
--

ALTER TABLE ONLY public.userpermissions_users
    ADD CONSTRAINT "userpermissions_users_userId_fk" FOREIGN KEY ("userId") REFERENCES public.users(id) ON DELETE CASCADE;


--
-- Name: userpreferences userpreferences_userId_fk; Type: FK CONSTRAINT; Schema: public; Owner: -
--

ALTER TABLE ONLY public.userpreferences
    ADD CONSTRAINT "userpreferences_userId_fk" FOREIGN KEY ("userId") REFERENCES public.users(id) ON DELETE CASCADE;


--
-- Name: users users_id_fk; Type: FK CONSTRAINT; Schema: public; Owner: -
--

ALTER TABLE ONLY public.users
    ADD CONSTRAINT users_id_fk FOREIGN KEY (id) REFERENCES public.elements(id) ON DELETE CASCADE;


--
-- Name: users users_photoId_fk; Type: FK CONSTRAINT; Schema: public; Owner: -
--

ALTER TABLE ONLY public.users
    ADD CONSTRAINT "users_photoId_fk" FOREIGN KEY ("photoId") REFERENCES public.assets(id) ON DELETE SET NULL;


--
-- Name: volumefolders volumefolders_parentId_fk; Type: FK CONSTRAINT; Schema: public; Owner: -
--

ALTER TABLE ONLY public.volumefolders
    ADD CONSTRAINT "volumefolders_parentId_fk" FOREIGN KEY ("parentId") REFERENCES public.volumefolders(id) ON DELETE CASCADE;


--
-- Name: volumefolders volumefolders_volumeId_fk; Type: FK CONSTRAINT; Schema: public; Owner: -
--

ALTER TABLE ONLY public.volumefolders
    ADD CONSTRAINT "volumefolders_volumeId_fk" FOREIGN KEY ("volumeId") REFERENCES public.volumes(id) ON DELETE CASCADE;


--
-- Name: volumes volumes_fieldLayoutId_fk; Type: FK CONSTRAINT; Schema: public; Owner: -
--

ALTER TABLE ONLY public.volumes
    ADD CONSTRAINT "volumes_fieldLayoutId_fk" FOREIGN KEY ("fieldLayoutId") REFERENCES public.fieldlayouts(id) ON DELETE SET NULL;


--
-- Name: widgets widgets_userId_fk; Type: FK CONSTRAINT; Schema: public; Owner: -
--

ALTER TABLE ONLY public.widgets
    ADD CONSTRAINT "widgets_userId_fk" FOREIGN KEY ("userId") REFERENCES public.users(id) ON DELETE CASCADE;


--
-- PostgreSQL database dump complete
--

